/*
SQLyog Ultimate v9.02 
MySQL - 5.5.27-log : Database - 1307_db_ideaconnect
*********************************************************************
*/

/*!40101 SET NAMES utf8 */;

/*!40101 SET SQL_MODE=''*/;

/*!40014 SET @OLD_UNIQUE_CHECKS=@@UNIQUE_CHECKS, UNIQUE_CHECKS=0 */;
/*!40014 SET @OLD_FOREIGN_KEY_CHECKS=@@FOREIGN_KEY_CHECKS, FOREIGN_KEY_CHECKS=0 */;
/*!40101 SET @OLD_SQL_MODE=@@SQL_MODE, SQL_MODE='NO_AUTO_VALUE_ON_ZERO' */;
/*!40111 SET @OLD_SQL_NOTES=@@SQL_NOTES, SQL_NOTES=0 */;
CREATE DATABASE /*!32312 IF NOT EXISTS*/`1307_db_ideaconnect` /*!40100 DEFAULT CHARACTER SET utf8 */;

USE `1307_db_ideaconnect`;

/*Table structure for table `checkval` */

DROP TABLE IF EXISTS `checkval`;

CREATE TABLE `checkval` (
  `id` int(10) unsigned NOT NULL AUTO_INCREMENT,
  `check` varchar(255) DEFAULT NULL,
  PRIMARY KEY (`id`)
) ENGINE=InnoDB AUTO_INCREMENT=17 DEFAULT CHARSET=utf8;

/*Data for the table `checkval` */

insert  into `checkval`(`id`,`check`) values (12,'3'),(13,'3'),(15,'3'),(16,'e');

/*Table structure for table `ic_badge` */

DROP TABLE IF EXISTS `ic_badge`;

CREATE TABLE `ic_badge` (
  `id` tinyint(3) unsigned NOT NULL AUTO_INCREMENT,
  `badge` varchar(50) NOT NULL,
  PRIMARY KEY (`id`)
) ENGINE=InnoDB AUTO_INCREMENT=4 DEFAULT CHARSET=utf8 ROW_FORMAT=COMPACT;

/*Data for the table `ic_badge` */

insert  into `ic_badge`(`id`,`badge`) values (1,'Superstar'),(2,'Crunked'),(3,'Bender');

/*Table structure for table `ic_badge_some` */

DROP TABLE IF EXISTS `ic_badge_some`;

CREATE TABLE `ic_badge_some` (
  `id` int(10) unsigned NOT NULL AUTO_INCREMENT,
  `badge_id` tinyint(3) unsigned NOT NULL,
  `user_id` int(10) unsigned NOT NULL,
  PRIMARY KEY (`id`),
  KEY `fk_user_id_badge_some` (`user_id`) USING BTREE,
  KEY `fk_badge_id_badge_some` (`badge_id`) USING BTREE,
  CONSTRAINT `fk_badge_id_badge_some` FOREIGN KEY (`badge_id`) REFERENCES `ic_badge` (`id`) ON DELETE CASCADE ON UPDATE CASCADE,
  CONSTRAINT `fk_user_id_badge_some` FOREIGN KEY (`user_id`) REFERENCES `swt_users` (`id`) ON DELETE CASCADE ON UPDATE CASCADE
) ENGINE=InnoDB AUTO_INCREMENT=4 DEFAULT CHARSET=utf8 ROW_FORMAT=COMPACT;

/*Data for the table `ic_badge_some` */

insert  into `ic_badge_some`(`id`,`badge_id`,`user_id`) values (1,1,7),(2,2,8),(3,3,10);

/*Table structure for table `ic_bank` */

DROP TABLE IF EXISTS `ic_bank`;

CREATE TABLE `ic_bank` (
  `id` tinyint(3) unsigned NOT NULL AUTO_INCREMENT,
  `bank_name` varchar(50) NOT NULL,
  PRIMARY KEY (`id`)
) ENGINE=InnoDB AUTO_INCREMENT=23 DEFAULT CHARSET=latin1 ROW_FORMAT=COMPACT;

/*Data for the table `ic_bank` */

insert  into `ic_bank`(`id`,`bank_name`) values (2,'Bank Mandiri'),(3,'BCA'),(4,'Bank CIMB Niaga'),(5,'Bank Danamon'),(6,'Bank Mega'),(8,'Bank Mayapada'),(9,'Panin Bank'),(10,'Bank Permata'),(11,'Bank UOB'),(12,'Bank Bukopin'),(13,'BNI Syariah'),(14,'BNI 1946'),(15,'Bank Muamalat'),(16,'Bank Syariah Mandiri'),(17,'BCA Syariah'),(18,'BRI Syariah'),(19,'Bank Syariah Mandiri'),(22,'bank milik demit');

/*Table structure for table `ic_comment` */

DROP TABLE IF EXISTS `ic_comment`;

CREATE TABLE `ic_comment` (
  `id` int(11) unsigned NOT NULL AUTO_INCREMENT,
  `project_id` int(11) unsigned DEFAULT NULL,
  `progress_id` int(11) unsigned DEFAULT NULL,
  `content_id` int(11) unsigned DEFAULT NULL,
  `parent_id` int(11) unsigned DEFAULT NULL,
  `full_name` varchar(50) NOT NULL,
  `email` varchar(150) NOT NULL,
  `website` varchar(200) NOT NULL,
  `comment` mediumtext NOT NULL,
  `date_create` datetime NOT NULL,
  `date_update` timestamp NOT NULL DEFAULT CURRENT_TIMESTAMP ON UPDATE CURRENT_TIMESTAMP,
  `readed` enum('0','1') NOT NULL,
  `published` enum('0','1') NOT NULL,
  `comment_type` tinyint(1) NOT NULL DEFAULT '1',
  PRIMARY KEY (`id`),
  KEY `fk_progress_id` (`progress_id`),
  KEY `fk_parent_id_comment_project` (`parent_id`),
  KEY `fk_project_id_comment_project` (`project_id`),
  KEY `fk_content_id_comment_project` (`content_id`),
  CONSTRAINT `fk_content_id_comment_project` FOREIGN KEY (`content_id`) REFERENCES `swt_content` (`id`) ON DELETE CASCADE ON UPDATE CASCADE,
  CONSTRAINT `fk_parent_id_comment_project` FOREIGN KEY (`parent_id`) REFERENCES `ic_comment` (`id`) ON DELETE CASCADE ON UPDATE CASCADE,
  CONSTRAINT `fk_progress_id` FOREIGN KEY (`progress_id`) REFERENCES `ic_progress_info` (`id`) ON DELETE CASCADE ON UPDATE CASCADE,
  CONSTRAINT `fk_project_id_comment_project` FOREIGN KEY (`project_id`) REFERENCES `ic_project` (`id`) ON DELETE CASCADE ON UPDATE CASCADE
) ENGINE=InnoDB AUTO_INCREMENT=5 DEFAULT CHARSET=utf8;

/*Data for the table `ic_comment` */

insert  into `ic_comment`(`id`,`project_id`,`progress_id`,`content_id`,`parent_id`,`full_name`,`email`,`website`,`comment`,`date_create`,`date_update`,`readed`,`published`,`comment_type`) values (1,35,1,5,NULL,'Agus','agus@gmail.con','a','Weh canggihhhh bgt hahahah','2013-08-21 13:49:10','2013-08-23 09:12:06','0','0',3),(2,35,2,5,NULL,'Ali Baba','ali@gmail.con','b','Yo opo kui, aneh2 wae','2013-08-21 13:49:40','2013-08-23 09:12:07','0','1',3),(3,35,1,5,1,'topu','wa@hhh.com','ttt','coboooo','2013-08-21 16:49:10','2013-08-23 09:12:08','0','1',3),(4,35,1,5,1,'Susilo','susilo@gmail.con','c','Ho o kui, jannnnnnnnnn kakean gawean','2013-08-21 13:51:50','2013-08-23 09:12:05','0','0',3);

/*Table structure for table `ic_comment_ori` */

DROP TABLE IF EXISTS `ic_comment_ori`;

CREATE TABLE `ic_comment_ori` (
  `id` int(10) unsigned NOT NULL AUTO_INCREMENT,
  `content` text NOT NULL,
  `parent_id` int(10) unsigned DEFAULT NULL,
  `project_id` int(10) unsigned NOT NULL,
  `commentator_name` varchar(80) NOT NULL COMMENT 'diisi username untuk registered user',
  `commentator_email` varchar(50) NOT NULL COMMENT 'di-hide di front',
  `created_time` datetime NOT NULL,
  `is_published` tinyint(3) unsigned NOT NULL DEFAULT '1',
  PRIMARY KEY (`id`),
  KEY `fk_parent_id_uc_comment` (`parent_id`) USING BTREE,
  KEY `fk_project_id_comment` (`project_id`) USING BTREE,
  CONSTRAINT `fk_parent_id_uc_comment` FOREIGN KEY (`parent_id`) REFERENCES `ic_comment_ori` (`id`) ON DELETE CASCADE ON UPDATE CASCADE
) ENGINE=InnoDB AUTO_INCREMENT=4 DEFAULT CHARSET=utf8 ROW_FORMAT=COMPACT;

/*Data for the table `ic_comment_ori` */

insert  into `ic_comment_ori`(`id`,`content`,`parent_id`,`project_id`,`commentator_name`,`commentator_email`,`created_time`,`is_published`) values (1,'test',NULL,35,'demit','demit@yahoo','0000-00-00 00:00:00',1),(2,'test2',1,35,'demit','demit@yahoo','0000-00-00 00:00:00',0),(3,'test3',2,35,'demit','demit@yahoo','0000-00-00 00:00:00',1);

/*Table structure for table `ic_edu_degree` */

DROP TABLE IF EXISTS `ic_edu_degree`;

CREATE TABLE `ic_edu_degree` (
  `id` tinyint(3) unsigned NOT NULL AUTO_INCREMENT,
  `degree` varchar(7) NOT NULL,
  PRIMARY KEY (`id`)
) ENGINE=InnoDB AUTO_INCREMENT=11 DEFAULT CHARSET=utf8 ROW_FORMAT=COMPACT;

/*Data for the table `ic_edu_degree` */

insert  into `ic_edu_degree`(`id`,`degree`) values (1,'SD/MI'),(2,'SMP/MTs'),(3,'SMA/MA'),(4,'D1'),(5,'D2'),(6,'D3'),(7,'D4'),(8,'S1'),(9,'S2'),(10,'S3');

/*Table structure for table `ic_edu_major` */

DROP TABLE IF EXISTS `ic_edu_major`;

CREATE TABLE `ic_edu_major` (
  `id` smallint(5) unsigned NOT NULL AUTO_INCREMENT,
  `published` tinyint(1) unsigned NOT NULL DEFAULT '0',
  `edu_own_faculty_id` tinyint(2) unsigned DEFAULT '1',
  `name` varchar(150) NOT NULL,
  `own_name` varchar(150) NOT NULL DEFAULT '' COMMENT 'name for own university, depend to faculty id',
  PRIMARY KEY (`id`),
  KEY `FK_ccn_edu_major` (`edu_own_faculty_id`) USING BTREE,
  CONSTRAINT `FK_ccn_edu_major` FOREIGN KEY (`edu_own_faculty_id`) REFERENCES `ic_edu_own_faculty` (`id`) ON DELETE SET NULL ON UPDATE CASCADE
) ENGINE=InnoDB AUTO_INCREMENT=234 DEFAULT CHARSET=utf8 ROW_FORMAT=COMPACT;

/*Data for the table `ic_edu_major` */

insert  into `ic_edu_major`(`id`,`published`,`edu_own_faculty_id`,`name`,`own_name`) values (1,1,1,'Semua Jurusan','-'),(2,1,1,'Administrasi Bisnis (Keuangan)','-'),(3,1,1,'Administrasi Bisnis (Manajemen)','-'),(4,1,1,'Ahli Gizi','-'),(5,1,1,'Akuntansia','-'),(8,1,1,'Bahasa China','-'),(9,1,1,'Bahasa German','-'),(10,1,1,'Bahasa Inggris','-'),(11,1,1,'Bahasa Jepang','-'),(12,1,1,'Bahasa Perancis','-'),(13,0,1,'Biokimia','-'),(14,0,1,'Ekonomi','-'),(15,0,1,'Farmasi','-'),(16,0,20,'Fisika','Fisika'),(17,0,1,'Geografi','-'),(18,0,1,'Hukum','-'),(19,0,1,'Ilmu Agama','-'),(20,0,2,'Ilmu Biologi','Biologi'),(21,0,5,'Ilmu Filsafat','Filsafat'),(22,0,1,'Ilmu Fisika','-'),(23,0,1,'Ilmu Kelautan','-'),(24,0,1,'Ilmu Kemiliteran','-'),(25,0,1,'Ilmu Kimia','-'),(26,0,1,'Ilmu Komputer','-'),(27,0,1,'Ilmu Komunikasi','-'),(28,0,1,'Ilmu Perpustakaan','-'),(29,0,1,'Ilmu Sosial dan Politik','-'),(30,0,1,'Kedokteran Gigi','-'),(31,0,1,'Kedokteran Hewan','-'),(32,0,1,'Kedokteran Umum','-'),(33,0,1,'Kehutanan','-'),(34,0,1,'Kesehatan Masyarakat','-'),(35,0,1,'Kimia','-'),(36,0,1,'Manajemen','-'),(37,0,1,'Matematika','-'),(38,0,1,'Pariwisata','-'),(39,0,1,'Perawat','-'),(40,0,1,'Perhotelan','-'),(41,0,1,'Pertanian','-'),(42,0,1,'Pertanahan','-'),(43,0,1,'Peternakan','-'),(44,0,1,'Psikologi','-'),(45,0,1,'Riset Operasi','-'),(46,0,1,'Sastra','-'),(47,0,1,'Sekretaris','-'),(48,0,1,'Seni Drama','-'),(49,0,1,'Seni dan Desain','-'),(50,0,1,'Studi Pembangunan','-'),(51,0,1,'Teknik Biomedis','-'),(52,0,1,'Teknik Elektro','-'),(53,0,1,'Teknik Fisika','-'),(54,0,1,'Teknik Geodesi','-'),(55,0,1,'Teknik Geologi','-'),(56,0,1,'Teknik Industri','-'),(57,0,1,'Teknik Informatika','-'),(58,0,1,'Teknik Manajemen Informatika','-'),(59,0,1,'Teknik Kimia','-'),(60,0,1,'Teknik Komputer','-'),(62,0,1,'Teknik Lingkungan','-'),(63,0,1,'Teknik Mesin','-'),(64,0,1,'Teknik Nuklir','-'),(65,0,1,'Teknik Penerbangan','-'),(66,0,1,'Teknik Perkapalan','-'),(67,0,1,'Teknik Perminyakan','-'),(68,0,1,'Teknik Pertambangan','-'),(69,0,1,'Teknik Planologi','-'),(70,0,1,'Teknik Sipil','-'),(71,0,1,'Teknik Telekomunikasi','-'),(72,0,1,'Teknik Transportasi','-'),(73,0,1,'Teknologi Pangan','-'),(74,0,1,'Statistika','-'),(75,0,1,'Zoologi','-'),(76,0,1,'Administrasi Bisnis','-'),(77,0,1,'Administrasi Bisnis Perkantoran','-'),(78,0,1,'Administrasi dan Kebijakan Publik','-'),(79,0,1,'Administrasi Hukum','-'),(80,0,1,'Administrasi Kepegawaian','-'),(81,0,1,'Administrasi Keuangan','-'),(82,0,1,'Administrasi Keuangan dan Perbankan','-'),(83,0,1,'Administrasi Manajemen Keuangan','-'),(84,0,1,'Administrasi Niaga','-'),(85,0,1,'Administrasi Niaga dan Kesekretariatan','-'),(86,0,1,'Administrasi Pembangunan','-'),(87,0,1,'Administrasi Perdagangan','-'),(88,0,1,'Administrasi Perkantoran','-'),(89,0,1,'Administrasi Perkantoran dan Sekertaris','-'),(90,0,1,'Administrasi Perpajakan','-'),(91,0,1,'Administrasi Perusahaan','-'),(92,0,1,'Administrasi Sekretari','-'),(93,0,1,'Akuntansi Keuangan','-'),(94,0,1,'Akuntansi Komputer','-'),(95,0,1,'Akuntansi Perpajakan','-'),(96,0,1,'Akuntansi Umum','-'),(97,0,1,'Analis Kimia','-'),(99,0,1,'Elektro Arus Lemah','-'),(100,0,1,'Bangunan Gedung','-'),(101,0,1,'Ekonomi Manajemen','-'),(102,0,1,'Ekonomi Pembangunan','-'),(103,0,1,'Elektromekanik','-'),(104,0,1,'Elektronika dan Instrumentasi','-'),(105,0,1,'Elektronika dan Telekomunikasi','-'),(107,0,1,'Fisika Instrumentasi','-'),(109,0,1,'Geodesi','-'),(110,0,1,'Ilmu Administrasi','-'),(111,0,1,'Ilmu Administrasi Bisnis','-'),(112,0,1,'Ilmu Administrasi Fiskal','-'),(113,0,1,'Ilmu Administrasi Niaga','-'),(114,0,1,'Ilmu Akuntansi','-'),(115,0,1,'Ilmu Ekonomi','-'),(116,0,1,'Ilmu Ekonomi dan Akuntansi','-'),(117,0,1,'Ilmu Ekonomi dan Studi Pembangunan','-'),(118,0,1,'Ilmu Ekonomi Pembangunan','-'),(119,0,1,'Ilmu Ekonomi Studi Pembangunan','-'),(120,0,1,'Ilmu Hubungan Masyarakat','-'),(121,0,1,'Ilmu Hukum','-'),(122,0,1,'Ilmu Kesekretariatan','-'),(123,0,1,'Ilmu Psikologi','-'),(124,0,1,'Informatika','-'),(125,0,1,'Informatika Industri','-'),(126,0,1,'Instrumentasi','-'),(127,0,1,'Instrumentasi dan Komputasi','-'),(128,0,1,'Instrumentasi dan Kontrol','-'),(129,0,1,'Kesekretariatan','-'),(130,0,1,'Kesekretariatan dan Administrasi Perkantoran','-'),(131,0,1,'Keuangan','-'),(132,0,1,'Keuangan dan Perbankan','-'),(133,0,1,'Keuangan dan Perbankan Syariah','-'),(134,0,1,'Keuangan Perbankan','-'),(135,0,1,'Kimia Analis','-'),(136,0,1,'Kimia Analisis','-'),(137,0,1,'Komputer Akuntansi','-'),(138,0,1,'Komputerisasi Akuntansi','-'),(139,0,1,'Komputerisasi Perkantoran dan Kesekretariatan','-'),(140,0,1,'Konstruksi Bangunan Gedung','-'),(141,0,1,'Konstruksi Bangunan Sipil','-'),(142,0,1,'Konstruksi Gedung','-'),(143,0,1,'Konstruksi Sipil','-'),(144,0,1,'Listrik Industri','-'),(145,0,1,'Manajemen Administrasi','-'),(146,0,1,'Manajemen Administrasi Perkantoran','-'),(147,0,1,'Manajemen Akuntansi','-'),(148,0,1,'Manajemen Bisnis','-'),(149,0,1,'Manajemen dan Perdagangan','-'),(150,0,1,'Manajemen dan Studi Pembangunan','-'),(151,0,1,'Manajemen Informatika','-'),(152,0,1,'Manajemen Informatika dan Komputer','-'),(153,0,1,'Manajemen Informatika dan Teknik Komputer','-'),(154,0,1,'Manajemen Keuangan','-'),(155,0,1,'Manajemen Keuangan dan Perbankan','-'),(156,0,1,'Manajemen Keuangan dan Perpajakan','-'),(157,0,1,'Manajemen Komputer','-'),(158,0,1,'Manajemen Pemasaran','-'),(159,0,1,'Manajemen Perdagangan','-'),(160,0,1,'Manajemen Perkantoran','-'),(161,0,1,'Manajemen Perpajakan','-'),(162,0,1,'Manajemen Personalia','-'),(163,0,1,'Manajemen Personalia dan Penyuluhan','-'),(164,0,1,'Manajemen Perusahaan','-'),(165,0,1,'Manajemen Sistem Informasi','-'),(166,0,1,'Manajemen Sumber Daya Manusia','-'),(167,0,1,'Manajemen Umum','-'),(169,0,1,'Pemasaran','-'),(170,0,1,'Pengembangan Sumber Daya Manusia','-'),(171,0,1,'Perawatan Mekanik','-'),(172,0,1,'Perpajakan','-'),(173,0,1,'Psikologi Industri dan Organisasi','-'),(174,0,1,'Sekretari','-'),(175,0,1,'Sekretari Bisnis','-'),(176,0,1,'Sistem Informasi','-'),(177,0,1,'Sistem Informasi Akuntansi','-'),(178,0,1,'Sistem Komputer','-'),(179,0,1,'Teknik Bangunan','-'),(180,0,1,'Teknik Bangunan Gedung','-'),(181,0,1,'Teknik dan Manajemen Industri','-'),(184,0,1,'Teknik Elektro Kontrol','-'),(186,0,1,'Teknik Elektronika','-'),(188,0,1,'Teknik Elektronika Industri','-'),(189,0,1,'Teknik Energi','-'),(190,0,1,'Teknik Energi Listrik','-'),(191,0,1,'Teknik Informatika dan Komputer','-'),(193,0,1,'Teknik Instrumentasi','-'),(194,0,1,'Teknik Komputer dan Jaringan','-'),(195,0,1,'Teknik Komputer Kontrol','-'),(196,0,1,'Teknik Kontrol Kelistrikan','-'),(197,0,1,'Teknik Konversi Energi','-'),(198,0,1,'Teknik Listrik','-'),(199,0,1,'Teknik Listrik Industri','-'),(201,0,1,'Teknik Mekatronika','-'),(202,0,1,'Teknik Mesin Industri','-'),(203,0,1,'Teknik Pengaturan','-'),(204,0,1,'Teknik Perawatan Mesin','-'),(205,0,1,'Teknik Sipil dan Bangunan','-'),(206,0,1,'Teknik Sistem Komputer','-'),(207,0,1,'Teknik Sistem Tenaga','-'),(208,0,1,'Teknik Tenaga Listrik','-'),(209,0,1,'Teknologi Informasi','-'),(210,0,1,'Teknologi Informatika','-'),(211,0,1,'Teknologi Sistem Informasi','-'),(212,0,1,'Bioteknologi','-'),(213,0,1,'Astronomi','-'),(214,0,1,'Arsitektur','-'),(215,0,1,'Agronomi','-'),(216,0,1,'Akuntansi','-'),(217,0,1,'Antropologi','-'),(218,0,1,'Desain Grafis','-'),(219,0,1,'Ilmu Komunikasi','-'),(220,0,1,'Teknik Pertanian','-'),(221,0,1,'Teknik Otomotif','-'),(222,0,1,'Teknik Permesinan Kapal','-'),(223,0,1,'Pendidikan Teknik Elektro ','-'),(224,0,1,'Apoteker','-'),(225,0,1,'Audit','-'),(227,0,1,'Teknik Sistem Perkapalan','-'),(228,0,1,'Teknik Kelistrikan Kapal','-'),(229,0,1,'Teknik Metalurgi','-'),(230,0,1,'Elektro Arus Kuat','-'),(233,0,1,'Teknik Kelautan','-');

/*Table structure for table `ic_edu_own_faculty` */

DROP TABLE IF EXISTS `ic_edu_own_faculty`;

CREATE TABLE `ic_edu_own_faculty` (
  `id` tinyint(2) unsigned NOT NULL AUTO_INCREMENT COMMENT 'id 1 is non own faculty',
  `faculty` varchar(60) NOT NULL,
  PRIMARY KEY (`id`)
) ENGINE=InnoDB AUTO_INCREMENT=26 DEFAULT CHARSET=utf8 ROW_FORMAT=COMPACT;

/*Data for the table `ic_edu_own_faculty` */

insert  into `ic_edu_own_faculty`(`id`,`faculty`) values (1,'Non UGM Faculty'),(2,'Biologi'),(3,'Ekonomi dan Bisnis'),(4,'Farmasi'),(5,'Filsafat'),(6,'Geografi'),(7,'Hukum'),(8,'Ilmu Budaya'),(9,'Isipol'),(10,'Kedokteran'),(11,'Kedokteran Gigi'),(12,'Kedokteran Hewan'),(13,'Kehutanan'),(14,'Pertanian'),(15,'Peternakan'),(16,'Psikologi'),(18,'Teknologi Pertanian'),(20,'MIPA'),(25,'Teknik');

/*Table structure for table `ic_edu_university` */

DROP TABLE IF EXISTS `ic_edu_university`;

CREATE TABLE `ic_edu_university` (
  `id` int(10) unsigned NOT NULL AUTO_INCREMENT,
  `name` varchar(45) NOT NULL,
  `published` tinyint(1) unsigned NOT NULL DEFAULT '0',
  PRIMARY KEY (`id`),
  UNIQUE KEY `id_UNIQUE` (`id`) USING BTREE
) ENGINE=InnoDB AUTO_INCREMENT=3014 DEFAULT CHARSET=utf8 ROW_FORMAT=COMPACT;

/*Data for the table `ic_edu_university` */

insert  into `ic_edu_university`(`id`,`name`,`published`) values (1,'',1),(2,'AKADEMI AGROBISNIS BUMI SEBALO',0),(3,'AKADEMI AKUNTANSI ARTAWIYATA INDO-LPI',1),(4,'AKADEMI AKUNTANSI BANDUNG',1),(5,'AKADEMI AKUNTANSI BENTARA INDONESIA',1),(6,'AKADEMI AKUNTANSI BHAKTI',1),(7,'AKADEMI AKUNTANSI BINA INSANI',1),(8,'AKADEMI AKUNTANSI BOROBUDUR',1),(9,'AKADEMI AKUNTANSI BUKITTINGGI',1),(10,'AKADEMI AKUNTANSI DAN MANAJEMEN MITRA LAMPUNG',1),(11,'AKADEMI AKUNTANSI DAN MANAJEMEN PEMBANGUNAN',1),(12,'AKADEMI AKUNTANSI DENPASAR',1),(13,'AKADEMI AKUNTANSI DIAN KARTIKA',1),(14,'AKADEMI AKUNTANSI EDITA SANGATTA',1),(15,'AKADEMI AKUNTANSI EFFENDI HARAHAP',1),(16,'AKADEMI AKUNTANSI ERA 2020',1),(17,'AKADEMI AKUNTANSI INDONESIA PADANG',1),(18,'AKADEMI AKUNTANSI JAYABAYA',1),(19,'AKADEMI AKUNTANSI KEUANGAN DAN PERBANKAN INDO',1),(20,'AKADEMI AKUNTANSI LAMPUNG',1),(21,'AKADEMI AKUNTANSI MAHAPUTRA RIAU',1),(22,'AKADEMI AKUNTANSI MUHAMMADIYAH KLATEN',1),(23,'AKADEMI AKUNTANSI NASIONAL JAKARTA',1),(24,'AKADEMI AKUNTANSI PERDANA MANDIRI',1),(25,'AKADEMI AKUNTANSI PERMATA HARAPAN BATAM',1),(26,'AKADEMI AKUNTANSI PGRI JEMBER',1),(27,'AKADEMI AKUNTANSI PROFESIONAL INDONESIA',1),(28,'AKADEMI AKUNTANSI RIAU PEKANBARU',1),(29,'AKADEMI AKUNTANSI SAPTA WIDYA TAMA',1),(30,'AKADEMI AKUNTANSI SJAKHYAKIRTI',1),(31,'AKADEMI AKUNTANSI SURAKARTA',1),(32,'AKADEMI AKUNTANSI SYAFA\'AT INDONESIA',1),(33,'AKADEMI AKUNTANSI TRINITAS SORONG',1),(34,'AKADEMI AKUNTANSI UNGGULAN SMB PALEMBANG',1),(35,'AKADEMI AKUNTANSI YAI JAKARTA',1),(36,'AKADEMI AKUNTANSI YKPN',1),(37,'AKADEMI AKUNTANSI YPK MEDAN',1),(38,'AKADEMI AKUPUNKTUR SURABAYA',1),(39,'AKADEMI ANALIS FARMASI & MAKANAN PUTERA INDON',1),(40,'AKADEMI ANALIS FARMASI AL-ISLAM',1),(41,'AKADEMI ANALIS FARMASI DAN MAKANAN BANDA ACEH',1),(42,'AKADEMI ANALIS FARMASI DAN MAKANAN SUNAN GIRI',1),(43,'AKADEMI ANALIS KESEHATAN 17 AGUSTUS 1945 SEMA',1),(44,'AKADEMI ANALIS KESEHATAN BAKTI ASIH',1),(45,'AKADEMI ANALIS KESEHATAN HARAPAN BANGSA',1),(46,'AKADEMI ANALIS KESEHATAN KENDARI',1),(47,'AKADEMI ANALIS KESEHATAN MALANG',1),(48,'AKADEMI ANALIS KESEHATAN MANGGALA YOGYAKARTA',1),(49,'AKADEMI ANALIS KESEHATAN MUHAMMADIYAH MAKASSA',1),(50,'AKADEMI ANALIS KESEHATAN NASIONAL SURAKARTA',1),(51,'AKADEMI ANALIS KESEHATAN PEKALONGAN',1),(52,'AKADEMI ANALIS KESEHATAN PEKANBARU',1),(53,'AKADEMI ANALIS KESEHATAN PUTRA JAYA BATAM',1),(54,'AKADEMI ANALIS KESEHATAN UNMUH SURABAYA',1),(55,'AKADEMI ANALIS KESEHATAN WIDYA DHARMA',1),(56,'AKADEMI ANALIS KESEHATAN YPM SIDOARJO',1),(57,'AKADEMI ANALIS KIMIA YAPIKA MAKASSAR',1),(58,'AKADEMI ANALISIS KESEHATAN AN-NASHER',1),(59,'AKADEMI AUDIOLOGI INDONESIA JAKARTA',1),(60,'AKADEMI BAHASA 17 AGUSTUS 1945 SEMARANG',1),(61,'AKADEMI BAHASA ASING ALASKA PADANG',1),(62,'AKADEMI BAHASA ASING ATMAJAYA MAKASSAR',1),(63,'AKADEMI BAHASA ASING BALIKPAPAN',1),(64,'AKADEMI BAHASA ASING BARAKATI KENDARI',1),(65,'AKADEMI BAHASA ASING BHAKTI PERTIWI',1),(66,'AKADEMI BAHASA ASING BINA INSAN INDONESIA',1),(67,'AKADEMI BAHASA ASING BOROBUDUR',1),(68,'AKADEMI BAHASA ASING BSI JAKARTA',1),(69,'AKADEMI BAHASA ASING BUDHI TANGERANG',1),(70,'AKADEMI BAHASA ASING BUMI GORA MATARAM',1),(71,'AKADEMI BAHASA ASING COLORADO SAMARINDA',1),(72,'AKADEMI BAHASA ASING DIAN CIPTA CENDIKIA KOTA',1),(73,'AKADEMI BAHASA ASING DIAN CIPTA CENDIKIA LAMP',1),(74,'AKADEMI BAHASA ASING H AGUS SALIM BUKITTINGGI',1),(75,'AKADEMI BAHASA ASING HARAPAN BANGSA',1),(76,'AKADEMI BAHASA ASING IEC PUTRA BANGSA TEGAL',1),(77,'AKADEMI BAHASA ASING INTERNASIONAL BANDUNG',1),(78,'AKADEMI BAHASA ASING JAMBI',1),(79,'AKADEMI BAHASA ASING KUSUMA MANDIRI',1),(80,'AKADEMI BAHASA ASING NASIONAL JAKARTA',1),(81,'AKADEMI BAHASA ASING NETAIKEN WAMENA',1),(82,'AKADEMI BAHASA ASING NURDIN HAMZAH',1),(83,'AKADEMI BAHASA ASING PERMATA HARAPAN',1),(84,'AKADEMI BAHASA ASING PERSADA BUNDA',1),(85,'AKADEMI BAHASA ASING PONTIANAK',1),(86,'AKADEMI BAHASA ASING PRAWIRA MARTA JAKARTA',1),(87,'AKADEMI BAHASA ASING PRAWIRA MARTHA SUKOHARJO',1),(88,'AKADEMI BAHASA ASING RA KARTINI SURAKARTA',1),(89,'AKADEMI BAHASA ASING SAINT MARY',1),(90,'AKADEMI BAHASA ASING SANTA MARY ENDE',1),(91,'AKADEMI BAHASA ASING SANTA URSULA',1),(92,'AKADEMI BAHASA ASING SINEMA YOGYAKARTA',1),(93,'AKADEMI BAHASA ASING ST PIGNATELLI',1),(94,'AKADEMI BAHASA ASING TANJUNG PINANG',1),(95,'AKADEMI BAHASA ASING UMI MAKASSAR',1),(96,'AKADEMI BAHASA ASING WEBB',1),(97,'AKADEMI BAHASA ASING WIDYA DHARMA',1),(98,'AKADEMI BAHASA ASING YAPPINDO',1),(99,'AKADEMI BAHASA ASING YIPK YOGYAKARTA',1),(100,'AKADEMI BAHASA ASING YPKK TANGERANG',1),(101,'AKADEMI BANK YAPIS',1),(102,'AKADEMI BISNIS INTERNASIONAL SAMARINDA',1),(103,'AKADEMI FARMASI AL-ISHLAH CILEGON',1),(104,'AKADEMI FARMASI BHAKTI MULIA',1),(105,'AKADEMI FARMASI BHUMI HUSADA',1),(106,'AKADEMI FARMASI BINA HUSADA KENDARI',1),(107,'AKADEMI FARMASI DWI FRAMA',1),(108,'AKADEMI FARMASI HANG TUAH JAKARTA',1),(109,'AKADEMI FARMASI INDAH DELI SERDANG',1),(110,'AKADEMI FARMASI KEBANGSAAN MAKASSAR',1),(111,'AKADEMI FARMASI KUSUMA HUSADA PURWOKERTO',1),(112,'AKADEMI FARMASI MAHADHIKA',1),(113,'AKADEMI FARMASI MEDIKA NUSANTARA',1),(114,'AKADEMI FARMASI MUHAMMADIYAH CIREBON',1),(115,'AKADEMI FARMASI MUHAMMADIYAH KABUPATEN KUNING',1),(116,'AKADEMI FARMASI NASIONAL SURAKARTA',1),(117,'AKADEMI FARMASI PUTERA INDONESIA MALANG',1),(118,'AKADEMI FARMASI RANAH MINANG',1),(119,'AKADEMI FARMASI SAMARINDA',1),(120,'AKADEMI FARMASI SANDI KARSA',1),(121,'AKADEMI FARMASI THERESIANA SEMARANG',1),(122,'AKADEMI FARMASI YARSI PONTIANAK',1),(123,'AKADEMI FARMASI YAYASAN AL-FATAH',1),(124,'AKADEMI FISIOTERAPI HARAPAN BANGSA BANDA ACEH',1),(125,'AKADEMI FISIOTERAPI RUMAH SAKIT DUSTIRA',1),(126,'AKADEMI FISIOTERAPI YAB YOGYAKARTA',1),(127,'AKADEMI HIPERKES MAKASSAR',1),(128,'AKADEMI ILMU GIZI YPAG MAKASSAR',1),(129,'AKADEMI ILMU KOMPUTER TERNATE',1),(130,'AKADEMI ILMU KOMUNIKASI PADANG',1),(131,'AKADEMI INDUSTRI TEKSTIL BANDUNG',1),(132,'AKADEMI INFORMATIKA DAN KOMPUTER MEDICOM',1),(133,'AKADEMI KEBIDANAN ABDI HUSADA',1),(134,'AKADEMI KEBIDANAN ABDI PERSADA BANJARMASIN',1),(135,'AKADEMI KEBIDANAN ABDURAHMAN',1),(136,'AKADEMI KEBIDANAN ADHIRA MUSTIKA GAYO',1),(137,'AKADEMI KEBIDANAN ADILA',1),(138,'AKADEMI KEBIDANAN AGATHA',1),(139,'AKADEMI KEBIDANAN AIFA HUSADA',1),(140,'AKADEMI KEBIDANAN AISYIYAH BANDUNG',1),(141,'AKADEMI KEBIDANAN AISYIYAH PALEMBANG',1),(142,'AKADEMI KEBIDANAN AISYIYAH PONTIANAK',1),(143,'AKADEMI KEBIDANAN AISYIYAH SERANG',1),(144,'AKADEMI KEBIDANAN AL-FATHONAH',1),(145,'AKADEMI KEBIDANAN AL-IKHLAS CISARUA',1),(146,'AKADEMI KEBIDANAN AL-ISHLAH CILEGON',1),(147,'AKADEMI KEBIDANAN AL-SUA\'IBAH PALEMBANG',1),(148,'AKADEMI KEBIDANAN ALIFA PRINGSEWU LAMPUNG',1),(149,'AKADEMI KEBIDANAN ALIFAH PADANG',1),(150,'AKADEMI KEBIDANAN AMANAH MUARA BUNGO',1),(151,'AKADEMI KEBIDANAN AN-NUR HUSADA WALISONGO',1),(152,'AKADEMI KEBIDANAN AN-NUR PURWODADI',1),(153,'AKADEMI KEBIDANAN ANDI MAKKASAU',1),(154,'AKADEMI KEBIDANAN ANUGERAH BINTAN',1),(155,'AKADEMI KEBIDANAN ANUGRAH ABADI',1),(156,'AKADEMI KEBIDANAN AR-RAHMA BANGIL',1),(157,'AKADEMI KEBIDANAN AR-RAHMAH BANDUNG',1),(158,'AKADEMI KEBIDANAN AR-RUM SALATIGA',1),(159,'AKADEMI KEBIDANAN ARTA KABANJAHE',1),(160,'AKADEMI KEBIDANAN ARU',1),(161,'AKADEMI KEBIDANAN AS-SYIFA MEDAN',1),(162,'AKADEMI KEBIDANAN ASSYIFA TANGERANG',1),(163,'AKADEMI KEBIDANAN BAITURRAHIM JAMBI',1),(164,'AKADEMI KEBIDANAN BAKTI INANG PERSADA',1),(165,'AKADEMI KEBIDANAN BAKTI INDONESIA BALIKPAPAN',1),(166,'AKADEMI KEBIDANAN BAKTI INDONESIA BANYUWANGI',1),(167,'AKADEMI KEBIDANAN BAKTI INDONESIA BOGOR',1),(168,'AKADEMI KEBIDANAN BAKTI NUSANTARA RANTEPAO',1),(169,'AKADEMI KEBIDANAN BAKTI UTAMA PATI',1),(170,'AKADEMI KEBIDANAN BALI WISNU',1),(171,'AKADEMI KEBIDANAN BANGKA BELITUNG',1),(172,'AKADEMI KEBIDANAN BANJARBARU',1),(173,'AKADEMI KEBIDANAN BANUA BINA HUSADA',1),(174,'AKADEMI KEBIDANAN BARUNA HUSADA SIBUHUAN',1),(175,'AKADEMI KEBIDANAN BATARI TOJA',1),(176,'AKADEMI KEBIDANAN BERLIAN NUSANTARA',1),(177,'AKADEMI KEBIDANAN BETANG ASI RAYA',1),(178,'AKADEMI KEBIDANAN BHAKTI ASIH PURWAKARTA',1),(179,'AKADEMI KEBIDANAN BHAKTI BANGSA',1),(180,'AKADEMI KEBIDANAN BHAKTI HUSADA CIKARANG',1),(181,'AKADEMI KEBIDANAN BHAKTI HUSADA MULIA',1),(182,'AKADEMI KEBIDANAN BHAKTI KENCANA',1),(183,'AKADEMI KEBIDANAN BHAKTI MITRA HUSADA',1),(184,'AKADEMI KEBIDANAN BHAKTI MULIA',1),(185,'AKADEMI KEBIDANAN BHAKTI NUGRAHA',1),(186,'AKADEMI KEBIDANAN BHAKTI NUSANTARA SALATIGA',1),(187,'AKADEMI KEBIDANAN BHAKTI PERTIWI INDONESIA',1),(188,'AKADEMI KEBIDANAN BHAKTI PERTIWI PEMALANG',1),(189,'AKADEMI KEBIDANAN BHAKTI PURNA HUSADA',1),(190,'AKADEMI KEBIDANAN BHAKTI PUTRA BANGSA PURWORE',1),(191,'AKADEMI KEBIDANAN BHINNEKA JAKARTA SATU',1),(192,'AKADEMI KEBIDANAN BINA DAYA HUSADA',1),(193,'AKADEMI KEBIDANAN BINA HUSADA BEKASI',1),(194,'AKADEMI KEBIDANAN BINA HUSADA JEMBER',1),(195,'AKADEMI KEBIDANAN BINA HUSADA SERANG',1),(196,'AKADEMI KEBIDANAN BINA HUSADA TEBING TINGGI',1),(197,'AKADEMI KEBIDANAN BINA NUSANTARA MANDIRI',1),(198,'AKADEMI KEBIDANAN BINA SEHAT NUSANTARA',1),(199,'AKADEMI KEBIDANAN BINA SEJAHTERA',1),(200,'AKADEMI KEBIDANAN BOGOR HUSADA',1),(201,'AKADEMI KEBIDANAN BORNEO MEDISTRA',1),(202,'AKADEMI KEBIDANAN BUDI MULIA KOTABARU',1),(203,'AKADEMI KEBIDANAN BUDI MULIA MEDAN',1),(204,'AKADEMI KEBIDANAN BUDI MULIA PALEMBANG',1),(205,'AKADEMI KEBIDANAN BUNDA AUNI BOGOR',1),(206,'AKADEMI KEBIDANAN BUNDA KOTAMOBAGU',1),(207,'AKADEMI KEBIDANAN BUNDA SERUMPUN',1),(208,'AKADEMI KEBIDANAN BUNGA BANGSA IDI',1),(209,'AKADEMI KEBIDANAN BUNGA BANGSAKU BANGKA',1),(210,'AKADEMI KEBIDANAN BUNGA HUSADA',1),(211,'AKADEMI KEBIDANAN BUNGA KALIMANTAN',1),(212,'AKADEMI KEBIDANAN BUSTANUL ULUM LANGSA',1),(213,'AKADEMI KEBIDANAN CIANJUR',1),(214,'AKADEMI KEBIDANAN CIPTO MEDAN',1),(215,'AKADEMI KEBIDANAN CITAMA RAYA DEPOK',1),(216,'AKADEMI KEBIDANAN CITRA MEDIKA SURAKARTA',1),(217,'AKADEMI KEBIDANAN DARMAIS PADANGSIDIMPUAN',1),(218,'AKADEMI KEBIDANAN DARMO MEDAN',1),(219,'AKADEMI KEBIDANAN DARUL \'ULUM JOMBANG',1),(220,'AKADEMI KEBIDANAN DARUL HUSADA',1),(221,'AKADEMI KEBIDANAN DARUSSALAM',1),(222,'AKADEMI KEBIDANAN DAYANG SURI',1),(223,'AKADEMI KEBIDANAN DEHASEN BENGKULU',1),(224,'AKADEMI KEBIDANAN DELIMA DELI SERDANG',1),(225,'AKADEMI KEBIDANAN DELIMA PERSADA GRESIK',1),(226,'AKADEMI KEBIDANAN DEWI MAYA',1),(227,'AKADEMI KEBIDANAN DEWI SARTIKA BANDUNG',1),(228,'AKADEMI KEBIDANAN DHARMA HUSADA KEDIRI',1),(229,'AKADEMI KEBIDANAN DHARMA HUSADA PEKANBARU',1),(230,'AKADEMI KEBIDANAN DHARMA LANDBOUW',1),(231,'AKADEMI KEBIDANAN DIAN HARAPAN',1),(232,'AKADEMI KEBIDANAN DULANG MAS',1),(233,'AKADEMI KEBIDANAN DUTA DHARMA PATI',1),(234,'AKADEMI KEBIDANAN ESTU UTOMO',1),(235,'AKADEMI KEBIDANAN EUNICE RAJAWALI BINJAI',1),(236,'AKADEMI KEBIDANAN FARAMA MULYA',1),(237,'AKADEMI KEBIDANAN GATRA BUANA GURABATI TIDORE',1),(238,'AKADEMI KEBIDANAN GATRA BUANA GURABATI TIDORE',1),(239,'AKADEMI KEBIDANAN GAYO LUWES',1),(240,'AKADEMI KEBIDANAN GEMA NUSANTARA BEKASI',1),(241,'AKADEMI KEBIDANAN GIRI SATRIA HUSADA',1),(242,'AKADEMI KEBIDANAN GLOBAL MEDIKA',1),(243,'AKADEMI KEBIDANAN GRAHA ANANDA',1),(244,'AKADEMI KEBIDANAN GRAHA HUSADA CIREBON',1),(245,'AKADEMI KEBIDANAN GRIYA HUSADA',1),(246,'AKADEMI KEBIDANAN HAFSHAWATY ZAINUL HASAN GEN',1),(247,'AKADEMI KEBIDANAN HAFSYAH MEDAN',1),(248,'AKADEMI KEBIDANAN HAMPAR BAIDURI',1),(249,'AKADEMI KEBIDANAN HARAPAN BUNDA BIMA',1),(250,'AKADEMI KEBIDANAN HARAPAN IBU LANGSA',1),(251,'AKADEMI KEBIDANAN HARAPAN IBU PEKALONGAN',1),(252,'AKADEMI KEBIDANAN HARAPAN KELUARGA',1),(253,'AKADEMI KEBIDANAN HARAPAN MAMA DELI SERDANG',1),(254,'AKADEMI KEBIDANAN HASARMA MEDAN',1),(255,'AKADEMI KEBIDANAN HELVETIA MEDAN',1),(256,'AKADEMI KEBIDANAN HELVETIA PEKANBARU',1),(257,'AKADEMI KEBIDANAN HENDERSEN',1),(258,'AKADEMI KEBIDANAN HEPPY ZAL',1),(259,'AKADEMI KEBIDANAN HUSADA GEMILANG',1),(260,'AKADEMI KEBIDANAN IBRAHIMY SITUBONDO',1),(261,'AKADEMI KEBIDANAN IBTISAM AULIA',1),(262,'AKADEMI KEBIDANAN IKA BINA LABUHAN BATU',1),(263,'AKADEMI KEBIDANAN IMAM BONJOL',1),(264,'AKADEMI KEBIDANAN IMELDA',1),(265,'AKADEMI KEBIDANAN INAU',1),(266,'AKADEMI KEBIDANAN INDAH',1),(267,'AKADEMI KEBIDANAN INTERNASIONAL PEKANBARU',1),(268,'AKADEMI KEBIDANAN ISLAM AL-HIKMAH',1),(269,'AKADEMI KEBIDANAN ISMA HUSADA CIREBON',1),(270,'AKADEMI KEBIDANAN JAKARTA MITRA SEJAHTERA',1),(271,'AKADEMI KEBIDANAN JAYA WIJAYA',1),(272,'AKADEMI KEBIDANAN JAYAKARTA SEHAT',1),(273,'AKADEMI KEBIDANAN JEMBER',1),(274,'AKADEMI KEBIDANAN KAMANRE PALOPO',1),(275,'AKADEMI KEBIDANAN KARSA MULIA',1),(276,'AKADEMI KEBIDANAN KARTIKA MITRA HUSADA',1),(277,'AKADEMI KEBIDANAN KARTINI',1),(278,'AKADEMI KEBIDANAN KARYA BUNDA HUSADA',1),(279,'AKADEMI KEBIDANAN KARYA HUSADA YOGYAKARTA',1),(280,'AKADEMI KEBIDANAN KELUARGA BUNDA JAMBI',1),(281,'AKADEMI KEBIDANAN KENDEDES MALANG',1),(282,'AKADEMI KEBIDANAN KERIS HUSADA',1),(283,'AKADEMI KEBIDANAN KESATRIA PRAYA',1),(284,'AKADEMI KEBIDANAN KESEHATAN BARU',1),(285,'AKADEMI KEBIDANAN KH PUTRA',1),(286,'AKADEMI KEBIDANAN KHARISMA HUSADA BINJAI',1),(287,'AKADEMI KEBIDANAN KONAWE',1),(288,'AKADEMI KEBIDANAN KUSUMA HUSADA',1),(289,'AKADEMI KEBIDANAN KUTAI HUSADA',1),(290,'AKADEMI KEBIDANAN LA TANSA MASHIRO',1),(291,'AKADEMI KEBIDANAN LAKSAMANA',1),(292,'AKADEMI KEBIDANAN LANGKAT',1),(293,'AKADEMI KEBIDANAN LAPATAU BONE',1),(294,'AKADEMI KEBIDANAN LENGGOGENI',1),(295,'AKADEMI KEBIDANAN MADANI SINJAI',1),(296,'AKADEMI KEBIDANAN MADINA HUSADA',1),(297,'AKADEMI KEBIDANAN MAKARIWO',1),(298,'AKADEMI KEBIDANAN MAMBA\'UL ULUM SURAKARTA',1),(299,'AKADEMI KEBIDANAN MANDIRI GRESIK',1),(300,'AKADEMI KEBIDANAN MANNA',1),(301,'AKADEMI KEBIDANAN MARDIRAHAYU',1),(302,'AKADEMI KEBIDANAN MARTAPURA',1),(303,'AKADEMI KEBIDANAN MASAMBA',1),(304,'AKADEMI KEBIDANAN MATORKIS',1),(305,'AKADEMI KEBIDANAN MAYAPADA GADING PERSADA',1),(306,'AKADEMI KEBIDANAN MEDICA ALAS LEUSER',1),(307,'AKADEMI KEBIDANAN MEDICA BAKTI PERSADA',1),(308,'AKADEMI KEBIDANAN MEDICA OBGIN',1),(309,'AKADEMI KEBIDANAN MEDICA PUTRO BUNGSU',1),(310,'AKADEMI KEBIDANAN MEDIKA WIYATA KEDIRI',1),(311,'AKADEMI KEBIDANAN MENARA PRIMADANI',1),(312,'AKADEMI KEBIDANAN MERANGIN',1),(313,'AKADEMI KEBIDANAN MINASA UPA',1),(314,'AKADEMI KEBIDANAN MITRA HUSADA KARANGANYAR',1),(315,'AKADEMI KEBIDANAN MITRA HUSADA MEDAN',1),(316,'AKADEMI KEBIDANAN MITRA HUSADA PADANG',1),(317,'AKADEMI KEBIDANAN MITRA PERSAHABATAN',1),(318,'AKADEMI KEBIDANAN MITRA SEHAT SIDOARJO',1),(319,'AKADEMI KEBIDANAN MITRA SYUHADA PADANGSIDIMPU',1),(320,'AKADEMI KEBIDANAN MUHAMMADIYAH CIREBON',1),(321,'AKADEMI KEBIDANAN MUHAMMADIYAH KOTIM',1),(322,'AKADEMI KEBIDANAN MUHAMMADIYAH MADIUN',1),(323,'AKADEMI KEBIDANAN MUHAMMADIYAH MAKASSAR',1),(324,'AKADEMI KEBIDANAN MUHAMMADIYAH PALOPO',1),(325,'AKADEMI KEBIDANAN MUHAMMADIYAH SURAKARTA',1),(326,'AKADEMI KEBIDANAN MUNAWARRAH BIREUEN',1),(327,'AKADEMI KEBIDANAN MUSLIMAT NAHDLATUL ULAMA KU',1),(328,'AKADEMI KEBIDANAN MUTIARA MAHAKAM',1),(329,'AKADEMI KEBIDANAN NADHIRAH',1),(330,'AKADEMI KEBIDANAN NAMIRA KOTANOPAN',1),(331,'AKADEMI KEBIDANAN NAULI HUSADA',1),(332,'AKADEMI KEBIDANAN NGUDI WALUYO',1),(333,'AKADEMI KEBIDANAN NGUDIA HUSADA MADURA',1),(334,'AKADEMI KEBIDANAN NURUL HASANAH',1),(335,'AKADEMI KEBIDANAN NUSANTARA 2000',1),(336,'AKADEMI KEBIDANAN NUSANTARA INDONESIA LUBUKLI',1),(337,'AKADEMI KEBIDANAN NUSANTARA JAYA',1),(338,'AKADEMI KEBIDANAN NUSANTARA PALEMBANG',1),(339,'AKADEMI KEBIDANAN NYAI AHMAD DAHLAN',1),(340,'AKADEMI KEBIDANAN PAGUWARMAS MAOS',1),(341,'AKADEMI KEBIDANAN PALAPA HUSADA',1),(342,'AKADEMI KEBIDANAN PALU SULAWESI TENGAH',1),(343,'AKADEMI KEBIDANAN PALUTA HUSADA',1),(344,'AKADEMI KEBIDANAN PAMENANG',1),(345,'AKADEMI KEBIDANAN PANCA BHAKTI',1),(346,'AKADEMI KEBIDANAN PANTI WILASA',1),(347,'AKADEMI KEBIDANAN PASAMAN BARAT',1),(348,'AKADEMI KEBIDANAN PASIR PENGARAIAN',1),(349,'AKADEMI KEBIDANAN PATRIOT BANGSA HUSADA',1),(350,'AKADEMI KEBIDANAN PAYUNG PELALAWAN',1),(351,'AKADEMI KEBIDANAN PELAMONIA KESDAM VII/WIRABU',1),(352,'AKADEMI KEBIDANAN PELITA ANDALAS',1),(353,'AKADEMI KEBIDANAN PELITA IBU KENDARI',1),(354,'AKADEMI KEBIDANAN PELITA ILMU DEPOK',1),(355,'AKADEMI KEBIDANAN PELITA PERSADA',1),(356,'AKADEMI KEBIDANAN PERMATA HUSADA SAMARINDA',1),(357,'AKADEMI KEBIDANAN PERSADA PALEMBANG',1),(358,'AKADEMI KEBIDANAN PERSADA WAJO',1),(359,'AKADEMI KEBIDANAN PERWIRA HUSADA PURBALINGGA',1),(360,'AKADEMI KEBIDANAN PETRO MANDAU HUSADA',1),(361,'AKADEMI KEBIDANAN PGRI KEDIRI',1),(362,'AKADEMI KEBIDANAN PONDOK PESANTREN ASSANADIYA',1),(363,'AKADEMI KEBIDANAN PRESTASI AGUNG',1),(364,'AKADEMI KEBIDANAN PRIMA HUSADA',1),(365,'AKADEMI KEBIDANAN PRIMA INDONESIA',1),(366,'AKADEMI KEBIDANAN PRIMA JAMBI',1),(367,'AKADEMI KEBIDANAN PRIMA NUSANTARA',1),(368,'AKADEMI KEBIDANAN PRIMA SENGKANG',1),(369,'AKADEMI KEBIDANAN PUBLIC HEALTH MEDICAL NURSI',1),(370,'AKADEMI KEBIDANAN PUTERI ANDALAS',1),(371,'AKADEMI KEBIDANAN PUTRA JAYA MANDIRI BATAM',1),(372,'AKADEMI KEBIDANAN RANGGA HUSADA PRABUMULIH',1),(373,'AKADEMI KEBIDANAN RESPATI',1),(374,'AKADEMI KEBIDANAN RIZKI PATYA',1),(375,'AKADEMI KEBIDANAN SAKINAH',1),(376,'AKADEMI KEBIDANAN SALEHA',1),(377,'AKADEMI KEBIDANAN SALEWANGAN MAROS',1),(378,'AKADEMI KEBIDANAN SALMA',1),(379,'AKADEMI KEBIDANAN SALSABILA',1),(380,'AKADEMI KEBIDANAN SANDI KARSA',1),(381,'AKADEMI KEBIDANAN SARI HUSADA',1),(382,'AKADEMI KEBIDANAN SARI MULIA',1),(383,'AKADEMI KEBIDANAN SARI MUTIARA',1),(384,'AKADEMI KEBIDANAN SATU ENAM LIMA',1),(385,'AKADEMI KEBIDANAN SAYID SABIQ INDRAMAYU',1),(386,'AKADEMI KEBIDANAN SEHAT MEDAN',1),(387,'AKADEMI KEBIDANAN SEHATI',1),(388,'AKADEMI KEBIDANAN SEMPENA NEGERI PEKANBARU',1),(389,'AKADEMI KEBIDANAN SENIOR',1),(390,'AKADEMI KEBIDANAN SENTRA BINA YUDISTIRA TANGE',1),(391,'AKADEMI KEBIDANAN SENTRAL',1),(392,'AKADEMI KEBIDANAN SINAR KASIH TORAJA',1),(393,'AKADEMI KEBIDANAN SINGKAWANG',1),(394,'AKADEMI KEBIDANAN SISMADI',1),(395,'AKADEMI KEBIDANAN SITI FATIMAH',1),(396,'AKADEMI KEBIDANAN ST BENEDICTA PONTIANAK',1),(397,'AKADEMI KEBIDANAN SUKA WANGI BEKASI',1),(398,'AKADEMI KEBIDANAN SULUH BANGSA',1),(399,'AKADEMI KEBIDANAN SUMATERA BARAT',1),(400,'AKADEMI KEBIDANAN SUMBER KASIH ENREKANG',1),(401,'AKADEMI KEBIDANAN SUNGAILIAT BANGKA',1),(402,'AKADEMI KEBIDANAN SURYA MANDIRI KOTA BIMA',1),(403,'AKADEMI KEBIDANAN SYAHIDA',1),(404,'AKADEMI KEBIDANAN SYEKH YUSUF GOWA',1),(405,'AKADEMI KEBIDANAN TAHIRAH AL BAETI BULUKUMBA',1),(406,'AKADEMI KEBIDANAN TAKASIMA KABANJAHE',1),(407,'AKADEMI KEBIDANAN TIARA BUNDA',1),(408,'AKADEMI KEBIDANAN TRI DHARMA BANDUNG',1),(409,'AKADEMI KEBIDANAN TRINITA MANADO',1),(410,'AKADEMI KEBIDANAN TUANKU TAMBUSAI',1),(411,'AKADEMI KEBIDANAN TUNAS HARAPAN BANGSA',1),(412,'AKADEMI KEBIDANAN UMI BAGAN BATU',1),(413,'AKADEMI KEBIDANAN UMMI KHASANAH',1),(414,'AKADEMI KEBIDANAN UNISKA',1),(415,'AKADEMI KEBIDANAN WAHANA HUSADA BANDAR JAYA',1),(416,'AKADEMI KEBIDANAN WAHANA SEHAT SIDOARJO',1),(417,'AKADEMI KEBIDANAN WIDYA HUSADA',1),(418,'AKADEMI KEBIDANAN WIDYA HUSADA',1),(419,'AKADEMI KEBIDANAN WIDYAKARSA',1),(420,'AKADEMI KEBIDANAN WIJAYA HUSADA',1),(421,'AKADEMI KEBIDANAN WIJAYA KUSUMA MALANG',1),(422,'AKADEMI KEBIDANAN WIRA BUANA',1),(423,'AKADEMI KEBIDANAN WIRA HUSADA NUSANTARA',1),(424,'AKADEMI KEBIDANAN WIYATA MITRA HUSADA NGANJUK',1),(425,'AKADEMI KEBIDANAN YAPKESBI BANJARBARU',1),(426,'AKADEMI KEBIDANAN YAPMA MAKASSAR',1),(427,'AKADEMI KEBIDANAN YAPPI SRAGEN',1),(428,'AKADEMI KEBIDANAN YASPEN TUGU IBU',1),(429,'AKADEMI KEBIDANAN YAYASAN HUSADA MADANI',1),(430,'AKADEMI KEBIDANAN YAYASAN PENDIDIKAN MONA',1),(431,'AKADEMI KEBIDANAN YAYASAN RUMAH SAKIT JAKARTA',1),(432,'AKADEMI KEBIDANAN YLP PRADA PURWOKERTO',1),(433,'AKADEMI KEBIDANAN YOGYAKARTA',1),(434,'AKADEMI KEBIDANAN YPBHK BREBES',1),(435,'AKADEMI KEBIDANAN YPDR',1),(436,'AKADEMI KEBIDANAN YPSDMI',1),(437,'AKADEMI KEBIDANAN YYS PENDIDIKAN DR RUSDI MED',1),(438,'AKADEMI KEGURUAN PARIS BARANTAI KOTABARU',1),(439,'AKADEMI KELAUTAN BANYUWANGI',1),(440,'AKADEMI KEPERAWATAN ADI HUSADA',1),(441,'AKADEMI KEPERAWATAN AISYIYAH BANDUNG',1),(442,'AKADEMI KEPERAWATAN AISYIYAH PADANG',1),(443,'AKADEMI KEPERAWATAN AL-HAMBRA MAKASSAR',1),(444,'AKADEMI KEPERAWATAN AL-HIKMAH BREBES',1),(445,'AKADEMI KEPERAWATAN AL-IKHLAS CISARUA',1),(446,'AKADEMI KEPERAWATAN AL-ISLAM YOGYAKARTA',1),(447,'AKADEMI KEPERAWATAN ALKAUTSAR TEMANGGUNG',1),(448,'AKADEMI KEPERAWATAN ARTA KABAN JAHE',1),(449,'AKADEMI KEPERAWATAN AS-SYAFI\'IYAH',1),(450,'AKADEMI KEPERAWATAN ASIH HUSADA',1),(451,'AKADEMI KEPERAWATAN BAHRUL \'ULUM JOMBANG',1),(452,'AKADEMI KEPERAWATAN BAITUL HIKMAH',1),(453,'AKADEMI KEPERAWATAN BAITURRAHMAH',1),(454,'AKADEMI KEPERAWATAN BARAMULI',1),(455,'AKADEMI KEPERAWATAN BATARI TOJA',1),(456,'AKADEMI KEPERAWATAN BERKALA WIDYA HUSADA',1),(457,'AKADEMI KEPERAWATAN BETHESDA SERUKAM',1),(458,'AKADEMI KEPERAWATAN BETHESDA TOMOHON',1),(459,'AKADEMI KEPERAWATAN BETHESDA YAKKUM',1),(460,'AKADEMI KEPERAWATAN BHAKTI HUSADA CIKARANG',1),(461,'AKADEMI KEPERAWATAN BHAKTI KENCANA BANDUNG',1),(462,'AKADEMI KEPERAWATAN BHAKTI MULIA',1),(463,'AKADEMI KEPERAWATAN BIDARAMUKTI',1),(464,'AKADEMI KEPERAWATAN BINA HUSADA TEBING TINGGI',1),(465,'AKADEMI KEPERAWATAN BINA INSANI SAKTI',1),(466,'AKADEMI KEPERAWATAN BINA SEHAT PPNI MOJOKERTO',1),(467,'AKADEMI KEPERAWATAN BINALITA SUDAMA',1),(468,'AKADEMI KEPERAWATAN BUNDA DELIMA',1),(469,'AKADEMI KEPERAWATAN BUNTET PESANTREN',1),(470,'AKADEMI KEPERAWATAN COLUMBIA ASIA',1),(471,'AKADEMI KEPERAWATAN DARMO MEDAN',1),(472,'AKADEMI KEPERAWATAN DHARMA HUSADA CIREBON',1),(473,'AKADEMI KEPERAWATAN DHARMA HUSADA KEDIRI',1),(474,'AKADEMI KEPERAWATAN DHARMA HUSADA PEKANBARU',1),(475,'AKADEMI KEPERAWATAN DHARMA INSAN PONTIANAK',1),(476,'AKADEMI KEPERAWATAN DHARMA WACANA',1),(477,'AKADEMI KEPERAWATAN DIAN HUSADA',1),(478,'AKADEMI KEPERAWATAN DIRGAHAYU SAMARINDA',1),(479,'AKADEMI KEPERAWATAN FATIMA MAMUJU',1),(480,'AKADEMI KEPERAWATAN FATIMA PARE-PARE',1),(481,'AKADEMI KEPERAWATAN GIRI SATRIA HUSADA',1),(482,'AKADEMI KEPERAWATAN GOWA RAYA',1),(483,'AKADEMI KEPERAWATAN GUNUNG MARIA',1),(484,'AKADEMI KEPERAWATAN HAFSHAWATY ZAINUL HASAN',1),(485,'AKADEMI KEPERAWATAN HANG TUAH JAKARTA',1),(486,'AKADEMI KEPERAWATAN HARAPAN MAMA DELI SERDANG',1),(487,'AKADEMI KEPERAWATAN HARUM',1),(488,'AKADEMI KEPERAWATAN HELVETIA MEDAN',1),(489,'AKADEMI KEPERAWATAN IBNU SINA KOTA SABANG',1),(490,'AKADEMI KEPERAWATAN IMELDA MEDAN',1),(491,'AKADEMI KEPERAWATAN INDAH',1),(492,'AKADEMI KEPERAWATAN ISLAMIC VILLAGE',1),(493,'AKADEMI KEPERAWATAN JAMBI',1),(494,'AKADEMI KEPERAWATAN JAYAPURA',1),(495,'AKADEMI KEPERAWATAN JUSTITIA',1),(496,'AKADEMI KEPERAWATAN KALTARA TARAKAN',1),(497,'AKADEMI KEPERAWATAN KAMANRE',1),(498,'AKADEMI KEPERAWATAN KARYA BHAKTI NUSANTARA',1),(499,'AKADEMI KEPERAWATAN KARYA HUSADA YOGYAKARTA',1),(500,'AKADEMI KEPERAWATAN KEBONJATI',1),(501,'AKADEMI KEPERAWATAN KENDEDES',1),(502,'AKADEMI KEPERAWATAN KERIS HUSADA',1),(503,'AKADEMI KEPERAWATAN KERTA CENDIKA SIDOARJO',1),(504,'AKADEMI KEPERAWATAN KRIDA HUSADA',1),(505,'AKADEMI KEPERAWATAN KUSUMA HUSADA',1),(506,'AKADEMI KEPERAWATAN LAPATAO',1),(507,'AKADEMI KEPERAWATAN MAKASAR',1),(508,'AKADEMI KEPERAWATAN MALAHAYATI BANDAR LAMPUNG',1),(509,'AKADEMI KEPERAWATAN MALAHAYATI MEDAN',1),(510,'AKADEMI KEPERAWATAN MAMBA\'UL ULUM SURAKARTA',1),(511,'AKADEMI KEPERAWATAN MANDIRI',1),(512,'AKADEMI KEPERAWATAN MANGGALA HUSADA',1),(513,'AKADEMI KEPERAWATAN MARANATHA GROUPS',1),(514,'AKADEMI KEPERAWATAN MITRA BUNDA PERSADA',1),(515,'AKADEMI KEPERAWATAN MUHAMMADIYAH CIREBON',1),(516,'AKADEMI KEPERAWATAN MUHAMMADIYAH KENDAL',1),(517,'AKADEMI KEPERAWATAN MUHAMMADIYAH MAKASSAR',1),(518,'AKADEMI KEPERAWATAN MUHAMMADIYAH SAMARINDA',1),(519,'AKADEMI KEPERAWATAN NABILA',1),(520,'AKADEMI KEPERAWATAN NAN TONGGA',1),(521,'AKADEMI KEPERAWATAN NAULI HUSADA',1),(522,'AKADEMI KEPERAWATAN NAZHATUT THULLAB SAMPANG',1),(523,'AKADEMI KEPERAWATAN NGESTI WALUYO PARAKAN',1),(524,'AKADEMI KEPERAWATAN NOTOKUSUMO',1),(525,'AKADEMI KEPERAWATAN NUSANTARA JAYA MAKASSAR',1),(526,'AKADEMI KEPERAWATAN PAMENANG',1),(527,'AKADEMI KEPERAWATAN PANCA BHAKTI',1),(528,'AKADEMI KEPERAWATAN PANDAN HARUM BANJARMASIN',1),(529,'AKADEMI KEPERAWATAN PANTI KOSALA',1),(530,'AKADEMI KEPERAWATAN PANTI RAPIH YOGYAKARTA',1),(531,'AKADEMI KEPERAWATAN PANTI WALUYA MALANG',1),(532,'AKADEMI KEPERAWATAN PASAR REBO JAKARTA',1),(533,'AKADEMI KEPERAWATAN PATRIA HUSADA SURAKARTA',1),(534,'AKADEMI KEPERAWATAN PEMDA SENGKANG',1),(535,'AKADEMI KEPERAWATAN PEMERINTAH KAB PURWOREJO',1),(536,'AKADEMI KEPERAWATAN PEMERINTAH KABUPATEN NGAW',1),(537,'AKADEMI KEPERAWATAN PEMKAB TAPANULI UTARA',1),(538,'AKADEMI KEPERAWATAN PPNI KENDARI',1),(539,'AKADEMI KEPERAWATAN PPNI SURAKARTA',1),(540,'AKADEMI KEPERAWATAN PRIMA JAMBI',1),(541,'AKADEMI KEPERAWATAN PURNA BHAKTI HUSADA',1),(542,'AKADEMI KEPERAWATAN PUTRA PERTIWI',1),(543,'AKADEMI KEPERAWATAN RAFLESIA',1),(544,'AKADEMI KEPERAWATAN RANTEPAO',1),(545,'AKADEMI KEPERAWATAN REFORMASI',1),(546,'AKADEMI KEPERAWATAN ROYHAN',1),(547,'AKADEMI KEPERAWATAN RS DGI CIKINI',1),(548,'AKADEMI KEPERAWATAN RS DUSTIRA',1),(549,'AKADEMI KEPERAWATAN RS HUSADA',1),(550,'AKADEMI KEPERAWATAN RSP TNI-AU JAKARTA',1),(551,'AKADEMI KEPERAWATAN RSU FK-UKI',1),(552,'AKADEMI KEPERAWATAN RUMAH SAKIT JAKARTA',1),(553,'AKADEMI KEPERAWATAN RUSTIDA',1),(554,'AKADEMI KEPERAWATAN SAIFUDIN ZUHRI',1),(555,'AKADEMI KEPERAWATAN SAMAWA',1),(556,'AKADEMI KEPERAWATAN SANDI KARSA',1),(557,'AKADEMI KEPERAWATAN SAWERIGADING PEMDA LUWU',1),(558,'AKADEMI KEPERAWATAN SEHAT BINJAI',1),(559,'AKADEMI KEPERAWATAN SERULINGMAS',1),(560,'AKADEMI KEPERAWATAN SETIH SETIO',1),(561,'AKADEMI KEPERAWATAN SRI BUNGA TANJUNG',1),(562,'AKADEMI KEPERAWATAN SURYA NUSANTARA',1),(563,'AKADEMI KEPERAWATAN SYAFAAT INDONESIA',1),(564,'AKADEMI KEPERAWATAN TELADAN BAHAGIA',1),(565,'AKADEMI KEPERAWATAN TEUNGKU FAKINAH BANDA ACE',1),(566,'AKADEMI KEPERAWATAN TORAYA',1),(567,'AKADEMI KEPERAWATAN TOTABUAN KOTAMOBAGU',1),(568,'AKADEMI KEPERAWATAN WILLIAM BOOTH SURABAYA',1),(569,'AKADEMI KEPERAWATAN YAKPERMAS BANYUMAS',1),(570,'AKADEMI KEPERAWATAN YAPENAS 21 MAROS',1),(571,'AKADEMI KEPERAWATAN YAPI',1),(572,'AKADEMI KEPERAWATAN YAPPI SRAGEN',1),(573,'AKADEMI KEPERAWATAN YAPPKES ACEH SINGKIL',1),(574,'AKADEMI KEPERAWATAN YARSI PONTIANAK',1),(575,'AKADEMI KEPERAWATAN YARSI SAMARINDA',1),(576,'AKADEMI KEPERAWATAN YASPEN JAKARTA',1),(577,'AKADEMI KEPERAWATAN YATNA YUANA LEBAK',1),(578,'AKADEMI KEPERAWATAN YAYASAN KIMIA',1),(579,'AKADEMI KEPERAWATAN YKY YOGYAKARTA',1),(580,'AKADEMI KEPERAWATAN YPIB MAJALENGKA',1),(581,'AKADEMI KEPERAWATAN YPPP WONOMULYO',1),(582,'AKADEMI KEPERAWATAN YPSBR MUARA BULIAN',1),(583,'AKADEMI KEPERAWATAN YPTK SOLOK',1),(584,'AKADEMI KESEHATAN ARGA HUSADA',1),(585,'AKADEMI KESEHATAN FISIOTERAPI',1),(586,'AKADEMI KESEHATAN GIGI KENDARI',1),(587,'AKADEMI KESEHATAN LINGKUNGAN BINALITA SUDAMA',1),(588,'AKADEMI KESEHATAN LINGKUNGAN MANDALA WALUYA',1),(589,'AKADEMI KESEHATAN LINGKUNGAN MUHAMMADIYAH MAK',1),(590,'AKADEMI KESEHATAN LINGKUNGAN SAMARINDA',1),(591,'AKADEMI KESEHATAN MUHAMMADIYAH KUDUS',1),(592,'AKADEMI KESEHATAN RAJEKWESI BOJONEGORO',1),(593,'AKADEMI KESEHATAN SWAKARSA JAKARTA',1),(594,'AKADEMI KESEHATAN YAYASAN SAPTA BAKTI BENGKUL',1),(595,'AKADEMI KESEJAHTERAAN SOSIAL AKK',1),(596,'AKADEMI KESEJAHTERAAN SOSIAL IBU KARTINI',1),(597,'AKADEMI KESEJAHTERAAN SOSIAL TARAKANITA',1),(598,'AKADEMI KESENIAN BOGOR',1),(599,'AKADEMI KESENIAN MELAYU RIAU',1),(600,'AKADEMI KETALAK PELAYARAN NIAGA/KEPLB KENDARI',1),(601,'AKADEMI KETATALAKSANAAN PELAYARAN NIAGA BAHTE',1),(602,'AKADEMI KEUANGAN & PERBANKAN GRHA ARTA KATULI',1),(603,'AKADEMI KEUANGAN DAN AKUNTANSI WIKA JASA',1),(604,'AKADEMI KEUANGAN DAN BANK MULIA DARMA PRATAMA',1),(605,'AKADEMI KEUANGAN DAN PERBANKAN BOROBUDUR',1),(606,'AKADEMI KEUANGAN DAN PERBANKAN DENPASAR',1),(607,'AKADEMI KEUANGAN DAN PERBANKAN EFFATA KUPANG',1),(608,'AKADEMI KEUANGAN DAN PERBANKAN ICM CANTRIKA M',1),(609,'AKADEMI KEUANGAN DAN PERBANKAN LPI',1),(610,'AKADEMI KEUANGAN DAN PERBANKAN PADANG',1),(611,'AKADEMI KEUANGAN DAN PERBANKAN RIAU',1),(612,'AKADEMI KEUANGAN DAN PERBANKAN YIPK',1),(613,'AKADEMI KEUANGAN DAN PERBANKAN YPK',1),(614,'AKADEMI KEUANGAN PERBANKAN NASIONAL',1),(615,'AKADEMI KEUANGAN PERBANKAN NUSANTARA',1),(616,'AKADEMI KEUANGAN PERBANKAN SWADAYA MEDAN',1),(617,'AKADEMI KEUANGAN PERBANKAN TAHUNA',1),(618,'AKADEMI KEUANGAN PERBANKAN WIDYA BUANA',1),(619,'AKADEMI KHOLISATUR RAHMI',1),(620,'AKADEMI KIMIA ANALIS CARAKA NUSANTARA',1),(621,'AKADEMI KIMIA INDUSTRI SANTO PAULUS SEMARANG',1),(622,'AKADEMI KOMPUTER MALL CENDIKIA',1),(623,'AKADEMI KOMUNIKASI BSI JAKARTA',1),(624,'AKADEMI KOMUNIKASI INDONESIA YPK',1),(625,'AKADEMI KOMUNIKASI MEDIA RADIO DAN TV JAKARTA',1),(626,'AKADEMI KOMUNIKASI RADIO DAN TELEVISI HUTAMA',1),(627,'AKADEMI KOMUNIKASI RADYA BINATAMA',1),(628,'AKADEMI KOMUNIKASI THE NEXT ACADEMY',1),(629,'AKADEMI KOMUNIKASI YOGYAKARTA',1),(630,'AKADEMI KOPERASI INDONESIA RATU JELITA',1),(631,'AKADEMI KOPERASI SUMBAR',1),(632,'AKADEMI KULINER MONAS PASIFIK',1),(633,'AKADEMI LITIGASI INDONESIA TRIGUNA',1),(634,'AKADEMI MANAJEMEN ADMINISTRASI DHARMALA',1),(635,'AKADEMI MANAJEMEN ADMINISTRASI YOGYAKARTA',1),(636,'AKADEMI MANAJEMEN ADMINISTRASI YPK YOGYAKARTA',1),(637,'AKADEMI MANAJEMEN AGRIBISNIS SANGGAU',1),(638,'AKADEMI MANAJEMEN BELITUNG',1),(639,'AKADEMI MANAJEMEN BITUNG',1),(640,'AKADEMI MANAJEMEN BUMI SEBALO BENGKAYANG',1),(641,'AKADEMI MANAJEMEN EL-HAKIM',1),(642,'AKADEMI MANAJEMEN INDONESIA JAYAPURA',1),(643,'AKADEMI MANAJEMEN INDONESIA SEMARANG',1),(644,'AKADEMI MANAJEMEN INFORMATIKA & KOMPUTER ASTE',1),(645,'AKADEMI MANAJEMEN INFORMATIKA & KOMPUTER JAYA',1),(646,'AKADEMI MANAJEMEN INFORMATIKA & KOMPUTER MATA',1),(647,'AKADEMI MANAJEMEN INFORMATIKA & KOMPUTER MULT',1),(648,'AKADEMI MANAJEMEN INFORMATIKA & KOMPUTER ROYA',1),(649,'AKADEMI MANAJEMEN INFORMATIKA & KOMPUTER UNIV',1),(650,'AKADEMI MANAJEMEN INFORMATIKA & KOMPUTER YAPP',1),(651,'AKADEMI MANAJEMEN INFORMATIKA DAN KOMPUTER BO',1),(652,'AKADEMI MANAJEMEN INFORMATIKA DAN KOMPUTER DU',1),(653,'AKADEMI MANAJEMEN INFORMATIKA DAN KOMPUTER GA',1),(654,'AKADEMI MANAJEMEN INFORMATIKA DAN KOMPUTER GI',1),(655,'AKADEMI MANAJEMEN INFORMATIKA DAN KOMPUTER HA',1),(656,'AKADEMI MANAJEMEN INFORMATIKA DAN KOMPUTER IB',1),(657,'AKADEMI MANAJEMEN INFORMATIKA DAN KOMPUTER IT',1),(658,'AKADEMI MANAJEMEN INFORMATIKA DAN KOMPUTER JO',1),(659,'AKADEMI MANAJEMEN INFORMATIKA DAN KOMPUTER KE',1),(660,'AKADEMI MANAJEMEN INFORMATIKA DAN KOMPUTER KO',1),(661,'AKADEMI MANAJEMEN INFORMATIKA DAN KOMPUTER LA',1),(662,'AKADEMI MANAJEMEN INFORMATIKA DAN KOMPUTER LO',1),(663,'AKADEMI MANAJEMEN INFORMATIKA DAN KOMPUTER MD',1),(664,'AKADEMI MANAJEMEN INFORMATIKA DAN KOMPUTER ME',1),(665,'AKADEMI MANAJEMEN INFORMATIKA DAN KOMPUTER SE',1),(666,'AKADEMI MANAJEMEN INFORMATIKA DAN KOMPUTER TA',1),(667,'AKADEMI MANAJEMEN INFORMATIKA DAN KOMPUTER YA',1),(668,'AKADEMI MANAJEMEN INFORMATIKA DAN KOMPUTER YA',1),(669,'AKADEMI MANAJEMEN INFORMATIKA DAN KOMPUTER YP',1),(670,'AKADEMI MANAJEMEN KESATUAN BOGOR',1),(671,'AKADEMI MANAJEMEN KEUANGAN BSI JAKARTA',1),(672,'AKADEMI MANAJEMEN KEUANGAN RAYA',1),(673,'AKADEMI MANAJEMEN KOMPUTER INFORMATIKA KETAPA',1),(674,'AKADEMI MANAJEMEN KOPERASI BARABAI',1),(675,'AKADEMI MANAJEMEN KOPERASI GRAHA KARYA',1),(676,'AKADEMI MANAJEMEN KOPERASI KEDIRI',1),(677,'AKADEMI MANAJEMEN KOPERASI TANTULAR',1),(678,'AKADEMI MANAJEMEN PERPAJAKAN INDONESIA BLITAR',1),(679,'AKADEMI MANAJEMEN PERUSAHAAN JAYABAYA',1),(680,'AKADEMI MANAJEMEN PERUSAHAAN MAKASSAR',1),(681,'AKADEMI MANAJEMEN PERUSAHAAN PANCA BHAKTI',1),(682,'AKADEMI MANAJEMEN PERUSAHAAN YKPN',1),(683,'AKADEMI MANAJEMEN PUTRA JAYA',1),(684,'AKADEMI MANAJEMEN RUMAH SAKIT KUSUMA HUSADA',1),(685,'AKADEMI MANAJEMEN SURYA MATARAM',1),(686,'AKADEMI MARITIM ACEH DARUSSALAM',1),(687,'AKADEMI MARITIM BELAWAN',1),(688,'AKADEMI MARITIM BINA BAHARI',1),(689,'AKADEMI MARITIM CIREBON',1),(690,'AKADEMI MARITIM DJADAJAT',1),(691,'AKADEMI MARITIM GANESHA YOGYAKARTA',1),(692,'AKADEMI MARITIM INDONESIA AIPI',1),(693,'AKADEMI MARITIM INDONESIA BITUNG',1),(694,'AKADEMI MARITIM INDONESIA MEDAN',1),(695,'AKADEMI MARITIM INDONESIA SAMARINDA',1),(696,'AKADEMI MARITIM INDONESIA VETERAN MAKASSAR',1),(697,'AKADEMI MARITIM MALUKU',1),(698,'AKADEMI MARITIM NASIONAL JAYA',1),(699,'AKADEMI MARITIM NUSANTARA BANJARMASIN',1),(700,'AKADEMI MARITIM NUSANTARA CILACAP',1),(701,'AKADEMI MARITIM NUSANTARA MALAHAYATI',1),(702,'AKADEMI MARITIM PEMBANGUNAN JAKARTA',1),(703,'AKADEMI MARITIM SAPTA SAMUDRA',1),(704,'AKADEMI MARITIM SUAKA BAHARI',1),(705,'AKADEMI MARITIM YOGYAKARTA',1),(706,'AKADEMI MEDIS VETERINER PURAGABAYA',1),(707,'AKADEMI MINYAK DAN GAS INDRAMAYU',1),(708,'AKADEMI PARAWISATA KENDARI',1),(709,'AKADEMI PARIWISATA 45 JAYAPURA',1),(710,'AKADEMI PARIWISATA AIR MADIDI',1),(711,'AKADEMI PARIWISATA ARS INTERNASIONAL',1),(712,'AKADEMI PARIWISATA BANDUNG',1),(713,'AKADEMI PARIWISATA BOGOR BHI',1),(714,'AKADEMI PARIWISATA BSI YOGYAKARTA',1),(715,'AKADEMI PARIWISATA BUANA WISATA YOGYAKARTA',1),(716,'AKADEMI PARIWISATA BUNDA MULIA',1),(717,'AKADEMI PARIWISATA BUNDA PADANG',1),(718,'AKADEMI PARIWISATA CITRA BUANA INDONESIA',1),(719,'AKADEMI PARIWISATA DAN PERHOTELAN DARMA AGUNG',1),(720,'AKADEMI PARIWISATA DAN PERHOTELAN GANESHA',1),(721,'AKADEMI PARIWISATA DENPASAR',1),(722,'AKADEMI PARIWISATA DHARMA NUSANTARA SAKTI',1),(723,'AKADEMI PARIWISATA DIAN RANA RANTEPAO',1),(724,'AKADEMI PARIWISATA EKA SAKTI',1),(725,'AKADEMI PARIWISATA ENGKU PUTRI HAMIDAH',1),(726,'AKADEMI PARIWISATA GSP INTERNASIONAL',1),(727,'AKADEMI PARIWISATA INDONESIA JAKARTA',1),(728,'AKADEMI PARIWISATA INDRAPRASTA',1),(729,'AKADEMI PARIWISATA JAKARTA',1),(730,'AKADEMI PARIWISATA JAKARTA INTERNATIONAL HOTE',1),(731,'AKADEMI PARIWISATA KRISANTI WIDYA MANDIRI',1),(732,'AKADEMI PARIWISATA KUPANG',1),(733,'AKADEMI PARIWISATA MAJAPAHIT',1),(734,'AKADEMI PARIWISATA MANADO',1),(735,'AKADEMI PARIWISATA MANDALA BHAKTI',1),(736,'AKADEMI PARIWISATA MATARAM',1),(737,'AKADEMI PARIWISATA MATOA',1),(738,'AKADEMI PARIWISATA MEDAN HOTEL SCHOOL',1),(739,'AKADEMI PARIWISATA MUHAMMADIYAH BANDA ACEH',1),(740,'AKADEMI PARIWISATA MUHAMMADIYAH JEMBER',1),(741,'AKADEMI PARIWISATA NASIONAL BANJARMASIN',1),(742,'AKADEMI PARIWISATA NASIONAL INDONESIA BANDUNG',1),(743,'AKADEMI PARIWISATA NASIONAL JAKARTA',1),(744,'AKADEMI PARIWISATA NASIONAL SAMARINDA',1),(745,'AKADEMI PARIWISATA NHI BANDUNG',1),(746,'AKADEMI PARIWISATA NUSANTARA JAYA',1),(747,'AKADEMI PARIWISATA NUSANTARA MEDAN',1),(748,'AKADEMI PARIWISATA NUSANTARA TANGERANG',1),(749,'AKADEMI PARIWISATA PARAMITHA BUKITTINGGI',1),(750,'AKADEMI PARIWISATA PARAMITHA JAKARTA',1),(751,'AKADEMI PARIWISATA PATRIA INDONESIA',1),(752,'AKADEMI PARIWISATA PERTIWI',1),(753,'AKADEMI PARIWISATA PETRUS KAFIAR BIAK',1),(754,'AKADEMI PARIWISATA SAINT MARY',1),(755,'AKADEMI PARIWISATA SANDHY PUTRA',1),(756,'AKADEMI PARIWISATA SATU NUSA',1),(757,'AKADEMI PARIWISATA SILIWANGI',1),(758,'AKADEMI PARIWISATA SINAR SURYA',1),(759,'AKADEMI PARIWISATA STIPARY',1),(760,'AKADEMI PARIWISATA TAMAN HARAPAN',1),(761,'AKADEMI PARIWISATA TRIDAYA',1),(762,'AKADEMI PARIWISATA WIDYA DHARMA',1),(763,'AKADEMI PARIWISATA WIDYA NUSANTARA SURAKARTA',1),(764,'AKADEMI PARIWISATA YASMI',1),(765,'AKADEMI PARIWISATA YOGYAKARTA',1),(766,'AKADEMI PARIWISATA YPAG MAKASSAR',1),(767,'AKADEMI PEKERJAAN SOSIAL KUPANG',1),(768,'AKADEMI PELAYARAN NASIONAL SURAKARTA',1),(769,'AKADEMI PELAYARAN NIAGA INDONESIA JAKARTA',1),(770,'AKADEMI PELAYARAN NIAGA INDONESIA SEMARANG',1),(771,'AKADEMI PEMBANGUNAN PERTANIAN LUBUK ALUNG',1),(772,'AKADEMI PERAWATAN KARYA BAKTI HUSADA YOGYAKAR',1),(773,'AKADEMI PERBANKAN YUKI',1),(774,'AKADEMI PERDAGANGAN BANDUNG',1),(775,'AKADEMI PERDAGANGAN CATUR INSAN CENDEKIA',1),(776,'AKADEMI PERDAGANGAN TJENDEKIA PURUHITA',1),(777,'AKADEMI PEREKAM MEDIK & INFO KES CITRA MEDIKA',1),(778,'AKADEMI PEREKAM MEDIK DAN INFOKES IMELDA',1),(779,'AKADEMI PEREKAM MEDIK DAN INFOKES MITRA HUSAD',1),(780,'AKADEMI PEREKAM MEDIK DAN INFOKES PENA HUSADA',1),(781,'AKADEMI PEREKAM MEDIS & INFORMATIKA KESEHATAN',1),(782,'AKADEMI PEREKAM MEDIS DAN INFOKES BHUMI HUSAD',1),(783,'AKADEMI PERIKANAN BARUNA',1),(784,'AKADEMI PERIKANAN BHIMA SAKTI',1),(785,'AKADEMI PERIKANAN DAN ILMU KELAUTAN',1),(786,'AKADEMI PERIKANAN IBRAHIMY',1),(787,'AKADEMI PERIKANAN KALINYAMAT JEPARA',1),(788,'AKADEMI PERIKANAN KAMASAN BIAK',1),(789,'AKADEMI PERIKANAN WACHYUNI MANDIRA',1),(790,'AKADEMI PERIKANAN YOGYAKARTA',1),(791,'AKADEMI PERPAJAKAN MARIA MEDIATRIX',1),(792,'AKADEMI PERPAJAKAN PANCA BHAKTI',1),(793,'AKADEMI PERPAJAKAN TRIDARMA',1),(794,'AKADEMI PERPAJAKAN YPKM',1),(795,'AKADEMI PERTAMANAN INTERSTUDI',1),(796,'AKADEMI PERTAMBANGAN MAKASSAR',1),(797,'AKADEMI PERTANIAN HKTI BANYUMAS',1),(798,'AKADEMI PERTANIAN ISKANDAR MUDA',1),(799,'AKADEMI PERTANIAN PGRI WONOSOBO',1),(800,'AKADEMI PERTANIAN YOGYAKARTA',1),(801,'AKADEMI PETERNAKAN BRAHMA PUTRA',1),(802,'AKADEMI PETERNAKAN KARANGANYAR',1),(803,'AKADEMI PIMPINAN PERUSAHAAN APIPSU',1),(804,'AKADEMI RADIOGNOSTIK DAN RADIOTERAPI YAPENPER',1),(805,'AKADEMI REFRAKSI OPTISI BINALITA SUDAMA',1),(806,'AKADEMI REFRAKSI OPTISI KARTIKA INDERA PERSAD',1),(807,'AKADEMI REFRAKSI OPTISI POLYCORE INDONESIA',1),(808,'AKADEMI REFRAKSI OPTISI SURABAYA',1),(809,'AKADEMI SAINS DAN TEKNOLOGI PEMBANGUNAN',1),(810,'AKADEMI SEKRETARI & MANAJEMEN DHARMA BUDHI BH',1),(811,'AKADEMI SEKRETARI & MANAJEMEN INDUSTRI BUDHI',1),(812,'AKADEMI SEKRETARI & MANAJEMEN WIDYA DHARMA',1),(813,'AKADEMI SEKRETARI BUDI LUHUR JAKARTA',1),(814,'AKADEMI SEKRETARI DAN MANAJEMEN ARIYANTI',1),(815,'AKADEMI SEKRETARI DAN MANAJEMEN BHAKTI',1),(816,'AKADEMI SEKRETARI DAN MANAJEMEN BINA INSANI',1),(817,'AKADEMI SEKRETARI DAN MANAJEMEN BSI BANDUNG',1),(818,'AKADEMI SEKRETARI DAN MANAJEMEN BSI JAKARTA',1),(819,'AKADEMI SEKRETARI DAN MANAJEMEN DESANTA',1),(820,'AKADEMI SEKRETARI DAN MANAJEMEN DON BOSCO',1),(821,'AKADEMI SEKRETARI DAN MANAJEMEN INDONESIA BAN',1),(822,'AKADEMI SEKRETARI DAN MANAJEMEN INDONESIA JAY',1),(823,'AKADEMI SEKRETARI DAN MANAJEMEN INDONESIA PAD',1),(824,'AKADEMI SEKRETARI DAN MANAJEMEN INDONESIA SOL',1),(825,'AKADEMI SEKRETARI DAN MANAJEMEN INDONESIA SUR',1),(826,'AKADEMI SEKRETARI DAN MANAJEMEN INSULINDO',1),(827,'AKADEMI SEKRETARI DAN MANAJEMEN JAMBI',1),(828,'AKADEMI SEKRETARI DAN MANAJEMEN KENCANA BANDU',1),(829,'AKADEMI SEKRETARI DAN MANAJEMEN LEPISI',1),(830,'AKADEMI SEKRETARI DAN MANAJEMEN MATARAM',1),(831,'AKADEMI SEKRETARI DAN MANAJEMEN PERSADA BUNDA',1),(832,'AKADEMI SEKRETARI DAN MANAJEMEN PITALOKA',1),(833,'AKADEMI SEKRETARI DAN MANAJEMEN PURNAMA',1),(834,'AKADEMI SEKRETARI DAN MANAJEMEN SAINT MARY',1),(835,'AKADEMI SEKRETARI DAN MANAJEMEN SANTA ANNA',1),(836,'AKADEMI SEKRETARI DAN MANAJEMEN SANTA MARIA',1),(837,'AKADEMI SEKRETARI DAN MANAJEMEN SRIWIJAYA',1),(838,'AKADEMI SEKRETARI DAN MANAJEMEN TUNAS HARAPAN',1),(839,'AKADEMI SEKRETARI INDONESIA SAMARINDA',1),(840,'AKADEMI SEKRETARI INTERSTUDI',1),(841,'AKADEMI SEKRETARI MANAJEMEN AMSIR PARE-PARE',1),(842,'AKADEMI SEKRETARI MANAJEMEN ATMAJAYA MAKASSAR',1),(843,'AKADEMI SEKRETARI MANAJEMEN CENDANA',1),(844,'AKADEMI SEKRETARI MANAJEMEN INDONESIA KLABAT',1),(845,'AKADEMI SEKRETARI MANAJEMEN INDONESIA LPI MAK',1),(846,'AKADEMI SEKRETARI MANAJEMEN INDONESIA PONTIAN',1),(847,'AKADEMI SEKRETARI MANAJEMEN INDONESIA PUBLIK',1),(848,'AKADEMI SEKRETARI MANAJEMEN LANCANG KUNING',1),(849,'AKADEMI SEKRETARI MANAJEMEN MARIA GORETI',1),(850,'AKADEMI SEKRETARI MANAJEMEN NUSANTARA',1),(851,'AKADEMI SEKRETARI MANAJEMEN TANAH RENCONG',1),(852,'AKADEMI SEKRETARI MANAJEMEN TARUNA BAKTI',1),(853,'AKADEMI SEKRETARI MARSUDIRINI SANTA MARIA',1),(854,'AKADEMI SEKRETARI SANTA THERESIA',1),(855,'AKADEMI SEKRETARI TRIGUNA',1),(856,'AKADEMI SEKRETARI WIDYA MANDALA SURABAYA',1),(857,'AKADEMI SEKRETARIS DAN MANAJEMEN LAKSI-31',1),(858,'AKADEMI SEKRETARIS ISWI JAKARTA',1),(859,'AKADEMI SEKRETASI DAN MANAJEMEN WIDYA PRATAMA',1),(860,'AKADEMI SENI DAN DESAIN INDONESIA SURAKARTA',1),(861,'AKADEMI SENI MANGKUNEGARAN SURAKARTA',1),(862,'AKADEMI SENI RUPA DAN DESAIN ADA YOGYAKARTA',1),(863,'AKADEMI SENI RUPA DAN DESAIN AKSERI',1),(864,'AKADEMI SENI RUPA DAN DESAIN ISWI JAKARTA',1),(865,'AKADEMI SENI RUPA DAN DESAIN MSD',1),(866,'AKADEMI STATISTIKA MUHAMMADIYAH SEMARANG',1),(867,'AKADEMI TATA BOGA BANDUNG',1),(868,'AKADEMI TEKNIK ADIKARYA',1),(869,'AKADEMI TEKNIK ADIYASA',1),(870,'AKADEMI TEKNIK BIAK',1),(871,'AKADEMI TEKNIK BIMA',1),(872,'AKADEMI TEKNIK DELI SERDANG',1),(873,'AKADEMI TEKNIK ELEKTRO MEDIK BINALITA SUDAMA',1),(874,'AKADEMI TEKNIK ELEKTROMEDIK MUHAMMADIYAH MAKA',1),(875,'AKADEMI TEKNIK GIGI HANG TUAH JAKARTA',1),(876,'AKADEMI TEKNIK GIGI YLPTK PADANG',1),(877,'AKADEMI TEKNIK INDONESIA CUT MEUTIA',1),(878,'AKADEMI TEKNIK INDUSTRI IMMANUEL',1),(879,'AKADEMI TEKNIK INFORMATIKA TUNAS BANGSA',1),(880,'AKADEMI TEKNIK ISKANDAR MUDA',1),(881,'AKADEMI TEKNIK KENDARI',1),(882,'AKADEMI TEKNIK KUPANG',1),(883,'AKADEMI TEKNIK MESIN INDUSTRI CIKARANG',1),(884,'AKADEMI TEKNIK MESIN INDUSTRI SURAKARTA',1),(885,'AKADEMI TEKNIK NASIONAL SIDOARJO',1),(886,'AKADEMI TEKNIK OTOMOTIVE MAKASSAR',1),(887,'AKADEMI TEKNIK PEMBANGUNAN NASIONAL',1),(888,'AKADEMI TEKNIK PERKAPALAN VETERAN',1),(889,'AKADEMI TEKNIK PIRI',1),(890,'AKADEMI TEKNIK PRASETYA 28',1),(891,'AKADEMI TEKNIK PRATAMA MAKALE',1),(892,'AKADEMI TEKNIK SOROAKO',1),(893,'AKADEMI TEKNIK TELEKOMUNIKASI PURWOKERTO',1),(894,'AKADEMI TEKNIK TELEKOMUNIKASI SANDHY PUTRA JA',1),(895,'AKADEMI TEKNIK TIRTA WIYATA',1),(896,'AKADEMI TEKNIK WACANA MANUNGGAL SEMARANG',1),(897,'AKADEMI TEKNIK YKPN',1),(898,'AKADEMI TEKNNOLOGI WARGA SURAKARTA',1),(899,'AKADEMI TEKNOLOGI AERONAUTIKA SILIWANGI',1),(900,'AKADEMI TEKNOLOGI AUB',1),(901,'AKADEMI TEKNOLOGI BANDUNG',1),(902,'AKADEMI TEKNOLOGI BOGOR',1),(903,'AKADEMI TEKNOLOGI GRAFIKA INDONESIA JAKARTA',1),(904,'AKADEMI TEKNOLOGI INDUSTRI TEKSTIL SURABAYA',1),(905,'AKADEMI TEKNOLOGI INDUSTRI VETERAN SEMARANG',1),(906,'AKADEMI TEKNOLOGI KOMUNIKASI & INFORMASI',1),(907,'AKADEMI TEKNOLOGI LORENA',1),(908,'AKADEMI TEKNOLOGI OTOMOTIF NASIONAL',1),(909,'AKADEMI TEKNOLOGI PATRIOT',1),(910,'AKADEMI TEKNOLOGI PRINGSEWU',1),(911,'AKADEMI TEKNOLOGI SEMARANG',1),(912,'AKADEMI TEKNOLOGI TELEKOMUNIKASI BANDUNG',1),(913,'AKADEMI TELEKOMUNIKASI BOGOR',1),(914,'AKADEMI TELEKOMUNIKASI INDONESIA GEMILANG',1),(915,'AKADEMI TELEKOMUNIKASI INDONESIA JAMBI',1),(916,'AKADEMI TELEKOMUNIKASI INDONESIA SLEMAN',1),(917,'AKADEMI TELEKOMUNIKASI NUSANTARA',1),(918,'AKADEMI TERAPI WICARA JAKARTA',1),(919,'AKADEMIK FARMASI PRAYOGA PADANG',1),(920,'AKADEMIK KEBIDANAN ARMINA CENTRE PANYABUNGAN',1),(921,'AKADEMIK TEKNIK OTOMOTIF BANDA ACEH',1),(922,'AKBI INDONESIA INTERNASIONAL',1),(923,'AKBID GEMILANG HUSADA KOTABUMI',1),(924,'AKBID HARAPAN MULYA PONOROGO',1),(925,'AKBID SITI KHOTIDJAH MUHAMMADIYAH SEPANJANG',1),(926,'AKD TEKNIK RADIODIAG. DAN RADIOTERAPI WIDYA D',1),(927,'AKMI GUNA NUSANTARA',1),(928,'AKPER GITA MATURA ABADI KISARAN',1),(929,'AKPER HUTAMA ABDI HUSADA PEMKAB TULUNGAGUNG',1),(930,'AKPER PUTRA PERTIWI WATANSOPPENG',1),(931,'AKPER TENAGA PEMBANGUNAN ARJUNA LAGUBOTI',1),(932,'AKTEK RADIODIAGNOSTIK & RADIOTERAPI MUHAMMADI',1),(933,'AKTEK RADIODIAGNOSTIK & RADIOTERAPI PATRIOT B',1),(934,'AKTEK RADIODIAGNOSTIK & TERAPI CITRA INTAN PE',1),(935,'AKTEK RADIODIAGNOSTIK DAN RADIOTERAPI BALI',1),(936,'AMIK ADIGUNA BANDAR LAMPUNG',1),(937,'AMIK AJI JAYA BAYA',1),(938,'AMIK AKMI',1),(939,'AMIK AL-MA\'SOEM',1),(940,'AMIK AL-MUSLIM BEKASI',1),(941,'AMIK ANDALAN JAKARTA',1),(942,'AMIK ATMA LUHUR',1),(943,'AMIK BALIKPAPAN',1),(944,'AMIK BINA SRIWIJAYA',1),(945,'AMIK BK3',1),(946,'AMIK BSI BANDUNG',1),(947,'AMIK BSI BEKASI',1),(948,'AMIK BSI BOGOR',1),(949,'AMIK BSI JAKARTA',1),(950,'AMIK BSI PURWOKERTO',1),(951,'AMIK BSI SUKABUMI',1),(952,'AMIK BSI TANGERANG',1),(953,'AMIK BSI TASIKMALAYA',1),(954,'AMIK BSI YOGYAKARTA',1),(955,'AMIK BUKITTINGGI',1),(956,'AMIK BUMI NUSANTARA',1),(957,'AMIK CATUR SAKTI KENDARI',1),(958,'AMIK CIPTA DARMA',1),(959,'AMIK CITRA BUANA INDONESIA',1),(960,'AMIK DEPATI PARBO KERINCI',1),(961,'AMIK DIAN CIPTA CENDIKIA',1),(962,'AMIK DT PERPATIH NAN SABATANG',1),(963,'AMIK HARAPAN BANGSA SURAKARTA',1),(964,'AMIK HARAPAN MEDAN',1),(965,'AMIK IBNU KHALDUM PALOPO',1),(966,'AMIK INDONESIA',1),(967,'AMIK INTELCOM GLOBAL INDO KISARAN',1),(968,'AMIK JABAL GHAFUR',1),(969,'AMIK JAKARTA TEKNOLOGI CIPTA',1),(970,'AMIK LABUHAN BATU',1),(971,'AMIK LAKSI-31',1),(972,'AMIK LAMAPPAPOLEONRO SOPPENG',1),(973,'AMIK LEMBAH DEMPO',1),(974,'AMIK LUWUK BANGGAI',1),(975,'AMIK MAHAPUTRA RIAU',1),(976,'AMIK MAKASSAR',1),(977,'AMIK MASA DEPAN',1),(978,'AMIK MASTER LAMPUNG',1),(979,'AMIK MEDAN BUSINESS POLYTEKNIK',1),(980,'AMIK MIC CIKARANG',1),(981,'AMIK MIKENIUM KOLAKA',1),(982,'AMIK MILAN KENDARI',1),(983,'AMIK MITRA GAMA',1),(984,'AMIK MITRA LAMPUNG',1),(985,'AMIK MPU TANTULAR',1),(986,'AMIK PAKARTI LUHUR',1),(987,'AMIK PANCA BHAKTI',1),(988,'AMIK PARBINA NUSANTARA',1),(989,'AMIK PARNARAYA MANADO',1),(990,'AMIK PGRI KEBUMEN',1),(991,'AMIK PGRI TANGERANG',1),(992,'AMIK POLIBISNIS MEDAN',1),(993,'AMIK PROFESIONAL MAKASSAR',1),(994,'AMIK PURNAMA NIAGA',1),(995,'AMIK RAHARJA INFORMATIKA',1),(996,'AMIK REZKY MAKASSAR',1),(997,'AMIK SELAT PANJANG',1),(998,'AMIK SIGMA',1),(999,'AMIK STIEKOM SUMATERA UTARA',1),(1000,'AMIK SULTAN AGUNG',1),(1001,'AMIK TEKNOKRAT',1),(1002,'AMIK TOMAKAKA MAMUJU',1),(1003,'AMIK TRI DHARMA PALU',1),(1004,'AMIK TRI DHARMA PEKANBARU',1),(1005,'AMIK TUNAS BANGSA',1),(1006,'AMIK UMEL MANDIRI',1),(1007,'AMIK VETERAN PURWOKERTO',1),(1008,'AMIK WAHANA MANDIRI TANGERANG',1),(1009,'AMIK WIDYA LOKA MEDAN',1),(1010,'AMIK WIRA NUSANTARA',1),(1011,'AMIK WIRA SETYA MULYA',1),(1012,'AMIK YAPENAS KENDARI',1),(1013,'AMIK YMI TEGAL',1),(1014,'APIKES BHAKTI MULIA',1),(1015,'APIKES IRIS',1),(1016,'ASM WIDYA MANDALA MADIUN',1),(1017,'ASMI AIRLANGGA BALIKPAPAN',1),(1018,'ASMI CITRA NUSANTARA',1),(1019,'ASMI KMPI SAMARINDA',1),(1020,'ASMI SHITA PALU',1),(1021,'ASMI YAPIKA MAKASSAR',1),(1022,'IISIP YAPIS BIAK',1),(1023,'IKIP BUDI UTOMO',1),(1024,'IKIP GUNUNG SITOLI',1),(1025,'IKIP MATARAM',1),(1026,'IKIP PGRI BALI',1),(1027,'IKIP PGRI BOJONEGORO',1),(1028,'IKIP PGRI JEMBER',1),(1029,'IKIP PGRI KALTIM',1),(1030,'IKIP PGRI MADIUN',1),(1031,'IKIP PGRI SEMARANG',1),(1032,'IKIP PGRI WATES',1),(1033,'IKIP SARASWATI',1),(1034,'IKIP VETERAN JAWA TENGAH',1),(1035,'IKIP WIDYA DARMA',1),(1036,'INSTITUT AGAMA ISLAM NEGERI ALAUDDIN',1),(1037,'INSTITUT AGAMA ISLAM NEGERI ANTASARI',1),(1038,'INSTITUT AGAMA ISLAM NEGERI AR-RANIRY',1),(1039,'INSTITUT AGAMA ISLAM NEGERI BANTEN',1),(1040,'INSTITUT AGAMA ISLAM NEGERI IMAM BONJOL',1),(1041,'INSTITUT AGAMA ISLAM NEGERI MATARAM',1),(1042,'INSTITUT AGAMA ISLAM NEGERI RADEN FATAH',1),(1043,'INSTITUT AGAMA ISLAM NEGERI RADEN INTAN',1),(1044,'INSTITUT AGAMA ISLAM NEGERI SULTAN THAHA SAIF',1),(1045,'INSTITUT AGAMA ISLAM NEGERI SUMATERA UTARA',1),(1046,'INSTITUT AGAMA ISLAM NEGERI SUNAN AMPEL',1),(1047,'INSTITUT AGAMA ISLAM NEGERI SYEKH NURJATI',1),(1048,'INSTITUT AGAMA ISLAM NEGERI WALISONGO',1),(1049,'INSTITUT BISNIS DAN INFORMATIKA INDONESIA',1),(1050,'INSTITUT BISNIS NUSANTARA',1),(1051,'INSTITUT ILMU KESEHATAN BHAKTI WIYATA KEDIRI',1),(1052,'INSTITUT ILMU SOSIAL DAN ILMU POLITIK JAKARTA',1),(1053,'INSTITUT INFORMATIKA DAN BISNIS DARMAJAYA',1),(1054,'INSTITUT INFORMATIKA INDONESIA SURABAYA',1),(1055,'INSTITUT KESENIAN JAKARTA - LPKJ',1),(1056,'INSTITUT KESENIAN MAKASSAR',1),(1057,'INSTITUT KEU PERBANKAN DAN INF ASIA PERBANAS',1),(1058,'INSTITUT MANAJEMEN KOPERASI INDONESIA',1),(1059,'INSTITUT MANAJEMEN TELKOM',1),(1060,'INSTITUT PERTANIAN BOGOR',1),(1061,'INSTITUT PERTANIAN INTAN',1),(1062,'INSTITUT PERTANIAN MALANG',1),(1063,'INSTITUT PERTANIAN STIPER',1),(1064,'INSTITUT SAINS DAN TEKNOLOGI AKPRIND',1),(1065,'INSTITUT SAINS DAN TEKNOLOGI AL-KAMAL',1),(1066,'INSTITUT SAINS DAN TEKNOLOGI INDONESIA MANOKW',1),(1067,'INSTITUT SAINS DAN TEKNOLOGI ISTPN',1),(1068,'INSTITUT SAINS DAN TEKNOLOGI NASIONAL',1),(1069,'INSTITUT SAINS DAN TEKNOLOGI PEMBANGUNAN INDO',1),(1070,'INSTITUT SAINS DAN TEKNOLOGI TD PARDEDE',1),(1071,'INSTITUT SENI INDONESIA DENPASAR',1),(1072,'INSTITUT SENI INDONESIA SURAKARTA',1),(1073,'INSTITUT SENI INDONESIA YOGYAKARTA',1),(1074,'INSTITUT TEKNOLOGI ADHI TAMA SURABAYA',1),(1075,'INSTITUT TEKNOLOGI BANDUNG',1),(1076,'INSTITUT TEKNOLOGI BUDI UTOMO',1),(1077,'INSTITUT TEKNOLOGI HARAPAN BANGSA',1),(1078,'INSTITUT TEKNOLOGI INDONESIA',1),(1079,'INSTITUT TEKNOLOGI MEDAN',1),(1080,'INSTITUT TEKNOLOGI MINAESA',1),(1081,'INSTITUT TEKNOLOGI NASIONAL BANDUNG',1),(1082,'INSTITUT TEKNOLOGI NASIONAL MALANG',1),(1083,'INSTITUT TEKNOLOGI PADANG',1),(1084,'INSTITUT TEKNOLOGI PEMBANGUNAN SURABAYA',1),(1085,'INSTITUT TEKNOLOGI SAINS BANDUNG',1),(1086,'INSTITUT TEKNOLOGI SEPULUH NOPEMBER',1),(1087,'INSTITUT TEKNOLOGI TELKOM',1),(1088,'POLITEKNIK ACEH',1),(1089,'POLITEKNIK AGROINDUSTRI',1),(1090,'POLITEKNIK AKAMIGAS PALEMBANG',1),(1091,'POLITEKNIK AL-ISLAM BANDUNG',1),(1092,'POLITEKNIK AMAMAPARE',1),(1093,'POLITEKNIK ANIKA PALEMBANG',1),(1094,'POLITEKNIK API YOGYAKARTA',1),(1095,'POLITEKNIK BALIKPAPAN',1),(1096,'POLITEKNIK BANJARNEGARA',1),(1097,'POLITEKNIK BANYUWANGI',1),(1098,'POLITEKNIK BENGKALIS',1),(1099,'POLITEKNIK BINA BUDAYA CIPTA',1),(1100,'POLITEKNIK BISNIS INDONESIA',1),(1101,'POLITEKNIK BUNDA KANDUNG',1),(1102,'POLITEKNIK CAHAYA SURYA',1),(1103,'POLITEKNIK CALTEX',1),(1104,'POLITEKNIK CILACAP',1),(1105,'POLITEKNIK DHARMA PATRIA',1),(1106,'POLITEKNIK ELEKTRONIK NEGERI SURABAYA',1),(1107,'POLITEKNIK GAJAH SAKTI',1),(1108,'POLITEKNIK GAJAH TUNGGAL',1),(1109,'POLITEKNIK GANESA GURU',1),(1110,'POLITEKNIK GARUDA NUSANTARA BANDUNG',1),(1111,'POLITEKNIK GEOLOGI DAN PERTAMBANGAN AGP',1),(1112,'POLITEKNIK GLOBAL INDONESIA',1),(1113,'POLITEKNIK GORONTALO',1),(1114,'POLITEKNIK GUNAKARYA INDONESIA BEKASI',1),(1115,'POLITEKNIK HARAPAN BERSAMA',1),(1116,'POLITEKNIK INDONUSA SURAKARTA',1),(1117,'POLITEKNIK INDRAMAYU',1),(1118,'POLITEKNIK INDUSTRI DAN NIAGA BANDUNG',1),(1119,'POLITEKNIK INFORMATIKA DEL TOBA SAMOSIR',1),(1120,'POLITEKNIK INTERNASIONAL INDONESIA MAKASSAR',1),(1121,'POLITEKNIK JAMBI',1),(1122,'POLITEKNIK JAWA DWIPA',1),(1123,'POLITEKNIK KAMPAR',1),(1124,'POLITEKNIK KARYA HUSADA',1),(1125,'POLITEKNIK KATOLIK SAINT PAUL',1),(1126,'POLITEKNIK KEDIRI',1),(1127,'POLITEKNIK KELAPA SAWIT CITRA WIDYA EDUKASI',1),(1128,'POLITEKNIK KENT',1),(1129,'POLITEKNIK KESEHATAN BHAKTI PERTIWI HUSADA',1),(1130,'POLITEKNIK KESEHATAN BHAKTI SETYA INDONESIA',1),(1131,'POLITEKNIK KESEHATAN MAJAPAHIT',1),(1132,'POLITEKNIK KESEHATAN PERMATA INDONESIA YOGYAK',1),(1133,'POLITEKNIK KESEHATAN RS DR SOEPRAOEN KESDAM V',1),(1134,'POLITEKNIK KESEHATAN SITEBA',1),(1135,'POLITEKNIK KESEHATAN TNI-AU CIUMBULEUIT',1),(1136,'POLITEKNIK KETAPANG',1),(1137,'POLITEKNIK KOMPUTER NIAGA LPKIA',1),(1138,'POLITEKNIK KOTA MALANG',1),(1139,'POLITEKNIK KOTABARU',1),(1140,'POLITEKNIK KRAKATAU',1),(1141,'POLITEKNIK KRIDATAMA BANDUNG',1),(1142,'POLITEKNIK LP3I BANDUNG',1),(1143,'POLITEKNIK LP3I JAKARTA',1),(1144,'POLITEKNIK LP3I MEDAN',1),(1145,'POLITEKNIK LPP YOGYAKARTA',1),(1146,'POLITEKNIK MA\'ARIF',1),(1147,'POLITEKNIK MADIUN',1),(1148,'POLITEKNIK MALINAU',1),(1149,'POLITEKNIK MANDIRI BINA PRESTASI',1),(1150,'POLITEKNIK MANUFAKTUR ASTRA',1),(1151,'POLITEKNIK MANUFAKTUR BANDUNG',1),(1152,'POLITEKNIK MANUFAKTUR CEPER',1),(1153,'POLITEKNIK MANUFAKTUR IGASA PINDAD',1),(1154,'POLITEKNIK MANUFAKTUR TIMAH',1),(1155,'POLITEKNIK MEGATEK PURWOREJO',1),(1156,'POLITEKNIK MITRA KUSUMA',1),(1157,'POLITEKNIK MUARA DUA',1),(1158,'POLITEKNIK MUARA TEWEH',1),(1159,'POLITEKNIK MUHAMMADIYAH MAGELANG',1),(1160,'POLITEKNIK MUHAMMADIYAH PEKALONGAN',1),(1161,'POLITEKNIK MUHAMMADIYAH YOGYAKARTA',1),(1162,'POLITEKNIK NASIONAL DENPASAR',1),(1163,'POLITEKNIK NEGERI AMBON',1),(1164,'POLITEKNIK NEGERI BALI',1),(1165,'POLITEKNIK NEGERI BANDUNG',1),(1166,'POLITEKNIK NEGERI BANJARMASIN',1),(1167,'POLITEKNIK NEGERI JAKARTA',1),(1168,'POLITEKNIK NEGERI JEMBER',1),(1169,'POLITEKNIK NEGERI KUPANG',1),(1170,'POLITEKNIK NEGERI LAMPUNG',1),(1171,'POLITEKNIK NEGERI LHOKSEUMAWE',1),(1172,'POLITEKNIK NEGERI MALANG',1),(1173,'POLITEKNIK NEGERI MANADO',1),(1174,'POLITEKNIK NEGERI MEDAN',1),(1175,'POLITEKNIK NEGERI PADANG',1),(1176,'POLITEKNIK NEGERI PONTIANAK',1),(1177,'POLITEKNIK NEGERI SAMARINDA',1),(1178,'POLITEKNIK NEGERI SEMARANG',1),(1179,'POLITEKNIK NEGERI SRIWIJAYA',1),(1180,'POLITEKNIK NEGERI UJUNG PANDANG',1),(1181,'POLITEKNIK NSC SURABAYA',1),(1182,'POLITEKNIK NUSA UTARA',1),(1183,'POLITEKNIK PAJAJARAN INSAN CINTA BANGSA BANDU',1),(1184,'POLITEKNIK PALCOMTECH',1),(1185,'POLITEKNIK PALEMBANG DARUSALAM',1),(1186,'POLITEKNIK PASIR PENGARAIAN',1),(1187,'POLITEKNIK PEMALANG',1),(1188,'POLITEKNIK PERDAMAIAN HALMAHERA',1),(1189,'POLITEKNIK PERDANA MANDIRI',1),(1190,'POLITEKNIK PERIKANAN NEGERI TUAL',1),(1191,'POLITEKNIK PERKAPALAN NEGERI SURABAYA',1),(1192,'POLITEKNIK PERTANIAN NEGERI KUPANG',1),(1193,'POLITEKNIK PERTANIAN NEGERI PANGKAJENE KEPULA',1),(1194,'POLITEKNIK PERTANIAN NEGERI PAYAKUMBUH',1),(1195,'POLITEKNIK PERTANIAN NEGERI SAMARINDA',1),(1196,'POLITEKNIK PERTANIAN YASANTO',1),(1197,'POLITEKNIK PIKSI GANESHA',1),(1198,'POLITEKNIK PIKSI INPUT SERANG',1),(1199,'POLITEKNIK POLIPROFESI MEDAN',1),(1200,'POLITEKNIK POS INDONESIA',1),(1201,'POLITEKNIK PPKP',1),(1202,'POLITEKNIK PRAKTISI BANDUNG',1),(1203,'POLITEKNIK PRATAMA',1),(1204,'POLITEKNIK PRATAMA MULIA',1),(1205,'POLITEKNIK PROFESIONAL MANDIRI',1),(1206,'POLITEKNIK PURBAYA',1),(1207,'POLITEKNIK PUSMANU',1),(1208,'POLITEKNIK PUTRA BANGSA PONTIANAK',1),(1209,'POLITEKNIK RAFLESIA',1),(1210,'POLITEKNIK SAINS & TEKNOLOGI WIRATAMA MALUKU ',1),(1211,'POLITEKNIK SAKTI SURABAYA',1),(1212,'POLITEKNIK SANTO THOMAS',1),(1213,'POLITEKNIK SAWUNGGALIH AJI',1),(1214,'POLITEKNIK SEKAYU',1),(1215,'POLITEKNIK SENDAWAR',1),(1216,'POLITEKNIK SENI YOGYAKARTA',1),(1217,'POLITEKNIK ST WILHELMUS',1),(1218,'POLITEKNIK STIBISNIS',1),(1219,'POLITEKNIK SUKABUMI',1),(1220,'POLITEKNIK SURABAYA',1),(1221,'POLITEKNIK SURAKARTA',1),(1222,'POLITEKNIK SWADHARMA',1),(1223,'POLITEKNIK TANJUNGBALAI',1),(1224,'POLITEKNIK TEDC',1),(1225,'POLITEKNIK TELKOM',1),(1226,'POLITEKNIK TERPIKAT SAMBAS',1),(1227,'POLITEKNIK TONGGAK EQUATOR',1),(1228,'POLITEKNIK TRI DHARMA',1),(1229,'POLITEKNIK TRI MITRA KARYA MANDIRI',1),(1230,'POLITEKNIK TRIGUNA TASIKMALAYA',1),(1231,'POLITEKNIK TRIJAYA KRAMA',1),(1232,'POLITEKNIK TRISILA DHARMA',1),(1233,'POLITEKNIK TUGU \'45 MEDAN',1),(1234,'POLITEKNIK TUGU JAKARTA',1),(1235,'POLITEKNIK UBAYA',1),(1236,'POLITEKNIK UNGGUL LP3M',1),(1237,'POLITEKNIK UNGGULAN SRAGEN',1),(1238,'POLITEKNIK UNISMA MALANG',1),(1239,'POLITEKNIK YANADA',1),(1240,'POLITEKNIK YPPB BELITANG',1),(1241,'POLITEKNIK YSHI',1),(1242,'POLITENIK KESEHATAN YAPKESBI SUKABUMI',1),(1243,'SEKOLAH TINGGI ADMINISTRASI MUHAMMADIYAH SELO',1),(1244,'SEKOLAH TINGGI AGAMA ISLAM NEGERI AMBON',1),(1245,'SEKOLAH TINGGI AGAMA ISLAM NEGERI BENGKULU',1),(1246,'SEKOLAH TINGGI AGAMA ISLAM NEGERI CURUP',1),(1247,'SEKOLAH TINGGI AGAMA ISLAM NEGERI DATOKARAMA ',1),(1248,'SEKOLAH TINGGI AGAMA ISLAM NEGERI JEMBER',1),(1249,'SEKOLAH TINGGI AGAMA ISLAM NEGERI JURAI SIWO ',1),(1250,'SEKOLAH TINGGI AGAMA ISLAM NEGERI KEDIRI',1),(1251,'SEKOLAH TINGGI AGAMA ISLAM NEGERI KERINCI SUN',1),(1252,'SEKOLAH TINGGI AGAMA ISLAM NEGERI KUDUS',1),(1253,'SEKOLAH TINGGI AGAMA ISLAM NEGERI MANADO',1),(1254,'SEKOLAH TINGGI AGAMA ISLAM NEGERI PADANG SIDE',1),(1255,'SEKOLAH TINGGI AGAMA ISLAM NEGERI PALANGKA RA',1),(1256,'SEKOLAH TINGGI AGAMA ISLAM NEGERI PALOPO',1),(1257,'SEKOLAH TINGGI AGAMA ISLAM NEGERI PAMEKASAN',1),(1258,'SEKOLAH TINGGI AGAMA ISLAM NEGERI PARE-PARE',1),(1259,'SEKOLAH TINGGI AGAMA ISLAM NEGERI PEKALONGAN',1),(1260,'SEKOLAH TINGGI AGAMA ISLAM NEGERI PONTIANAK',1),(1261,'SEKOLAH TINGGI AGAMA ISLAM NEGERI PROF. DR. H',1),(1262,'SEKOLAH TINGGI AGAMA ISLAM NEGERI PURWOKERTO',1),(1263,'SEKOLAH TINGGI AGAMA ISLAM NEGERI SALATIGA',1),(1264,'SEKOLAH TINGGI AGAMA ISLAM NEGERI SAMARINDA',1),(1265,'SEKOLAH TINGGI AGAMA ISLAM NEGERI SULTAN AMAI',1),(1266,'SEKOLAH TINGGI AGAMA ISLAM NEGERI SULTAN AMAI',1),(1267,'SEKOLAH TINGGI AGAMA ISLAM NEGERI SULTAN MAUL',1),(1268,'SEKOLAH TINGGI AGAMA ISLAM NEGERI SULTAN QAIM',1),(1269,'SEKOLAH TINGGI AGAMA ISLAM NEGERI SURAKARTA',1),(1270,'SEKOLAH TINGGI AGAMA ISLAM NEGERI SYEKH ABDUR',1),(1271,'SEKOLAH TINGGI AGAMA ISLAM NEGERI SYEKH M. DJ',1),(1272,'SEKOLAH TINGGI AGAMA ISLAM NEGERI TERNATE',1),(1273,'SEKOLAH TINGGI AGAMA ISLAM NEGERI TULUNGAGUNG',1),(1274,'SEKOLAH TINGGI AGAMA ISLAM NEGERI WATAMPONE',1),(1275,'SEKOLAH TINGGI AGAMA ISLAM NEGERI WATOE DHAKO',1),(1276,'SEKOLAH TINGGI ANALIS KIMIA CILEGON',1),(1277,'SEKOLAH TINGGI BAHASA ASING BINA DINAMIKA CIA',1),(1278,'SEKOLAH TINGGI BAHASA ASING BUDDHI',1),(1279,'SEKOLAH TINGGI BAHASA ASING CAHAYA SURYA',1),(1280,'SEKOLAH TINGGI BAHASA ASING CAKRAWALA NUSANTA',1),(1281,'SEKOLAH TINGGI BAHASA ASING CIPTO HADI PRANOT',1),(1282,'SEKOLAH TINGGI BAHASA ASING CIREBON',1),(1283,'SEKOLAH TINGGI BAHASA ASING DINAMIK',1),(1284,'SEKOLAH TINGGI BAHASA ASING HARAPAN',1),(1285,'SEKOLAH TINGGI BAHASA ASING HITA WIDYA',1),(1286,'SEKOLAH TINGGI BAHASA ASING IEC BEKASI',1),(1287,'SEKOLAH TINGGI BAHASA ASING IEC JAKARTA',1),(1288,'SEKOLAH TINGGI BAHASA ASING JIA',1),(1289,'SEKOLAH TINGGI BAHASA ASING LIA JAKARTA',1),(1290,'SEKOLAH TINGGI BAHASA ASING LIA YOGYAKARTA',1),(1291,'SEKOLAH TINGGI BAHASA ASING MALANG',1),(1292,'SEKOLAH TINGGI BAHASA ASING MENTARI KUPANG',1),(1293,'SEKOLAH TINGGI BAHASA ASING METHODIST',1),(1294,'SEKOLAH TINGGI BAHASA ASING PERSADA BUNDA',1),(1295,'SEKOLAH TINGGI BAHASA ASING PERTIWI INDONESIA',1),(1296,'SEKOLAH TINGGI BAHASA ASING PRAYOGA',1),(1297,'SEKOLAH TINGGI BAHASA ASING SARASWATI',1),(1298,'SEKOLAH TINGGI BAHASA ASING SATYA WACANA',1),(1299,'SEKOLAH TINGGI BAHASA ASING SEBELAS APRIL SUM',1),(1300,'SEKOLAH TINGGI BAHASA ASING SWADAYA MEDAN',1),(1301,'SEKOLAH TINGGI BAHASA ASING TECHNOCRAT',1),(1302,'SEKOLAH TINGGI BAHASA ASING TEKNOKRAT',1),(1303,'SEKOLAH TINGGI BAHASA ASING WIDYA DHARMA PALE',1),(1304,'SEKOLAH TINGGI BAHASA ASING YAPARI',1),(1305,'SEKOLAH TINGGI BAHASA ASING YUNISLA BANDAR LA',1),(1306,'SEKOLAH TINGGI DESAIN INDONESIA BANDUNG',1),(1307,'SEKOLAH TINGGI DESAIN INTERSTUDI',1),(1308,'SEKOLAH TINGGI ELEKTRONIKA DAN KOMPUTER PAT',1),(1309,'SEKOLAH TINGGI FARMASI BANDUNG',1),(1310,'SEKOLAH TINGGI FARMASI INDONESIA BANDUNG',1),(1311,'SEKOLAH TINGGI FARMASI INDONESIA PERINTIS PAD',1),(1312,'SEKOLAH TINGGI FARMASI MUHAMMADIYAH TANGERANG',1),(1313,'SEKOLAH TINGGI FARMASI YPIB CIREBON',1),(1314,'SEKOLAH TINGGI FASHION IIFI JAKARTA',1),(1315,'SEKOLAH TINGGI FILSAFAT DRIYARKARA',1),(1316,'SEKOLAH TINGGI FILSAFAT FAJAR TIMUR JAYAPURA',1),(1317,'SEKOLAH TINGGI FILSAFAT JAFFRAY MAKASSAR',1),(1318,'SEKOLAH TINGGI FILSAFAT KATOLIK LEDALERO',1),(1319,'SEKOLAH TINGGI FILSAFAT SEMINARI PINELENG',1),(1320,'SEKOLAH TINGGI FILSAFAT TEOLOGI WIDYA SASANA',1),(1321,'SEKOLAH TINGGI FILSAFAT THEOLOGI JAKARTA',1),(1322,'SEKOLAH TINGGI FILSAFAT THEOLOGI S NUSANTARA',1),(1323,'SEKOLAH TINGGI HUKUM BANDUNG',1),(1324,'SEKOLAH TINGGI HUKUM GALUNGGUNG',1),(1325,'SEKOLAH TINGGI HUKUM GARUT',1),(1326,'SEKOLAH TINGGI HUKUM INDONESIA JAKARTA',1),(1327,'SEKOLAH TINGGI HUKUM PASUNDAN',1),(1328,'SEKOLAH TINGGI HUKUM YNI',1),(1329,'SEKOLAH TINGGI ILMU ADMINISTRASI & SEKRETARI ',1),(1330,'SEKOLAH TINGGI ILMU ADMINISTRASI AAN',1),(1331,'SEKOLAH TINGGI ILMU ADMINISTRASI ABDUL HARIS',1),(1332,'SEKOLAH TINGGI ILMU ADMINISTRASI ADABIAH',1),(1333,'SEKOLAH TINGGI ILMU ADMINISTRASI AL GAZALI BA',1),(1334,'SEKOLAH TINGGI ILMU ADMINISTRASI AL GAZALI SO',1),(1335,'SEKOLAH TINGGI ILMU ADMINISTRASI AMUNTAI',1),(1336,'SEKOLAH TINGGI ILMU ADMINISTRASI ASY SYAFI\'IY',1),(1337,'SEKOLAH TINGGI ILMU ADMINISTRASI BAGASASI',1),(1338,'SEKOLAH TINGGI ILMU ADMINISTRASI BANDUNG',1),(1339,'SEKOLAH TINGGI ILMU ADMINISTRASI BANTEN',1),(1340,'SEKOLAH TINGGI ILMU ADMINISTRASI BAYUANGGA',1),(1341,'SEKOLAH TINGGI ILMU ADMINISTRASI BENGKULU',1),(1342,'SEKOLAH TINGGI ILMU ADMINISTRASI BINA TARUNA',1),(1343,'SEKOLAH TINGGI ILMU ADMINISTRASI CIMAHI',1),(1344,'SEKOLAH TINGGI ILMU ADMINISTRASI DARUL RAHMAN',1),(1345,'SEKOLAH TINGGI ILMU ADMINISTRASI DENPASAR',1),(1346,'SEKOLAH TINGGI ILMU ADMINISTRASI ISKANDAR THA',1),(1347,'SEKOLAH TINGGI ILMU ADMINISTRASI KARYA DHARMA',1),(1348,'SEKOLAH TINGGI ILMU ADMINISTRASI KAWULA INDON',1),(1349,'SEKOLAH TINGGI ILMU ADMINISTRASI LANCANG KUNI',1),(1350,'SEKOLAH TINGGI ILMU ADMINISTRASI LANGGUR',1),(1351,'SEKOLAH TINGGI ILMU ADMINISTRASI LPPN',1),(1352,'SEKOLAH TINGGI ILMU ADMINISTRASI MADANI',1),(1353,'SEKOLAH TINGGI ILMU ADMINISTRASI MALANG',1),(1354,'SEKOLAH TINGGI ILMU ADMINISTRASI MANDALA INDO',1),(1355,'SEKOLAH TINGGI ILMU ADMINISTRASI MATARAM',1),(1356,'SEKOLAH TINGGI ILMU ADMINISTRASI MAULANA YUSU',1),(1357,'SEKOLAH TINGGI ILMU ADMINISTRASI MENARA SISWA',1),(1358,'SEKOLAH TINGGI ILMU ADMINISTRASI NASIONAL',1),(1359,'SEKOLAH TINGGI ILMU ADMINISTRASI PAGARUYUNG',1),(1360,'SEKOLAH TINGGI ILMU ADMINISTRASI PANCAMARGA P',1),(1361,'SEKOLAH TINGGI ILMU ADMINISTRASI PANGLIMA SUD',1),(1362,'SEKOLAH TINGGI ILMU ADMINISTRASI PELITA NUSAN',1),(1363,'SEKOLAH TINGGI ILMU ADMINISTRASI PEMBANGUNAN',1),(1364,'SEKOLAH TINGGI ILMU ADMINISTRASI PEMBANGUNAN',1),(1365,'SEKOLAH TINGGI ILMU ADMINISTRASI PRIMA',1),(1366,'SEKOLAH TINGGI ILMU ADMINISTRASI SAID PERINTA',1),(1367,'SEKOLAH TINGGI ILMU ADMINISTRASI SANDIKTA',1),(1368,'SEKOLAH TINGGI ILMU ADMINISTRASI SATYA NEGARA',1),(1369,'SEKOLAH TINGGI ILMU ADMINISTRASI SAUMLAKI',1),(1370,'SEKOLAH TINGGI ILMU ADMINISTRASI SEBELAS APRI',1),(1371,'SEKOLAH TINGGI ILMU ADMINISTRASI SETIH SETIO',1),(1372,'SEKOLAH TINGGI ILMU ADMINISTRASI TABALONG',1),(1373,'SEKOLAH TINGGI ILMU ADMINISTRASI TRINITAS',1),(1374,'SEKOLAH TINGGI ILMU ADMINISTRASI YAPANN',1),(1375,'SEKOLAH TINGGI ILMU ADMINISTRASI YAPPI MAKASS',1),(1376,'SEKOLAH TINGGI ILMU ADMINISTRASI YPIAMI',1),(1377,'SEKOLAH TINGGI ILMU ADMINISTRASI YPPT TASIKMA',1),(1378,'SEKOLAH TINGGI ILMU BAHASA ASING BUMI BERINGI',1),(1379,'SEKOLAH TINGGI ILMU BAHASA ASING INVADA',1),(1380,'SEKOLAH TINGGI ILMU BAHASA ASING ITMI MEDAN',1),(1381,'SEKOLAH TINGGI ILMU BAHASA ASING NUSA MANDIRI',1),(1382,'SEKOLAH TINGGI ILMU BAHASA ASING PALANGKA RAY',1),(1383,'SEKOLAH TINGGI ILMU BAHASA BANTEN RAYA',1),(1384,'SEKOLAH TINGGI ILMU BAHASA DAN SASTRA SATYA W',1),(1385,'SEKOLAH TINGGI ILMU EKONOMI 45 MATARAM',1),(1386,'SEKOLAH TINGGI ILMU EKONOMI ABDI NUSA',1),(1387,'SEKOLAH TINGGI ILMU EKONOMI ADHY NIAGA',1),(1388,'SEKOLAH TINGGI ILMU EKONOMI ADI UNGGUL BHIRAW',1),(1389,'SEKOLAH TINGGI ILMU EKONOMI ADIKOESOEMA',1),(1390,'SEKOLAH TINGGI ILMU EKONOMI AHMAD DAHLAN JAKA',1),(1391,'SEKOLAH TINGGI ILMU EKONOMI AL-ANWAR',1),(1392,'SEKOLAH TINGGI ILMU EKONOMI AL-HIKMAH',1),(1393,'SEKOLAH TINGGI ILMU EKONOMI AL-KHAIRIYAH',1),(1394,'SEKOLAH TINGGI ILMU EKONOMI AL-WASHLIYAH',1),(1395,'SEKOLAH TINGGI ILMU EKONOMI AMA',1),(1396,'SEKOLAH TINGGI ILMU EKONOMI AMKOP MAKASSAR',1),(1397,'SEKOLAH TINGGI ILMU EKONOMI AMM',1),(1398,'SEKOLAH TINGGI ILMU EKONOMI AMOR',1),(1399,'SEKOLAH TINGGI ILMU EKONOMI AMSIR PARE-PARE',1),(1400,'SEKOLAH TINGGI ILMU EKONOMI ANINDYAGUNA',1),(1401,'SEKOLAH TINGGI ILMU EKONOMI APRIN',1),(1402,'SEKOLAH TINGGI ILMU EKONOMI ARTHA BODHI ISWAR',1),(1403,'SEKOLAH TINGGI ILMU EKONOMI ASIA MALANG',1),(1404,'SEKOLAH TINGGI ILMU EKONOMI ASSHOLEH',1),(1405,'SEKOLAH TINGGI ILMU EKONOMI ATMA BHAKTI',1),(1406,'SEKOLAH TINGGI ILMU EKONOMI BAJIMINASA MAKASS',1),(1407,'SEKOLAH TINGGI ILMU EKONOMI BALIKPAPAN',1),(1408,'SEKOLAH TINGGI ILMU EKONOMI BANGKINANG',1),(1409,'SEKOLAH TINGGI ILMU EKONOMI BANK BPD JAWA TEN',1),(1410,'SEKOLAH TINGGI ILMU EKONOMI BANTEN',1),(1411,'SEKOLAH TINGGI ILMU EKONOMI BENTARA PERSADA B',1),(1412,'SEKOLAH TINGGI ILMU EKONOMI BHAKTI PEMBANGUNA',1),(1413,'SEKOLAH TINGGI ILMU EKONOMI BII BEKASI',1),(1414,'SEKOLAH TINGGI ILMU EKONOMI BIMA',1),(1415,'SEKOLAH TINGGI ILMU EKONOMI BINA BANGSA',1),(1416,'SEKOLAH TINGGI ILMU EKONOMI BINA KARYA',1),(1417,'SEKOLAH TINGGI ILMU EKONOMI BINANIAGA',1),(1418,'SEKOLAH TINGGI ILMU EKONOMI BISMA LEPISI',1),(1419,'SEKOLAH TINGGI ILMU EKONOMI BISNIS DAN PERBAN',1),(1420,'SEKOLAH TINGGI ILMU EKONOMI BISNIS INDONESIA',1),(1421,'SEKOLAH TINGGI ILMU EKONOMI BOEDI OETOMO',1),(1422,'SEKOLAH TINGGI ILMU EKONOMI BONGAYA YPBUP MAK',1),(1423,'SEKOLAH TINGGI ILMU EKONOMI BUDHI TANGERANG',1),(1424,'SEKOLAH TINGGI ILMU EKONOMI BUDI PERTIWI',1),(1425,'SEKOLAH TINGGI ILMU EKONOMI BUDI UTOMO MANADO',1),(1426,'SEKOLAH TINGGI ILMU EKONOMI BUKIT ZAITUN SORO',1),(1427,'SEKOLAH TINGGI ILMU EKONOMI BULUNGAN TARAKAN',1),(1428,'SEKOLAH TINGGI ILMU EKONOMI CAKRAWALA BATAM',1),(1429,'SEKOLAH TINGGI ILMU EKONOMI CANDA BHIRAWA',1),(1430,'SEKOLAH TINGGI ILMU EKONOMI CENDEKIA BOJONEGO',1),(1431,'SEKOLAH TINGGI ILMU EKONOMI CENDEKIA KARYA UT',1),(1432,'SEKOLAH TINGGI ILMU EKONOMI CIPASUNG',1),(1433,'SEKOLAH TINGGI ILMU EKONOMI CIREBON',1),(1434,'SEKOLAH TINGGI ILMU EKONOMI DAHANI DAHANAI BU',1),(1435,'SEKOLAH TINGGI ILMU EKONOMI DEWANTARA',1),(1436,'SEKOLAH TINGGI ILMU EKONOMI DHARMA AGUNG BAND',1),(1437,'SEKOLAH TINGGI ILMU EKONOMI DHARMA ANDALAS',1),(1438,'SEKOLAH TINGGI ILMU EKONOMI DHARMA BARATA KEN',1),(1439,'SEKOLAH TINGGI ILMU EKONOMI DHARMA BUMI PUTRA',1),(1440,'SEKOLAH TINGGI ILMU EKONOMI DHARMA ISWARA',1),(1441,'SEKOLAH TINGGI ILMU EKONOMI DHARMA NASIONAL',1),(1442,'SEKOLAH TINGGI ILMU EKONOMI DHARMA PUTRA PEKA',1),(1443,'SEKOLAH TINGGI ILMU EKONOMI DHARMA PUTRA SEMA',1),(1444,'SEKOLAH TINGGI ILMU EKONOMI DR KH EZ MUTAQIEN',1),(1445,'SEKOLAH TINGGI ILMU EKONOMI DR MOECHTAR TALIB',1),(1446,'SEKOLAH TINGGI ILMU EKONOMI DWI SAKTI BATURAJ',1),(1447,'SEKOLAH TINGGI ILMU EKONOMI DWIPA WACANA',1),(1448,'SEKOLAH TINGGI ILMU EKONOMI EBEN HAEZER MANAD',1),(1449,'SEKOLAH TINGGI ILMU EKONOMI EKA PRASETYA',1),(1450,'SEKOLAH TINGGI ILMU EKONOMI EKUITAS',1),(1451,'SEKOLAH TINGGI ILMU EKONOMI EL FATAH MANADO',1),(1452,'SEKOLAH TINGGI ILMU EKONOMI ENAM ENAM KENDARI',1),(1453,'SEKOLAH TINGGI ILMU EKONOMI FAJAR',1),(1454,'SEKOLAH TINGGI ILMU EKONOMI FATAHILLAH',1),(1455,'SEKOLAH TINGGI ILMU EKONOMI GANDHI',1),(1456,'SEKOLAH TINGGI ILMU EKONOMI GANESHA',1),(1457,'SEKOLAH TINGGI ILMU EKONOMI GEMA WIDYA BANGSA',1),(1458,'SEKOLAH TINGGI ILMU EKONOMI GEMPOL',1),(1459,'SEKOLAH TINGGI ILMU EKONOMI GENTIARAS',1),(1460,'SEKOLAH TINGGI ILMU EKONOMI GICI',1),(1461,'SEKOLAH TINGGI ILMU EKONOMI GOTONG ROYONG',1),(1462,'SEKOLAH TINGGI ILMU EKONOMI GRAHA KIRANA',1),(1463,'SEKOLAH TINGGI ILMU EKONOMI GUNUNG LEUSER',1),(1464,'SEKOLAH TINGGI ILMU EKONOMI H AGUS SALIM',1),(1465,'SEKOLAH TINGGI ILMU EKONOMI HARAPAN',1),(1466,'SEKOLAH TINGGI ILMU EKONOMI HARAPAN BANGSA',1),(1467,'SEKOLAH TINGGI ILMU EKONOMI HIDAYATULLAH DEPO',1),(1468,'SEKOLAH TINGGI ILMU EKONOMI IBBI',1),(1469,'SEKOLAH TINGGI ILMU EKONOMI IBMT',1),(1470,'SEKOLAH TINGGI ILMU EKONOMI IBNUSINA',1),(1471,'SEKOLAH TINGGI ILMU EKONOMI ICHSAN',1),(1472,'SEKOLAH TINGGI ILMU EKONOMI IEU',1),(1473,'SEKOLAH TINGGI ILMU EKONOMI IGI',1),(1474,'SEKOLAH TINGGI ILMU EKONOMI INABA',1),(1475,'SEKOLAH TINGGI ILMU EKONOMI INDOCAKTI',1),(1476,'SEKOLAH TINGGI ILMU EKONOMI INDONESIA BANDA A',1),(1477,'SEKOLAH TINGGI ILMU EKONOMI INDONESIA BANJARM',1),(1478,'SEKOLAH TINGGI ILMU EKONOMI INDONESIA JAKARTA',1),(1479,'SEKOLAH TINGGI ILMU EKONOMI INDONESIA MAKASSA',1),(1480,'SEKOLAH TINGGI ILMU EKONOMI INDONESIA MALANG',1),(1481,'SEKOLAH TINGGI ILMU EKONOMI INDONESIA MEDAN',1),(1482,'SEKOLAH TINGGI ILMU EKONOMI INDONESIA PONTIAN',1),(1483,'SEKOLAH TINGGI ILMU EKONOMI INDONESIA SURABAY',1),(1484,'SEKOLAH TINGGI ILMU EKONOMI INDRAGIRI RENGAT',1),(1485,'SEKOLAH TINGGI ILMU EKONOMI INSAN PEMBANGUNAN',1),(1486,'SEKOLAH TINGGI ILMU EKONOMI IPWI JAKARTA',1),(1487,'SEKOLAH TINGGI ILMU EKONOMI ISLAMIYAH',1),(1488,'SEKOLAH TINGGI ILMU EKONOMI ISM',1),(1489,'SEKOLAH TINGGI ILMU EKONOMI ISTI EKATANA UPAW',1),(1490,'SEKOLAH TINGGI ILMU EKONOMI ITMI MEDAN',1),(1491,'SEKOLAH TINGGI ILMU EKONOMI JAMBI',1),(1492,'SEKOLAH TINGGI ILMU EKONOMI JAYA NEGARA',1),(1493,'SEKOLAH TINGGI ILMU EKONOMI JAYAKARTA',1),(1494,'SEKOLAH TINGGI ILMU EKONOMI JAYAKUSUMA',1),(1495,'SEKOLAH TINGGI ILMU EKONOMI JEMBATAN BULAN',1),(1496,'SEKOLAH TINGGI ILMU EKONOMI KALPATARU',1),(1497,'SEKOLAH TINGGI ILMU EKONOMI KAMPUS UNGU',1),(1498,'SEKOLAH TINGGI ILMU EKONOMI KASIH BANGSA',1),(1499,'SEKOLAH TINGGI ILMU EKONOMI KBP',1),(1500,'SEKOLAH TINGGI ILMU EKONOMI KEBANGSAAN BIREUE',1),(1501,'SEKOLAH TINGGI ILMU EKONOMI KERJA SAMA',1),(1502,'SEKOLAH TINGGI ILMU EKONOMI KERTANEGARA',1),(1503,'SEKOLAH TINGGI ILMU EKONOMI KESATUAN',1),(1504,'SEKOLAH TINGGI ILMU EKONOMI KESUMANEGARA',1),(1505,'SEKOLAH TINGGI ILMU EKONOMI KH AHMAD DAHLAN',1),(1506,'SEKOLAH TINGGI ILMU EKONOMI KOPERASI MALANG',1),(1507,'SEKOLAH TINGGI ILMU EKONOMI KOSGORO',1),(1508,'SEKOLAH TINGGI ILMU EKONOMI KRIDATAMA BANDUNG',1),(1509,'SEKOLAH TINGGI ILMU EKONOMI KUALA KAPUAS',1),(1510,'SEKOLAH TINGGI ILMU EKONOMI KUSUMANAGARA',1),(1511,'SEKOLAH TINGGI ILMU EKONOMI LA TANSA MASHIRO',1),(1512,'SEKOLAH TINGGI ILMU EKONOMI LABUHAN BATU',1),(1513,'SEKOLAH TINGGI ILMU EKONOMI LAMADDUKELLENG',1),(1514,'SEKOLAH TINGGI ILMU EKONOMI LAMAPPOLEONRO',1),(1515,'SEKOLAH TINGGI ILMU EKONOMI LAMPUNG',1),(1516,'SEKOLAH TINGGI ILMU EKONOMI LAMPUNG TIMUR',1),(1517,'SEKOLAH TINGGI ILMU EKONOMI LATIFAH MUBAROKIY',1),(1518,'SEKOLAH TINGGI ILMU EKONOMI LEMBAH DEMPO',1),(1519,'SEKOLAH TINGGI ILMU EKONOMI LHOKSEUMAWE',1),(1520,'SEKOLAH TINGGI ILMU EKONOMI LM IMMANUEL INDON',1),(1521,'SEKOLAH TINGGI ILMU EKONOMI LPI MAKASSAR',1),(1522,'SEKOLAH TINGGI ILMU EKONOMI LUBUK SIKAPING',1),(1523,'SEKOLAH TINGGI ILMU EKONOMI MAH-EISA',1),(1524,'SEKOLAH TINGGI ILMU EKONOMI MAHARDHIKA',1),(1525,'SEKOLAH TINGGI ILMU EKONOMI MAIJI',1),(1526,'SEKOLAH TINGGI ILMU EKONOMI MAKASSAR MAJU',1),(1527,'SEKOLAH TINGGI ILMU EKONOMI MALANGKUCECWARA',1),(1528,'SEKOLAH TINGGI ILMU EKONOMI MANAJEMEN RUTU NU',1),(1529,'SEKOLAH TINGGI ILMU EKONOMI MANDALA',1),(1530,'SEKOLAH TINGGI ILMU EKONOMI MARS',1),(1531,'SEKOLAH TINGGI ILMU EKONOMI MIFTAHUL HUDA SUB',1),(1532,'SEKOLAH TINGGI ILMU EKONOMI MITRA INDONESIA',1),(1533,'SEKOLAH TINGGI ILMU EKONOMI MITRA LAMPUNG',1),(1534,'SEKOLAH TINGGI ILMU EKONOMI MOH HUSNI THAMRIN',1),(1535,'SEKOLAH TINGGI ILMU EKONOMI MUARA TEWEH',1),(1536,'SEKOLAH TINGGI ILMU EKONOMI MUHAMMADIYAH BAND',1),(1537,'SEKOLAH TINGGI ILMU EKONOMI MUHAMMADIYAH CILA',1),(1538,'SEKOLAH TINGGI ILMU EKONOMI MUHAMMADIYAH JAKA',1),(1539,'SEKOLAH TINGGI ILMU EKONOMI MUHAMMADIYAH JAMB',1),(1540,'SEKOLAH TINGGI ILMU EKONOMI MUHAMMADIYAH KALI',1),(1541,'SEKOLAH TINGGI ILMU EKONOMI MUHAMMADIYAH KISA',1),(1542,'SEKOLAH TINGGI ILMU EKONOMI MUHAMMADIYAH MAMU',1),(1543,'SEKOLAH TINGGI ILMU EKONOMI MUHAMMADIYAH PALO',1),(1544,'SEKOLAH TINGGI ILMU EKONOMI MUHAMMADIYAH PRIN',1),(1545,'SEKOLAH TINGGI ILMU EKONOMI MUHAMMADIYAH SAMA',1),(1546,'SEKOLAH TINGGI ILMU EKONOMI MUHAMMADIYAH TANG',1),(1547,'SEKOLAH TINGGI ILMU EKONOMI MUHAMMADIYAH TUBA',1),(1548,'SEKOLAH TINGGI ILMU EKONOMI MUJAHIDIN',1),(1549,'SEKOLAH TINGGI ILMU EKONOMI MULIA DARMA PRATA',1),(1550,'SEKOLAH TINGGI ILMU EKONOMI MULIA PRATAMA',1),(1551,'SEKOLAH TINGGI ILMU EKONOMI MULIA SINGKAWANG',1),(1552,'SEKOLAH TINGGI ILMU EKONOMI MUSI',1),(1553,'SEKOLAH TINGGI ILMU EKONOMI MUSI RAWAS',1),(1554,'SEKOLAH TINGGI ILMU EKONOMI NAHDLATUL ULAMA',1),(1555,'SEKOLAH TINGGI ILMU EKONOMI NASIONAL',1),(1556,'SEKOLAH TINGGI ILMU EKONOMI NASIONAL BANJARMA',1),(1557,'SEKOLAH TINGGI ILMU EKONOMI NASIONAL INDONESI',1),(1558,'SEKOLAH TINGGI ILMU EKONOMI NASIONAL SAMARIND',1),(1559,'SEKOLAH TINGGI ILMU EKONOMI NGANJUK',1),(1560,'SEKOLAH TINGGI ILMU EKONOMI NU TRATE',1),(1561,'SEKOLAH TINGGI ILMU EKONOMI NUSA BANGSA',1),(1562,'SEKOLAH TINGGI ILMU EKONOMI NUSA MEGAR KENCAN',1),(1563,'SEKOLAH TINGGI ILMU EKONOMI NUSANTARA MAKASSA',1),(1564,'SEKOLAH TINGGI ILMU EKONOMI OEMATHONIS',1),(1565,'SEKOLAH TINGGI ILMU EKONOMI OTTOW & GEISSLER ',1),(1566,'SEKOLAH TINGGI ILMU EKONOMI PAGARUYUNG',1),(1567,'SEKOLAH TINGGI ILMU EKONOMI PALANGKA RAYA',1),(1568,'SEKOLAH TINGGI ILMU EKONOMI PANCA BHAKTI PALU',1),(1569,'SEKOLAH TINGGI ILMU EKONOMI PANCASETIA',1),(1570,'SEKOLAH TINGGI ILMU EKONOMI PANDU MADANIA',1),(1571,'SEKOLAH TINGGI ILMU EKONOMI PARIPURNA',1),(1572,'SEKOLAH TINGGI ILMU EKONOMI PARIWISATA',1),(1573,'SEKOLAH TINGGI ILMU EKONOMI PARIWISATA API',1),(1574,'SEKOLAH TINGGI ILMU EKONOMI PARIWISATA INDONE',1),(1575,'SEKOLAH TINGGI ILMU EKONOMI PARIWISATA SATYA ',1),(1576,'SEKOLAH TINGGI ILMU EKONOMI PARIWISATA YAPARI',1),(1577,'SEKOLAH TINGGI ILMU EKONOMI PASUNDAN',1),(1578,'SEKOLAH TINGGI ILMU EKONOMI PATRIA ARTHA',1),(1579,'SEKOLAH TINGGI ILMU EKONOMI PELITA BANGSA',1),(1580,'SEKOLAH TINGGI ILMU EKONOMI PELITA BANGSA',1),(1581,'SEKOLAH TINGGI ILMU EKONOMI PELITA BUANA',1),(1582,'SEKOLAH TINGGI ILMU EKONOMI PELITA INDONESIA',1),(1583,'SEKOLAH TINGGI ILMU EKONOMI PELITA NUSANTARA',1),(1584,'SEKOLAH TINGGI ILMU EKONOMI PEMBANGUNAN',1),(1585,'SEKOLAH TINGGI ILMU EKONOMI PEMBANGUNAN INDON',1),(1586,'SEKOLAH TINGGI ILMU EKONOMI PEMNAS INDONESIA',1),(1587,'SEKOLAH TINGGI ILMU EKONOMI PEMUDA',1),(1588,'SEKOLAH TINGGI ILMU EKONOMI PENGUJI SUKABUMI',1),(1589,'SEKOLAH TINGGI ILMU EKONOMI PERBANAS SURABAYA',1),(1590,'SEKOLAH TINGGI ILMU EKONOMI PERBANKAN INDONES',1),(1591,'SEKOLAH TINGGI ILMU EKONOMI PERDAGANGAN',1),(1592,'SEKOLAH TINGGI ILMU EKONOMI PERSADA BUNDA',1),(1593,'SEKOLAH TINGGI ILMU EKONOMI PERTIBA',1),(1594,'SEKOLAH TINGGI ILMU EKONOMI PERTIWI',1),(1595,'SEKOLAH TINGGI ILMU EKONOMI PETRA',1),(1596,'SEKOLAH TINGGI ILMU EKONOMI PGRI DEWANTARA',1),(1597,'SEKOLAH TINGGI ILMU EKONOMI PGRI SUKABUMI',1),(1598,'SEKOLAH TINGGI ILMU EKONOMI PIONER MANADO',1),(1599,'SEKOLAH TINGGI ILMU EKONOMI PONTIANAK',1),(1600,'SEKOLAH TINGGI ILMU EKONOMI PORT NUMBAY JAYAP',1),(1601,'SEKOLAH TINGGI ILMU EKONOMI PPI',1),(1602,'SEKOLAH TINGGI ILMU EKONOMI PRABUMULIH',1),(1603,'SEKOLAH TINGGI ILMU EKONOMI PURNA GRAHA',1),(1604,'SEKOLAH TINGGI ILMU EKONOMI PUTRA BANGSA',1),(1605,'SEKOLAH TINGGI ILMU EKONOMI PUTRA TIMOR',1),(1606,'SEKOLAH TINGGI ILMU EKONOMI RAGAM TUNAS',1),(1607,'SEKOLAH TINGGI ILMU EKONOMI RAHMANIYAH',1),(1608,'SEKOLAH TINGGI ILMU EKONOMI RAJAWALI',1),(1609,'SEKOLAH TINGGI ILMU EKONOMI REZKY',1),(1610,'SEKOLAH TINGGI ILMU EKONOMI RIAMA',1),(1611,'SEKOLAH TINGGI ILMU EKONOMI RIAU',1),(1612,'SEKOLAH TINGGI ILMU EKONOMI SABANG',1),(1613,'SEKOLAH TINGGI ILMU EKONOMI SAILENDRA',1),(1614,'SEKOLAH TINGGI ILMU EKONOMI SAKTI ALAM KERINC',1),(1615,'SEKOLAH TINGGI ILMU EKONOMI SAMARINDA',1),(1616,'SEKOLAH TINGGI ILMU EKONOMI SAMPIT',1),(1617,'SEKOLAH TINGGI ILMU EKONOMI SANTA URSULA',1),(1618,'SEKOLAH TINGGI ILMU EKONOMI SATRIA',1),(1619,'SEKOLAH TINGGI ILMU EKONOMI SATU NUSA',1),(1620,'SEKOLAH TINGGI ILMU EKONOMI SATYA DHARMA',1),(1621,'SEKOLAH TINGGI ILMU EKONOMI SAUMLAKI',1),(1622,'SEKOLAH TINGGI ILMU EKONOMI SBI',1),(1623,'SEKOLAH TINGGI ILMU EKONOMI SEBELAS APRIL',1),(1624,'SEKOLAH TINGGI ILMU EKONOMI SEMARANG',1),(1625,'SEKOLAH TINGGI ILMU EKONOMI SERASAN MUARA ENI',1),(1626,'SEKOLAH TINGGI ILMU EKONOMI SERELO LAHAT',1),(1627,'SEKOLAH TINGGI ILMU EKONOMI ST PIGNATELLI',1),(1628,'SEKOLAH TINGGI ILMU EKONOMI STAN IM',1),(1629,'SEKOLAH TINGGI ILMU EKONOMI STEMBI',1),(1630,'SEKOLAH TINGGI ILMU EKONOMI STMY',1),(1631,'SEKOLAH TINGGI ILMU EKONOMI SULAWESI UTARA',1),(1632,'SEKOLAH TINGGI ILMU EKONOMI SULTAN AGUNG',1),(1633,'SEKOLAH TINGGI ILMU EKONOMI SUMBAR',1),(1634,'SEKOLAH TINGGI ILMU EKONOMI SUPRA',1),(1635,'SEKOLAH TINGGI ILMU EKONOMI SURAKARTA',1),(1636,'SEKOLAH TINGGI ILMU EKONOMI SURYA NUSANTARA',1),(1637,'SEKOLAH TINGGI ILMU EKONOMI SUTAATMADJA',1),(1638,'SEKOLAH TINGGI ILMU EKONOMI SWADAYA',1),(1639,'SEKOLAH TINGGI ILMU EKONOMI SWADAYA MANADO',1),(1640,'SEKOLAH TINGGI ILMU EKONOMI SWADAYA MEDAN',1),(1641,'SEKOLAH TINGGI ILMU EKONOMI SWASTA MANDIRI',1),(1642,'SEKOLAH TINGGI ILMU EKONOMI TAMAN SISWA',1),(1643,'SEKOLAH TINGGI ILMU EKONOMI TAMANSISWA',1),(1644,'SEKOLAH TINGGI ILMU EKONOMI TANJUNG SELOR',1),(1645,'SEKOLAH TINGGI ILMU EKONOMI TENGGARONG',1),(1646,'SEKOLAH TINGGI ILMU EKONOMI TOTALWIN',1),(1647,'SEKOLAH TINGGI ILMU EKONOMI TRI BHAKTI',1),(1648,'SEKOLAH TINGGI ILMU EKONOMI TRI DHARMA NUSANT',1),(1649,'SEKOLAH TINGGI ILMU EKONOMI TRI DHARMA WIDYA',1),(1650,'SEKOLAH TINGGI ILMU EKONOMI TRIANANDRA',1),(1651,'SEKOLAH TINGGI ILMU EKONOMI TRIANANDRA',1),(1652,'SEKOLAH TINGGI ILMU EKONOMI TRIATMA MULYA',1),(1653,'SEKOLAH TINGGI ILMU EKONOMI TRIBUANA TAMBUN',1),(1654,'SEKOLAH TINGGI ILMU EKONOMI TRICOM',1),(1655,'SEKOLAH TINGGI ILMU EKONOMI TRIDHARMA',1),(1656,'SEKOLAH TINGGI ILMU EKONOMI TRIGUNA',1),(1657,'SEKOLAH TINGGI ILMU EKONOMI TRIGUNA',1),(1658,'SEKOLAH TINGGI ILMU EKONOMI TRISAKTI',1),(1659,'SEKOLAH TINGGI ILMU EKONOMI TRISNA NEGARA',1),(1660,'SEKOLAH TINGGI ILMU EKONOMI TUNAS NUSANTARA',1),(1661,'SEKOLAH TINGGI ILMU EKONOMI TUNAS PATRIA',1),(1662,'SEKOLAH TINGGI ILMU EKONOMI UMEL',1),(1663,'SEKOLAH TINGGI ILMU EKONOMI URIP SUMOHARDJO',1),(1664,'SEKOLAH TINGGI ILMU EKONOMI WAHIDIYAH',1),(1665,'SEKOLAH TINGGI ILMU EKONOMI WIBAWA KARTA RAHA',1),(1666,'SEKOLAH TINGGI ILMU EKONOMI WIDYA DARMA',1),(1667,'SEKOLAH TINGGI ILMU EKONOMI WIDYA DHARMA',1),(1668,'SEKOLAH TINGGI ILMU EKONOMI WIDYA DHARMA',1),(1669,'SEKOLAH TINGGI ILMU EKONOMI WIDYA DHARMA',1),(1670,'SEKOLAH TINGGI ILMU EKONOMI WIDYA GAMA',1),(1671,'SEKOLAH TINGGI ILMU EKONOMI WIDYA JAYAKARTA',1),(1672,'SEKOLAH TINGGI ILMU EKONOMI WIDYA MANGGALA',1),(1673,'SEKOLAH TINGGI ILMU EKONOMI WIDYA MANGGALIA',1),(1674,'SEKOLAH TINGGI ILMU EKONOMI WIDYA PERSADA',1),(1675,'SEKOLAH TINGGI ILMU EKONOMI WIDYA PRAJA',1),(1676,'SEKOLAH TINGGI ILMU EKONOMI WIDYA WIWAHA',1),(1677,'SEKOLAH TINGGI ILMU EKONOMI WIJAYA MULYA',1),(1678,'SEKOLAH TINGGI ILMU EKONOMI WILWATIKTA',1),(1679,'SEKOLAH TINGGI ILMU EKONOMI WIRA BAKTI',1),(1680,'SEKOLAH TINGGI ILMU EKONOMI WIRA BHAKTI',1),(1681,'SEKOLAH TINGGI ILMU EKONOMI WIRAWACANA',1),(1682,'SEKOLAH TINGGI ILMU EKONOMI WIYATAMANDALA',1),(1683,'SEKOLAH TINGGI ILMU EKONOMI Y P KAMPUS',1),(1684,'SEKOLAH TINGGI ILMU EKONOMI YADIKA BANGIL',1),(1685,'SEKOLAH TINGGI ILMU EKONOMI YAI',1),(1686,'SEKOLAH TINGGI ILMU EKONOMI YAPAN',1),(1687,'SEKOLAH TINGGI ILMU EKONOMI YAPI BONE',1),(1688,'SEKOLAH TINGGI ILMU EKONOMI YAPIS',1),(1689,'SEKOLAH TINGGI ILMU EKONOMI YAPMAN MAJENE',1),(1690,'SEKOLAH TINGGI ILMU EKONOMI YAPTI JENEPONTO',1),(1691,'SEKOLAH TINGGI ILMU EKONOMI YASA ANGGANA',1),(1692,'SEKOLAH TINGGI ILMU EKONOMI YASMI',1),(1693,'SEKOLAH TINGGI ILMU EKONOMI YKP',1),(1694,'SEKOLAH TINGGI ILMU EKONOMI YKPN',1),(1695,'SEKOLAH TINGGI ILMU EKONOMI YP-KARYA',1),(1696,'SEKOLAH TINGGI ILMU EKONOMI YPBI',1),(1697,'SEKOLAH TINGGI ILMU EKONOMI YPHB',1),(1698,'SEKOLAH TINGGI ILMU EKONOMI YPM SEPANJANG',1),(1699,'SEKOLAH TINGGI ILMU EKONOMI YPN',1),(1700,'SEKOLAH TINGGI ILMU EKONOMI YPPI',1),(1701,'SEKOLAH TINGGI ILMU EKONOMI YPUP MAKASSAR',1),(1702,'SEKOLAH TINGGI ILMU FARMASI BHAKTI PERTIWI',1),(1703,'SEKOLAH TINGGI ILMU FARMASI MAKASSAR',1),(1704,'SEKOLAH TINGGI ILMU FARMASI PADANG',1),(1705,'SEKOLAH TINGGI ILMU FARMASI PELITA MAS',1),(1706,'SEKOLAH TINGGI ILMU FARMASI RIAU',1),(1707,'SEKOLAH TINGGI ILMU FARMASI YAYASAN PHARMASI',1),(1708,'SEKOLAH TINGGI ILMU HUKUM AL-HIKMAH',1),(1709,'SEKOLAH TINGGI ILMU HUKUM AMSIR',1),(1710,'SEKOLAH TINGGI ILMU HUKUM BENTENG HURABA',1),(1711,'SEKOLAH TINGGI ILMU HUKUM BIAK-PAPUA',1),(1712,'SEKOLAH TINGGI ILMU HUKUM BINTUNI',1),(1713,'SEKOLAH TINGGI ILMU HUKUM COKROMINOTO',1),(1714,'SEKOLAH TINGGI ILMU HUKUM DAMARICA PALOPO',1),(1715,'SEKOLAH TINGGI ILMU HUKUM DHARMA ANDHIGA',1),(1716,'SEKOLAH TINGGI ILMU HUKUM GRAHA KIRANA',1),(1717,'SEKOLAH TINGGI ILMU HUKUM GUNUNG JATI',1),(1718,'SEKOLAH TINGGI ILMU HUKUM HABARING HURUNG SAM',1),(1719,'SEKOLAH TINGGI ILMU HUKUM INDONESIA MEDAN',1),(1720,'SEKOLAH TINGGI ILMU HUKUM JENDERAL SUDIRMAN',1),(1721,'SEKOLAH TINGGI ILMU HUKUM KUALA KAPUAS',1),(1722,'SEKOLAH TINGGI ILMU HUKUM LABUHAN BATU',1),(1723,'SEKOLAH TINGGI ILMU HUKUM LAMADDUKELLENG',1),(1724,'SEKOLAH TINGGI ILMU HUKUM LPIHM-IBLM',1),(1725,'SEKOLAH TINGGI ILMU HUKUM LUBUK SIKAPING',1),(1726,'SEKOLAH TINGGI ILMU HUKUM MANOKWARI',1),(1727,'SEKOLAH TINGGI ILMU HUKUM MUHAMMADIYAH BIMA',1),(1728,'SEKOLAH TINGGI ILMU HUKUM MUHAMMADIYAH KALIAN',1),(1729,'SEKOLAH TINGGI ILMU HUKUM MUHAMMADIYAH KISARA',1),(1730,'SEKOLAH TINGGI ILMU HUKUM MUHAMMADIYAH KOTABU',1),(1731,'SEKOLAH TINGGI ILMU HUKUM MUHAMMADIYAH TAKENG',1),(1732,'SEKOLAH TINGGI ILMU HUKUM PAINAN',1),(1733,'SEKOLAH TINGGI ILMU HUKUM PENGAYOMAN',1),(1734,'SEKOLAH TINGGI ILMU HUKUM PERSADA BUNDA',1),(1735,'SEKOLAH TINGGI ILMU HUKUM PERTIBA PANGKALPINA',1),(1736,'SEKOLAH TINGGI ILMU HUKUM RAHMANIYAH',1),(1737,'SEKOLAH TINGGI ILMU HUKUM SERASAN MUARA ENIM',1),(1738,'SEKOLAH TINGGI ILMU HUKUM SOELTHAN M TSJAFIOE',1),(1739,'SEKOLAH TINGGI ILMU HUKUM SULTAN ADAM',1),(1740,'SEKOLAH TINGGI ILMU HUKUM SUMPAH PEMUDA',1),(1741,'SEKOLAH TINGGI ILMU HUKUM SUNAN GIRI',1),(1742,'SEKOLAH TINGGI ILMU HUKUM SWADAYA',1),(1743,'SEKOLAH TINGGI ILMU HUKUM TAMBUN BUNGAI',1),(1744,'SEKOLAH TINGGI ILMU HUKUM UMEL MANDIRI',1),(1745,'SEKOLAH TINGGI ILMU HUKUM YPKMI',1),(1746,'SEKOLAH TINGGI ILMU HUKUM YPM SEPANJANG',1),(1747,'SEKOLAH TINGGI ILMU HUKUM ZAINUL HASAN',1),(1748,'SEKOLAH TINGGI ILMU KEHUTANAN PANTE KULU',1),(1749,'SEKOLAH TINGGI ILMU KEPERAWATAN FAMIKA',1),(1750,'SEKOLAH TINGGI ILMU KEPERAWATAN GUNUNG SARI',1),(1751,'SEKOLAH TINGGI ILMU KESEHATAN ABDI NUSA',1),(1752,'SEKOLAH TINGGI ILMU KESEHATAN ABDI NUSANTARA',1),(1753,'SEKOLAH TINGGI ILMU KESEHATAN ACHMAD YANI YOG',1),(1754,'SEKOLAH TINGGI ILMU KESEHATAN AISYIYAH',1),(1755,'SEKOLAH TINGGI ILMU KESEHATAN AISYIYAH',1),(1756,'SEKOLAH TINGGI ILMU KESEHATAN AL MA\'ARIF',1),(1757,'SEKOLAH TINGGI ILMU KESEHATAN ALIFAH PADANG',1),(1758,'SEKOLAH TINGGI ILMU KESEHATAN ALMA ATA YOGYAK',1),(1759,'SEKOLAH TINGGI ILMU KESEHATAN ARTHA BODHI ISW',1),(1760,'SEKOLAH TINGGI ILMU KESEHATAN AVICENNA',1),(1761,'SEKOLAH TINGGI ILMU KESEHATAN BAITURRAHIM',1),(1762,'SEKOLAH TINGGI ILMU KESEHATAN BAKTI INDONESIA',1),(1763,'SEKOLAH TINGGI ILMU KESEHATAN BAKTI INDONESIA',1),(1764,'SEKOLAH TINGGI ILMU KESEHATAN BAKTI TUNAS HUS',1),(1765,'SEKOLAH TINGGI ILMU KESEHATAN BALI',1),(1766,'SEKOLAH TINGGI ILMU KESEHATAN BANI SALEH',1),(1767,'SEKOLAH TINGGI ILMU KESEHATAN BANTEN',1),(1768,'SEKOLAH TINGGI ILMU KESEHATAN BARAMULI',1),(1769,'SEKOLAH TINGGI ILMU KESEHATAN BHAKTI KENCANA',1),(1770,'SEKOLAH TINGGI ILMU KESEHATAN BINA HUSADA',1),(1771,'SEKOLAH TINGGI ILMU KESEHATAN BINA PUTRA BANJ',1),(1772,'SEKOLAH TINGGI ILMU KESEHATAN BINALITA SUDAMA',1),(1773,'SEKOLAH TINGGI ILMU KESEHATAN BINAWAN',1),(1774,'SEKOLAH TINGGI ILMU KESEHATAN BUDHI LUHUR CIM',1),(1775,'SEKOLAH TINGGI ILMU KESEHATAN CAHAYA BANGSA',1),(1776,'SEKOLAH TINGGI ILMU KESEHATAN CENDEKIA UTAMA',1),(1777,'SEKOLAH TINGGI ILMU KESEHATAN CERIA BUANA',1),(1778,'SEKOLAH TINGGI ILMU KESEHATAN CIREBON',1),(1779,'SEKOLAH TINGGI ILMU KESEHATAN DEHASEN',1),(1780,'SEKOLAH TINGGI ILMU KESEHATAN DELI HUSADA',1),(1781,'SEKOLAH TINGGI ILMU KESEHATAN DHARMA HUSADA',1),(1782,'SEKOLAH TINGGI ILMU KESEHATAN DUTA GAMA KLATE',1),(1783,'SEKOLAH TINGGI ILMU KESEHATAN ELIZABETH SEMAR',1),(1784,'SEKOLAH TINGGI ILMU KESEHATAN FALETEHAN',1),(1785,'SEKOLAH TINGGI ILMU KESEHATAN FITRAH ALDAR',1),(1786,'SEKOLAH TINGGI ILMU KESEHATAN FLORA',1),(1787,'SEKOLAH TINGGI ILMU KESEHATAN FORT DE COCK',1),(1788,'SEKOLAH TINGGI ILMU KESEHATAN GARUT',1),(1789,'SEKOLAH TINGGI ILMU KESEHATAN HAKLI',1),(1790,'SEKOLAH TINGGI ILMU KESEHATAN HALMAHERA',1),(1791,'SEKOLAH TINGGI ILMU KESEHATAN HANG TUAH',1),(1792,'SEKOLAH TINGGI ILMU KESEHATAN HANG TUAH',1),(1793,'SEKOLAH TINGGI ILMU KESEHATAN HARAPAN BANGSA',1),(1794,'SEKOLAH TINGGI ILMU KESEHATAN HARAPAN BANGSA',1),(1795,'SEKOLAH TINGGI ILMU KESEHATAN HARAPAN IBU JAM',1),(1796,'SEKOLAH TINGGI ILMU KESEHATAN HELVETIA',1),(1797,'SEKOLAH TINGGI ILMU KESEHATAN HUSADA JOMBANG',1),(1798,'SEKOLAH TINGGI ILMU KESEHATAN IBNU SINA BATAM',1),(1799,'SEKOLAH TINGGI ILMU KESEHATAN IMMANUEL BANDUN',1),(1800,'SEKOLAH TINGGI ILMU KESEHATAN INDONESIA JAYA',1),(1801,'SEKOLAH TINGGI ILMU KESEHATAN INDONESIA MAJU',1),(1802,'SEKOLAH TINGGI ILMU KESEHATAN INDONESIA PADAN',1),(1803,'SEKOLAH TINGGI ILMU KESEHATAN INDRAMAYU',1),(1804,'SEKOLAH TINGGI ILMU KESEHATAN ISTARA NUSANTAR',1),(1805,'SEKOLAH TINGGI ILMU KESEHATAN JAYAKARTA',1),(1806,'SEKOLAH TINGGI ILMU KESEHATAN JEMBRANA',1),(1807,'SEKOLAH TINGGI ILMU KESEHATAN JENDERAL ACHMAD',1),(1808,'SEKOLAH TINGGI ILMU KESEHATAN KENDAL',1),(1809,'SEKOLAH TINGGI ILMU KESEHATAN KEPANJEN',1),(1810,'SEKOLAH TINGGI ILMU KESEHATAN KUNINGAN GARAWA',1),(1811,'SEKOLAH TINGGI ILMU KESEHATAN LANGSA',1),(1812,'SEKOLAH TINGGI ILMU KESEHATAN MAHARANI',1),(1813,'SEKOLAH TINGGI ILMU KESEHATAN MAHARDIKA CIREB',1),(1814,'SEKOLAH TINGGI ILMU KESEHATAN MAJAPAHIT',1),(1815,'SEKOLAH TINGGI ILMU KESEHATAN MAJAPAHIT SINGA',1),(1816,'SEKOLAH TINGGI ILMU KESEHATAN MAJENE',1),(1817,'SEKOLAH TINGGI ILMU KESEHATAN MAKASSAR',1),(1818,'SEKOLAH TINGGI ILMU KESEHATAN MATARAM',1),(1819,'SEKOLAH TINGGI ILMU KESEHATAN MEDIKA CIKARANG',1),(1820,'SEKOLAH TINGGI ILMU KESEHATAN MEDISTRA',1),(1821,'SEKOLAH TINGGI ILMU KESEHATAN MEDISTRA INDONE',1),(1822,'SEKOLAH TINGGI ILMU KESEHATAN MEGA REZKY',1),(1823,'SEKOLAH TINGGI ILMU KESEHATAN MITRA ADIGUNA',1),(1824,'SEKOLAH TINGGI ILMU KESEHATAN MITRA KENCANA',1),(1825,'SEKOLAH TINGGI ILMU KESEHATAN MITRA LAMPUNG',1),(1826,'SEKOLAH TINGGI ILMU KESEHATAN MITRA RIA HUSAD',1),(1827,'SEKOLAH TINGGI ILMU KESEHATAN MUHAMADIYAH MAN',1),(1828,'SEKOLAH TINGGI ILMU KESEHATAN MUHAMMADIYAH GO',1),(1829,'SEKOLAH TINGGI ILMU KESEHATAN MUTIARA INDONES',1),(1830,'SEKOLAH TINGGI ILMU KESEHATAN NANI HASANUDDIN',1),(1831,'SEKOLAH TINGGI ILMU KESEHATAN NGUDI WALUYO',1),(1832,'SEKOLAH TINGGI ILMU KESEHATAN PAMENTAS',1),(1833,'SEKOLAH TINGGI ILMU KESEHATAN PAPUA',1),(1834,'SEKOLAH TINGGI ILMU KESEHATAN PAYUNG NEGERI',1),(1835,'SEKOLAH TINGGI ILMU KESEHATAN PEMKAB JOMBANG',1),(1836,'SEKOLAH TINGGI ILMU KESEHATAN PERDHAKI CHARIT',1),(1837,'SEKOLAH TINGGI ILMU KESEHATAN PERTAMEDIKA',1),(1838,'SEKOLAH TINGGI ILMU KESEHATAN RAJAWALI',1),(1839,'SEKOLAH TINGGI ILMU KESEHATAN RESPATI',1),(1840,'SEKOLAH TINGGI ILMU KESEHATAN RS HAJI MEDAN',1),(1841,'SEKOLAH TINGGI ILMU KESEHATAN SANTO BORROMEUS',1),(1842,'SEKOLAH TINGGI ILMU KESEHATAN SINT CAROLUS',1),(1843,'SEKOLAH TINGGI ILMU KESEHATAN SISMADI',1),(1844,'SEKOLAH TINGGI ILMU KESEHATAN SITI KHADIJAH',1),(1845,'SEKOLAH TINGGI ILMU KESEHATAN ST FATIMAH',1),(1846,'SEKOLAH TINGGI ILMU KESEHATAN STELLA MARIS MA',1),(1847,'SEKOLAH TINGGI ILMU KESEHATAN SUKABUMI',1),(1848,'SEKOLAH TINGGI ILMU KESEHATAN SUMATERA UTARA',1),(1849,'SEKOLAH TINGGI ILMU KESEHATAN SURABAYA',1),(1850,'SEKOLAH TINGGI ILMU KESEHATAN SURYA GLOBAL',1),(1851,'SEKOLAH TINGGI ILMU KESEHATAN SYEDZA SAINTIKA',1),(1852,'SEKOLAH TINGGI ILMU KESEHATAN TAMALATEA MAKAS',1),(1853,'SEKOLAH TINGGI ILMU KESEHATAN TANA TORAJA',1),(1854,'SEKOLAH TINGGI ILMU KESEHATAN U\'BUDIYAH',1),(1855,'SEKOLAH TINGGI ILMU KESEHATAN WIDYA HUSADA',1),(1856,'SEKOLAH TINGGI ILMU KESEHATAN WIDYA NUSANTARA',1),(1857,'SEKOLAH TINGGI ILMU KESEHATAN WIRA HUSADA',1),(1858,'SEKOLAH TINGGI ILMU KESEHATAN YAPIKA',1),(1859,'SEKOLAH TINGGI ILMU KESEHATAN YATSI',1),(1860,'SEKOLAH TINGGI ILMU KESEHATAN YPAK PADANG',1),(1861,'SEKOLAH TINGGI ILMU KESEHATAN YPIB',1),(1862,'SEKOLAH TINGGI ILMU KESEJAHTERAAN SOSIAL MANA',1),(1863,'SEKOLAH TINGGI ILMU KOMPUTER AL-KHAIRIYAH',1),(1864,'SEKOLAH TINGGI ILMU KOMPUTER BINANIAGA',1),(1865,'SEKOLAH TINGGI ILMU KOMPUTER DINAMIKA BANGSA',1),(1866,'SEKOLAH TINGGI ILMU KOMPUTER MEDAN',1),(1867,'SEKOLAH TINGGI ILMU KOMPUTER PELITA INDONESIA',1),(1868,'SEKOLAH TINGGI ILMU KOMPUTER PGRI BANYUWANGI',1),(1869,'SEKOLAH TINGGI ILMU KOMPUTER POLTEK CIREBON',1),(1870,'SEKOLAH TINGGI ILMU KOMPUTER RAJAWALI',1),(1871,'SEKOLAH TINGGI ILMU KOMPUTER YOS SUDARSO',1),(1872,'SEKOLAH TINGGI ILMU KOMUNIKASI',1),(1873,'SEKOLAH TINGGI ILMU KOMUNIKASI AWS',1),(1874,'SEKOLAH TINGGI ILMU KOMUNIKASI BANDUNG',1),(1875,'SEKOLAH TINGGI ILMU KOMUNIKASI INDONESIA MAJU',1),(1876,'SEKOLAH TINGGI ILMU KOMUNIKASI INTER STUDI',1),(1877,'SEKOLAH TINGGI ILMU KOMUNIKASI LSPR',1),(1878,'SEKOLAH TINGGI ILMU KOMUNIKASI MAHAKAM',1),(1879,'SEKOLAH TINGGI ILMU KOMUNIKASI MANADO',1),(1880,'SEKOLAH TINGGI ILMU KOMUNIKASI MUHAMADIYAH JA',1),(1881,'SEKOLAH TINGGI ILMU KOMUNIKASI PEMBANGUNAN',1),(1882,'SEKOLAH TINGGI ILMU KOMUNIKASI PROFESI INDONE',1),(1883,'SEKOLAH TINGGI ILMU KOMUNIKASI WANGSA JAYA',1),(1884,'SEKOLAH TINGGI ILMU KOMUNIKASI YTKP',1),(1885,'SEKOLAH TINGGI ILMU MANAJEMEN',1),(1886,'SEKOLAH TINGGI ILMU MANAJEMEN AMKOP',1),(1887,'SEKOLAH TINGGI ILMU MANAJEMEN BOALEMO',1),(1888,'SEKOLAH TINGGI ILMU MANAJEMEN BUDI BAKTI',1),(1889,'SEKOLAH TINGGI ILMU MANAJEMEN DYANA PURA',1),(1890,'SEKOLAH TINGGI ILMU MANAJEMEN HANDAYANI',1),(1891,'SEKOLAH TINGGI ILMU MANAJEMEN INDONESIA MEULA',1),(1892,'SEKOLAH TINGGI ILMU MANAJEMEN INDONESIA YAPMI',1),(1893,'SEKOLAH TINGGI ILMU MANAJEMEN KOSGORO',1),(1894,'SEKOLAH TINGGI ILMU MANAJEMEN KUPANG',1),(1895,'SEKOLAH TINGGI ILMU MANAJEMEN LPMI',1),(1896,'SEKOLAH TINGGI ILMU MANAJEMEN MEDAN',1),(1897,'SEKOLAH TINGGI ILMU MANAJEMEN NITRO MAKASSAR',1),(1898,'SEKOLAH TINGGI ILMU MANAJEMEN PASE',1),(1899,'SEKOLAH TINGGI ILMU MANAJEMEN PRIMA GRAHA',1),(1900,'SEKOLAH TINGGI ILMU MANAJEMEN PUBLIK MAKASSAR',1),(1901,'SEKOLAH TINGGI ILMU MANAJEMEN SUKMA',1),(1902,'SEKOLAH TINGGI ILMU MANAJEMEN SUMBAR',1),(1903,'SEKOLAH TINGGI ILMU MANAJEMEN YAPIM MAROS',1),(1904,'SEKOLAH TINGGI ILMU MANAJEMEN YKPN',1),(1905,'SEKOLAH TINGGI ILMU MARITIM AMI',1),(1906,'SEKOLAH TINGGI ILMU MARITIM MUTIARA JAYA',1),(1907,'SEKOLAH TINGGI ILMU PARIWISATA MANADO',1),(1908,'SEKOLAH TINGGI ILMU PARIWISATA TAMALATEA MAKA',1),(1909,'SEKOLAH TINGGI ILMU PEMERINTAHAN ABDI NEGARA',1),(1910,'SEKOLAH TINGGI ILMU PENDIDIKAN BUNGA BANGSA',1),(1911,'SEKOLAH TINGGI ILMU PERIKANAN KALINYAMAT',1),(1912,'SEKOLAH TINGGI ILMU PERIKANAN MALANG',1),(1913,'SEKOLAH TINGGI ILMU PERTANIAN',1),(1914,'SEKOLAH TINGGI ILMU PERTANIAN AMUNTAI',1),(1915,'SEKOLAH TINGGI ILMU PERTANIAN BERAU',1),(1916,'SEKOLAH TINGGI ILMU PERTANIAN BUMI SILAMPARI',1),(1917,'SEKOLAH TINGGI ILMU PERTANIAN DHARMA WACANA',1),(1918,'SEKOLAH TINGGI ILMU PERTANIAN FARMING',1),(1919,'SEKOLAH TINGGI ILMU PERTANIAN KENDARI',1),(1920,'SEKOLAH TINGGI ILMU PERTANIAN LABUHAN BATU',1),(1921,'SEKOLAH TINGGI ILMU PERTANIAN MUJAHIDIN TOLI-',1),(1922,'SEKOLAH TINGGI ILMU PERTANIAN PETRA BALIEM WA',1),(1923,'SEKOLAH TINGGI ILMU PERTANIAN PUANGRIMANGGALA',1),(1924,'SEKOLAH TINGGI ILMU PERTANIAN REJANG LEBONG',1),(1925,'SEKOLAH TINGGI ILMU PERTANIAN SRIWIGAMA',1),(1926,'SEKOLAH TINGGI ILMU PERTANIAN SURYA DHARMA',1),(1927,'SEKOLAH TINGGI ILMU PERTANIAN SWARNA DWIPA',1),(1928,'SEKOLAH TINGGI ILMU PERTANIAN TANRATUPATTANAB',1),(1929,'SEKOLAH TINGGI ILMU PERTANIAN WUNA RAHA',1),(1930,'SEKOLAH TINGGI ILMU PERTANIAN YAPI BONE',1),(1931,'SEKOLAH TINGGI ILMU PERTANIAN YAPIM MAROS',1),(1932,'SEKOLAH TINGGI ILMU PERTANIAN YASHAFA',1),(1933,'SEKOLAH TINGGI ILMU PSIKOLOGI HARAPAN BANGSA',1),(1934,'SEKOLAH TINGGI ILMU SOSIAL DAN ILMU POLITIK B',1),(1935,'SEKOLAH TINGGI ILMU SOSIAL DAN POLITIK FAJAR ',1),(1936,'SEKOLAH TINGGI ILMU SOSIAL DAN POLITIK MBOJO',1),(1937,'SEKOLAH TINGGI ILMU SOSIAL ILMU POLITIK KEBAN',1),(1938,'SEKOLAH TINGGI ILMU SOSIAL MUTIARA',1),(1939,'SEKOLAH TINGGI ILMU SOSIAL POLITIK WIRA BHAKT',1),(1940,'SEKOLAH TINGGI ILMU TEKNIK BARAMULI',1),(1941,'SEKOLAH TINGGI ILMU TEKNIK BINA PUTRA',1),(1942,'SEKOLAH TINGGI ILMU TEKNIK GUNUNG LEUSER',1),(1943,'SEKOLAH TINGGI ILMU TEKNIK JEMBRANA',1),(1944,'SEKOLAH TINGGI ILMU TEKNIK PRABUMULIH',1),(1945,'SEKOLAH TINGGI ILMU TEKNIK SERASAN',1),(1946,'SEKOLAH TINGGI ILMU TEKNIK TRISULA',1),(1947,'SEKOLAH TINGGI ILMU TEKNOLOGI KELAUTAN',1),(1948,'SEKOLAH TINGGI INFORMATIKA KOMPUTER ARTHA BUA',1),(1949,'SEKOLAH TINGGI INTERNASIONAL KONSERVATORI MUS',1),(1950,'SEKOLAH TINGGI KELAUTAN DAN PERIKANAN INDONES',1),(1951,'SEKOLAH TINGGI KESEHATAN BINA CIPTA HUSADA',1),(1952,'SEKOLAH TINGGI KESEHATAN INDONESIA WIRAUTAMA',1),(1953,'SEKOLAH TINGGI KESENIAN WILWATIKTA',1),(1954,'SEKOLAH TINGGI KEUANGAN NIAGA & NEGARA PEMBAN',1),(1955,'SEKOLAH TINGGI MANAJEMEN ASURANSI TRISAKTI',1),(1956,'SEKOLAH TINGGI MANAJEMEN BISNIS TELKOM',1),(1957,'SEKOLAH TINGGI MANAJEMEN IMMI',1),(1958,'SEKOLAH TINGGI MANAJEMEN IMNI',1),(1959,'SEKOLAH TINGGI MANAJEMEN INDUSTRI INDONESIA',1),(1960,'SEKOLAH TINGGI MANAJEMEN IPMI',1),(1961,'SEKOLAH TINGGI MANAJEMEN LABORA',1),(1962,'SEKOLAH TINGGI MANAJEMEN PPM',1),(1963,'SEKOLAH TINGGI MANAJEMEN PRASETIYA MULYA',1),(1964,'SEKOLAH TINGGI MANAJEMEN RESIKO DAN ASURANSI',1),(1965,'SEKOLAH TINGGI MANAJEMEN TRANSPOR TRISAKTI',1),(1966,'SEKOLAH TINGGI MANAJEMEN TRANSPORTASI MALAHAY',1),(1967,'SEKOLAH TINGGI MANAJEMEN YAKSI',1),(1968,'SEKOLAH TINGGI MARITIM DAN TRANSPOR AMNI',1),(1969,'SEKOLAH TINGGI MATEMATIKA & ILMU PENGETAHUAN ',1),(1970,'SEKOLAH TINGGI MEDIA KOMUNIKASI TRISAKTI',1),(1971,'SEKOLAH TINGGI MUHAMMADIYAH CILENGSI',1),(1972,'SEKOLAH TINGGI OLAHRAGA DAN KESEHATAN BINA GU',1),(1973,'SEKOLAH TINGGI PARIWISATA AMBARRUKMO YOGYAKAR',1),(1974,'SEKOLAH TINGGI PARIWISATA AMPTA YOGYAKARTA',1),(1975,'SEKOLAH TINGGI PARIWISATA ARS INTERNASIONAL',1),(1976,'SEKOLAH TINGGI PARIWISATA BALI INTERNASIONAL',1),(1977,'SEKOLAH TINGGI PARIWISATA PELITA HARAPAN',1),(1978,'SEKOLAH TINGGI PARIWISATA RIAU',1),(1979,'SEKOLAH TINGGI PARIWISATA SAHID',1),(1980,'SEKOLAH TINGGI PARIWISATA SAHID SURAKARTA',1),(1981,'SEKOLAH TINGGI PARIWISATA SATYA WIDYA',1),(1982,'SEKOLAH TINGGI PARIWISATA TRIATMA JAYA',1),(1983,'SEKOLAH TINGGI PARIWISATA TRISAKTI',1),(1984,'SEKOLAH TINGGI PEMBANGUNAN MASYARAKAT DESA AP',1),(1985,'SEKOLAH TINGGI PEMBANGUNAN MASYARAKAT SANTA U',1),(1986,'SEKOLAH TINGGI PENERBANGAN AVIASI',1),(1987,'SEKOLAH TINGGI PERIKANAN DAN KELAUTAN PALU',1),(1988,'SEKOLAH TINGGI PERIKANAN HATTA-SJAHRIR',1),(1989,'SEKOLAH TINGGI PERIKANAN SIBOLGA',1),(1990,'SEKOLAH TINGGI PERKEBUNAN LAMPUNG',1),(1991,'SEKOLAH TINGGI PERPAJAKAN INDONESIA',1),(1992,'SEKOLAH TINGGI PERTANIAN BELITANG',1),(1993,'SEKOLAH TINGGI PERTANIAN BENTENG HURABA',1),(1994,'SEKOLAH TINGGI PERTANIAN GUNUNG LEUSER',1),(1995,'SEKOLAH TINGGI PERTANIAN JAWA BARAT',1),(1996,'SEKOLAH TINGGI PERTANIAN KUTAI TIMUR',1),(1997,'SEKOLAH TINGGI PERTANIAN LABUHA',1),(1998,'SEKOLAH TINGGI PERTANIAN PANCA BHAKTI',1),(1999,'SEKOLAH TINGGI PSIKOLOGI YOGYAKARTA',1),(2000,'SEKOLAH TINGGI SAINS DAN TEKNOLOGI INDONESIA',1),(2001,'SEKOLAH TINGGI SENI INDONESIA BANDUNG',1),(2002,'SEKOLAH TINGGI SENI INDONESIA PADANG PANJANG',1),(2003,'SEKOLAH TINGGI SENI MUSIK BANDUNG',1),(2004,'SEKOLAH TINGGI SENI PAPUA',1),(2005,'SEKOLAH TINGGI SENI RUPA & DESAIN INDONESIA',1),(2006,'SEKOLAH TINGGI SENI RUPA DAN DESAIN VISI INDO',1),(2007,'SEKOLAH TINGGI SOSIAL POLITIK WASKITA DARMA',1),(2008,'SEKOLAH TINGGI TEKNIK ATLAS NUSANTARA',1),(2009,'SEKOLAH TINGGI TEKNIK BENTARA PERSADA BATAM',1),(2010,'SEKOLAH TINGGI TEKNIK BINA CENDIKIA',1),(2011,'SEKOLAH TINGGI TEKNIK BUDI UTOMO',1),(2012,'SEKOLAH TINGGI TEKNIK CIKARANG',1),(2013,'SEKOLAH TINGGI TEKNIK DHARMA ISWARA',1),(2014,'SEKOLAH TINGGI TEKNIK GEMPOL',1),(2015,'SEKOLAH TINGGI TEKNIK GRAHA KIRANA',1),(2016,'SEKOLAH TINGGI TEKNIK IBNU SINA',1),(2017,'SEKOLAH TINGGI TEKNIK ILMU KOMPUTER INSAN UNG',1),(2018,'SEKOLAH TINGGI TEKNIK INDUSTRI TUREN',1),(2019,'SEKOLAH TINGGI TEKNIK ISKANDAR THANI',1),(2020,'SEKOLAH TINGGI TEKNIK KARAWANG',1),(2021,'SEKOLAH TINGGI TEKNIK KELAUTAN BALIK DIWA',1),(2022,'SEKOLAH TINGGI TEKNIK LINGKUNGAN',1),(2023,'SEKOLAH TINGGI TEKNIK LINGKUNGAN MATARAM',1),(2024,'SEKOLAH TINGGI TEKNIK MALANG',1),(2025,'SEKOLAH TINGGI TEKNIK MEKONGGA KOLAKA',1),(2026,'SEKOLAH TINGGI TEKNIK MULTIMEDIA CENDIKIA ABD',1),(2027,'SEKOLAH TINGGI TEKNIK MUSI',1),(2028,'SEKOLAH TINGGI TEKNIK PELITA BANGSA',1),(2029,'SEKOLAH TINGGI TEKNIK PELITA BANGSA',1),(2030,'SEKOLAH TINGGI TEKNIK PLN',1),(2031,'SEKOLAH TINGGI TEKNIK POLIPROFESI',1),(2032,'SEKOLAH TINGGI TEKNIK QOMARUDDIN',1),(2033,'SEKOLAH TINGGI TEKNIK RADEN WIJAYA',1),(2034,'SEKOLAH TINGGI TEKNIK SAPTA TARUNA',1),(2035,'SEKOLAH TINGGI TEKNIK SURABAYA',1),(2036,'SEKOLAH TINGGI TEKNIK WIDYA DARMA',1),(2037,'SEKOLAH TINGGI TEKNIK WIWOROTOMO',1),(2038,'SEKOLAH TINGGI TEKNIK YPM SEPANJANG',1),(2039,'SEKOLAH TINGGI TEKNOLOGI & DESAIN NAHDLATUL U',1),(2040,'SEKOLAH TINGGI TEKNOLOGI 10 NOVEMBER',1),(2041,'SEKOLAH TINGGI TEKNOLOGI ADISUTJIPTO',1),(2042,'SEKOLAH TINGGI TEKNOLOGI AR-RAHMAH CIANJUR',1),(2043,'SEKOLAH TINGGI TEKNOLOGI BANDUNG',1),(2044,'SEKOLAH TINGGI TEKNOLOGI BANTEN',1),(2045,'SEKOLAH TINGGI TEKNOLOGI BANTEN JAYA',1),(2046,'SEKOLAH TINGGI TEKNOLOGI BINA TUNGGAL',1),(2047,'SEKOLAH TINGGI TEKNOLOGI BONTANG',1),(2048,'SEKOLAH TINGGI TEKNOLOGI CAHAYA SURYA',1),(2049,'SEKOLAH TINGGI TEKNOLOGI CILEUNGSI',1),(2050,'SEKOLAH TINGGI TEKNOLOGI CIPASUNG',1),(2051,'SEKOLAH TINGGI TEKNOLOGI CIREBON',1),(2052,'SEKOLAH TINGGI TEKNOLOGI DAN KEJURUAN GIANYAR',1),(2053,'SEKOLAH TINGGI TEKNOLOGI DIRGANTARA MAKASSAR',1),(2054,'SEKOLAH TINGGI TEKNOLOGI DR KH EZ MUTTAQIEN',1),(2055,'SEKOLAH TINGGI TEKNOLOGI DUMAI',1),(2056,'SEKOLAH TINGGI TEKNOLOGI DUTA BANGSA',1),(2057,'SEKOLAH TINGGI TEKNOLOGI FATAHILLAH CILEGON',1),(2058,'SEKOLAH TINGGI TEKNOLOGI GARUT',1),(2059,'SEKOLAH TINGGI TEKNOLOGI GEUSAN ULUN',1),(2060,'SEKOLAH TINGGI TEKNOLOGI HARAPAN',1),(2061,'SEKOLAH TINGGI TEKNOLOGI IMMANUEL',1),(2062,'SEKOLAH TINGGI TEKNOLOGI INDONESIA',1),(2063,'SEKOLAH TINGGI TEKNOLOGI INDONESIA TANJUNG PI',1),(2064,'SEKOLAH TINGGI TEKNOLOGI INDRAGIRI',1),(2065,'SEKOLAH TINGGI TEKNOLOGI INDUSTRI BONTANG',1),(2066,'SEKOLAH TINGGI TEKNOLOGI INDUSTRI FARMASI BOG',1),(2067,'SEKOLAH TINGGI TEKNOLOGI INDUSTRI PADANG',1),(2068,'SEKOLAH TINGGI TEKNOLOGI INFORMASI NIIT',1),(2069,'SEKOLAH TINGGI TEKNOLOGI INFORMATIKA SONY SUG',1),(2070,'SEKOLAH TINGGI TEKNOLOGI JAKARTA',1),(2071,'SEKOLAH TINGGI TEKNOLOGI JAWA BARAT',1),(2072,'SEKOLAH TINGGI TEKNOLOGI KEDIRGANTARAAN',1),(2073,'SEKOLAH TINGGI TEKNOLOGI KELAUTAN HATAWANA',1),(2074,'SEKOLAH TINGGI TEKNOLOGI MANDALA',1),(2075,'SEKOLAH TINGGI TEKNOLOGI MIGAS',1),(2076,'SEKOLAH TINGGI TEKNOLOGI MINERAL INDONESIA',1),(2077,'SEKOLAH TINGGI TEKNOLOGI MITRA KARYA',1),(2078,'SEKOLAH TINGGI TEKNOLOGI MUHAMMADIYAH KARAWAN',1),(2079,'SEKOLAH TINGGI TEKNOLOGI MUHAMMADIYAH KEBUMEN',1),(2080,'SEKOLAH TINGGI TEKNOLOGI MUTU MUHAMMADIYAH',1),(2081,'SEKOLAH TINGGI TEKNOLOGI NASIONAL',1),(2082,'SEKOLAH TINGGI TEKNOLOGI NASIONAL',1),(2083,'SEKOLAH TINGGI TEKNOLOGI NASIONAL BANDUNG',1),(2084,'SEKOLAH TINGGI TEKNOLOGI NURUL JADID',1),(2085,'SEKOLAH TINGGI TEKNOLOGI NUSA PUTRA',1),(2086,'SEKOLAH TINGGI TEKNOLOGI NUSANTARA INDONESIA',1),(2087,'SEKOLAH TINGGI TEKNOLOGI NUSANTARA LAMPUNG',1),(2088,'SEKOLAH TINGGI TEKNOLOGI PAGARALAM',1),(2089,'SEKOLAH TINGGI TEKNOLOGI PAYAKUMBUH',1),(2090,'SEKOLAH TINGGI TEKNOLOGI PEKANBARU',1),(2091,'SEKOLAH TINGGI TEKNOLOGI POMOSDA',1),(2092,'SEKOLAH TINGGI TEKNOLOGI PRATAMA ADI',1),(2093,'SEKOLAH TINGGI TEKNOLOGI RONGGOLAWE',1),(2094,'SEKOLAH TINGGI TEKNOLOGI SINAR HUSNI',1),(2095,'SEKOLAH TINGGI TEKNOLOGI STIKMA INTERNASIONAL',1),(2096,'SEKOLAH TINGGI TEKNOLOGI TELEMATIKA CAKRAWALA',1),(2097,'SEKOLAH TINGGI TEKNOLOGI TEXMACO',1),(2098,'SEKOLAH TINGGI TEKNOLOGI UNGGULAN SWARNA DWIP',1),(2099,'SEKOLAH TINGGI TEKNOLOGI WASTUKANCANA',1),(2100,'SEKOLAH TINGGI TEKNOLOGI YBS INTERNASIONAL',1),(2101,'SEKOLAH TINGGI TEKNOLOGI YUPENTEK',1),(2102,'SEKOLAH TINGGI THEOLOGIA INTIM MAKASSAR',1),(2103,'ST ILMU KOMPUTER CIPTA KARYA INFORMATIKA',1),(2104,'STBA PERSAHABATAN INTERNASIONAL ASIA',1),(2105,'STFT GKI IZAAK SAMUEL KIJNE JAYAPURA',1),(2106,'STIA & PEMERINTAHAN ANNISA DWI SALFARIZI',1),(2107,'STIA ABDUL AZIS KATALOKA',1),(2108,'STIA AMAL ILMIAH WAMENA',1),(2109,'STIA BINA BANUA BANJARMASIN',1),(2110,'STIA BINA NUSANTARA MANDIRI',1),(2111,'STIA DAN MANAJEMEN KEPELABUHAN BARUNAWATI',1),(2112,'STIA NUSANTARA SAKTI SUNGAI PENUH',1),(2113,'STIA PUANGRIMAGGALATUNG',1),(2114,'STIAS BUNDA HATI KUDUS',1),(2115,'STIBA INDONESIA LPI',1),(2116,'STIE AKUNTANSI DAN BISNIS INTERNASIONAL',1),(2117,'STIE BAKRIE SCHOOL OF MANAGEMENT',1),(2118,'STIE BIITM KUTA BADUNG',1),(2119,'STIE BUMI PERSADA LHOKSEUMAWE',1),(2120,'STIE DHARMA NEGARA',1),(2121,'STIE GRAHA KARYA MUARA BULIAN',1),(2122,'STIE IBEK PANGKALPINANG BANGKA',1),(2123,'STIE IBMI JAKARTA',1),(2124,'STIE IBMI MEDAN',1),(2125,'STIE INDONESIA BANKING SCHOOL',1),(2126,'STIE INFORMASI TEKNOLOGI DAN BISNIS',1),(2127,'STIE JAKARTA INTERNATIONAL COLLEGE',1),(2128,'STIE KEUANGAN DAN PERBANKAN INDONESIA',1),(2129,'STIE MADANI BALIKPAPAN',1),(2130,'STIE MANAJEMEN BISNIS INDONESIA',1),(2131,'STIE MUHAMAMDIYAH TANJUNG REDEB',1),(2132,'STIE MUHAMMADIYAH PACIRAN LAMONGAN',1),(2133,'STIE MUHAMMADIYAH PEKALONGAN',1),(2134,'STIE MULTI DATA PALEMBANG',1),(2135,'STIE NIAS SELATAN',1),(2136,'STIE NOBEL INDONESIA MAKASSAR',1),(2137,'STIE OTTOW & GEISSLER FAK-FAK',1),(2138,'STIE OTTOW & GEISSLER JAYAPURA',1),(2139,'STIE PARIWISATA INTERNASIONAL',1),(2140,'STIE PASIM SUKABUMI',1),(2141,'STIE PEMBANGUNAN TANJUNGPINANG',1),(2142,'STIE PENGEMBANGAN BISNIS DAN MANAJEMEN',1),(2143,'STIE PRIMA VISI',1),(2144,'STIE PROFESSIONAL MANAJEMEN COLLEGE INDONESIA',1),(2145,'STIE UNISADHUGUNA',1),(2146,'STIE YBPK PALANGKA RAYA',1),(2147,'STIK INDONESIA MALANG',1),(2148,'STIK MUHAMMADIYAH PONTIANAK',1),(2149,'STIKES AL-IRSYAD AL-ISLAMIYYAH',1),(2150,'STIKES AMANAH MAKASSAR',1),(2151,'STIKES AN-NUR PURWODADI',1),(2152,'STIKES ANDINI PERSADA',1),(2153,'STIKES BAHRUL ULUM JOMBANG',1),(2154,'STIKES BANYUWANGI',1),(2155,'STIKES BHAKTI HUSADA BENGKULU',1),(2156,'STIKES BHAKTI MANDALA HUSADA SLAWI',1),(2157,'STIKES BHAKTI MULIA',1),(2158,'STIKES BHAKTI PERTIWI LUWU RAYA',1),(2159,'STIKES BINA BANGSA KUALA SIMPANG',1),(2160,'STIKES BINA GENERASI POLEWALI MANDAR',1),(2161,'STIKES BINA NUSANTARA',1),(2162,'STIKES BINA SEHAT PPNI MOJOKERTO',1),(2163,'STIKES BINA USADA BALI',1),(2164,'STIKES BUMI PERSADA LHOKSEUMAWE',1),(2165,'STIKES CITRA HUSADA MANDIRI',1),(2166,'STIKES CUT NYAK DHIEN LANGSA',1),(2167,'STIKES DARUL AZHAR BATULICIN',1),(2168,'STIKES DARUSSALAM LHOKSEUMAWE',1),(2169,'STIKES DHARMASRAYA',1),(2170,'STIKES DIAN HUSADA',1),(2171,'STIKES FAATHIR HUSADA',1),(2172,'STIKES GEMA INSANI AKADEMIK',1),(2173,'STIKES GETSEMPENA LHOKSUKON',1),(2174,'STIKES GRAHA EDUKASI',1),(2175,'STIKES HAFSHAWATY PESANTREN ZAINUL HASAN',1),(2176,'STIKES HANG TUAH TANJUNG PINANG',1),(2177,'STIKES HUSADA BORNEO',1),(2178,'STIKES ICHSAN MEDICAL CENTRE BINTARO',1),(2179,'STIKES INSAN CENDEKIA MEDIKA JOMBANG',1),(2180,'STIKES INSAN SE AGUNG',1),(2181,'STIKES INSAN UNGGUL SURABAYA',1),(2182,'STIKES KARSA HUSADA GARUT',1),(2183,'STIKES KARYA HUSADA PARE KEDIRI',1),(2184,'STIKES KARYA HUSADA SEMARANG',1),(2185,'STIKES KATOLIK ST VINCENTIUS A PAULO SURABAYA',1),(2186,'STIKES KESETIAKAWANAN SOSIAL INDONESIA',1),(2187,'STIKES KHARISMA KARAWANG',1),(2188,'STIKES KURNIA JAYA PERSADA',1),(2189,'STIKES LAKIPADADA',1),(2190,'STIKES MANDALA WALUYA KENDARI',1),(2191,'STIKES MARENDENG MAJENE',1),(2192,'STIKES MEDIKA NURUL ISLAM',1),(2193,'STIKES MEDIKA SERAMOE BARAT',1),(2194,'STIKES MERCU BAKTI JAYA PADANG',1),(2195,'STIKES MOHAMMAD HUSNI THAMRIN',1),(2196,'STIKES MUHAMMADIYAH BANJARMASIN',1),(2197,'STIKES MUHAMMADIYAH CIAMIS',1),(2198,'STIKES MUHAMMADIYAH KLATEN',1),(2199,'STIKES MUHAMMADIYAH LAMONGAN',1),(2200,'STIKES MUHAMMADIYAH LHOKSEUMAWE',1),(2201,'STIKES MUHAMMADIYAH PALEMBANG',1),(2202,'STIKES MUHAMMADIYAH PRINGSEWU',1),(2203,'STIKES MUHAMMADIYAH TANGERANG',1),(2204,'STIKES MUHAMMADIYAH TASIKMALAYA',1),(2205,'STIKES MUHAMMHADIYAH PEKAJANGAN',1),(2206,'STIKES NAHDLATUL ULAMA TUBAN',1),(2207,'STIKES NUSANTARA LASINRING',1),(2208,'STIKES PANAKKUKANG',1),(2209,'STIKES PATRIA HUSADA',1),(2210,'STIKES PAYUNG NEGERI ACEH DARUSSALAM',1),(2211,'STIKES PEMBINA PALEMBANG',1),(2212,'STIKES PERINTIS PADANG',1),(2213,'STIKES PERSADA HUSADA INDONESIA',1),(2214,'STIKES PIALA SAKTI PARIAMAN',1),(2215,'STIKES PPNI JAWA BARAT',1),(2216,'STIKES PURNA BHAKTI HUSADA BATUSANGKAR',1),(2217,'STIKES PUTRA ABADI LANGKAT',1),(2218,'STIKES QAMARUL HUDA',1),(2219,'STIKES RANAH MINANG',1),(2220,'STIKES RS BAPTIS KEDIRI',1),(2221,'STIKES RSU DAYA MAKASSAR',1),(2222,'STIKES SANTA ELISABETH MEDAN',1),(2223,'STIKES SARI MULIA',1),(2224,'STIKES SATRIA BHAKTI NGANJUK',1),(2225,'STIKES SEBELAS APRIL SUMEDANG',1),(2226,'STIKES SUAKA INSAN',1),(2227,'STIKES SURYA MITRA HUSADA',1),(2228,'STIKES TANAWALI TAKALAR',1),(2229,'STIKES TELOGOREJO SEMARANG',1),(2230,'STIKES TENGKU MAHARATU',1),(2231,'STIKES TRI MANDIRI SAKTI BENGKULU',1),(2232,'STIKES TUANKU TAMBUSAI',1),(2233,'STIKES WIDYA DHARMA HUSADA TANGERANG',1),(2234,'STIKES WIDYAGAMA HUSADA MALANG',1),(2235,'STIKES WIJAYA HUSADA BOGOR',1),(2236,'STIKES WIRA MEDIKA BALI',1),(2237,'STIKES WIYATA HUSADA SAMARINDA',1),(2238,'STIKES YARSI MATARAM',1),(2239,'STIKES YARSI SUMATERA BARAT',1),(2240,'STIKES YARSI SURABAYA',1),(2241,'STIKESMAS ABDI NUSA',1),(2242,'STIKESMAS NUSANTARA',1),(2243,'STIKESMAS WIDYA DHARMA PALEMBANG',1),(2244,'STIKIP CATUR SAKTI',1),(2245,'STIKOM GURINDAM ARCHIPELAGO',1),(2246,'STIKOM INDONESIA',1),(2247,'STIKS TAMALANREA MAKASSAR',1),(2248,'STIKS TARAKANITA',1),(2249,'STIM LASHARAN JAYA MAKASSAR',1),(2250,'STIM LPI MAKASSAR',1),(2251,'STIMED NUSA PALAPA',1),(2252,'STIMI BANJARMASIN',1),(2253,'STIMI SAMARINDA',1),(2254,'STIMIK - STIKOM BALI',1),(2255,'STIMIK BANDUNG BALI',1),(2256,'STIMIK BINA BANGSA',1),(2257,'STIMIK JAYABAYA JAKARTA',1),(2258,'STIMIK KUPANG',1),(2259,'STIMIK LAMAPPAPOLEONRO',1),(2260,'STIMIK PRO VISI',1),(2261,'STIMIK SUPRA',1),(2262,'STIMIK TUNAS BANGSA',1),(2263,'STIP GRAHA KARYA',1),(2264,'STIP MUHAMMADIYAH SINJAI',1),(2265,'STIPER AGROBISNIS PERKEBUNAN',1),(2266,'STIPER MUHAMMADIYAH TANAH GROGOT',1),(2267,'STIPER SANTO THOMAS AQUINAS JAYAPURA',1),(2268,'STIPER SAWAHLUNTO SIJUNJUNG',1),(2269,'STIPSI ABDI NUSA',1),(2270,'STIPSI WIDYA DHARMA',1),(2271,'STISIP 17-8-1945 MAKASSAR',1),(2272,'STISIP AL WASHLIYAH BANDA ACEH',1),(2273,'STISIP BANTEN RAYA',1),(2274,'STISIP BINA GENERASI POLEWALI',1),(2275,'STISIP BINA PUTERA BANJAR',1),(2276,'STISIP IMAM BONJOL',1),(2277,'STISIP KARTIKA BANGSA',1),(2278,'STISIP MARGARANA',1),(2279,'STISIP MERDEKA MANADO',1),(2280,'STISIP MUHAMMADIAH SINJAI',1),(2281,'STISIP MUHAMMADIYAH MADIUN',1),(2282,'STISIP MUHAMMADIYAH RAPPANG',1),(2283,'STISIP MUJAHIDIN',1),(2284,'STISIP NURDIN HAMZAH',1),(2285,'STISIP PADANG',1),(2286,'STISIP PANCA BHAKTI PALU',1),(2287,'STISIP PANCASAKTI',1),(2288,'STISIP PERSADA BUNDA',1),(2289,'STISIP PETTA BARINGENG SOPPENG',1),(2290,'STISIP PUSAKA NUSANTARA',1),(2291,'STISIP SETIA BUDHI',1),(2292,'STISIP SILAS PAPARE JAYAPURA',1),(2293,'STISIP SWADAYA',1),(2294,'STISIP SYAMSUL ULUN',1),(2295,'STISIP TANRATUPATTANABALI',1),(2296,'STISIP TASIKMALAYA',1),(2297,'STISIP VETERAN PALOPO',1),(2298,'STISIP WIDURI',1),(2299,'STISIP WIDYAPURI MANDIRI',1),(2300,'STISIP YUPENTEK TANGERANG',1),(2301,'STISIPOL CANDRADIMUKA',1),(2302,'STISIPOL DHARMA WACANA',1),(2303,'STISIPOL PAHLAWAN 12',1),(2304,'STISIPOL YALEKA MARO',1),(2305,'STITEK BINA TARUNA',1),(2306,'STITEK DHARMA YADI MAKASSAR',1),(2307,'STKIP ABDI WACANA WAMENA',1),(2308,'STKIP AGAMA HINDU AMLAPURA',1),(2309,'STKIP AGAMA HINDU SINGARAJA',1),(2310,'STKIP AHLUSSUNNAH',1),(2311,'STKIP AISYIYAH RIAU',1),(2312,'STKIP AL-WASHLIYAH',1),(2313,'STKIP ALBANA',1),(2314,'STKIP AN-NUR NANGRO ACEH',1),(2315,'STKIP ANDI MATTAPPA',1),(2316,'STKIP ARRAHMANIYAH',1),(2317,'STKIP BANTEN',1),(2318,'STKIP BIMA',1),(2319,'STKIP BINA BANGSA GETSEMPENA',1),(2320,'STKIP BINA INSAN MANDIRI',1),(2321,'STKIP BUDI DAYA',1),(2322,'STKIP COKROMINOTO PINRANG',1),(2323,'STKIP DARUD DA\'WAH WAL IRSYAD MAMUJU',1),(2324,'STKIP DARUD DA\'WAH WAL IRSYAD PINRANG',1),(2325,'STKIP DHARMA WACANA',1),(2326,'STKIP GARUT',1),(2327,'STKIP GOTONG ROYONG MASOHI',1),(2328,'STKIP GUNUNG LEUSER',1),(2329,'STKIP HAMZANWADI',1),(2330,'STKIP INDONESIA KUPANG',1),(2331,'STKIP KEBANGKITAN NASIONAL',1),(2332,'STKIP KIE RAHA',1),(2333,'STKIP KRISTEN WAMENA',1),(2334,'STKIP KUSUMANEGARA',1),(2335,'STKIP LABUHAN BATU',1),(2336,'STKIP MELAWI',1),(2337,'STKIP MUHAMMADIYAH ACEH TENGAH',1),(2338,'STKIP MUHAMMADIYAH BARRU',1),(2339,'STKIP MUHAMMADIYAH BONE',1),(2340,'STKIP MUHAMMADIYAH BULUKUMBA',1),(2341,'STKIP MUHAMMADIYAH ENREKANG',1),(2342,'STKIP MUHAMMADIYAH KOTABUMI',1),(2343,'STKIP MUHAMMADIYAH LUMAJANG',1),(2344,'STKIP MUHAMMADIYAH MANOKWARI',1),(2345,'STKIP MUHAMMADIYAH PAGARALAM',1),(2346,'STKIP MUHAMMADIYAH PRINGSEWU',1),(2347,'STKIP MUHAMMADIYAH RAPPANG',1),(2348,'STKIP MUHAMMADIYAH SAMPIT',1),(2349,'STKIP MUHAMMADIYAH SORONG',1),(2350,'STKIP MUHAMMADIYAH SUNGAI PENUH',1),(2351,'STKIP NIAS SELATAN',1),(2352,'STKIP NURUL HUDA',1),(2353,'STKIP PASUNDAN',1),(2354,'STKIP PELITA BANGSA',1),(2355,'STKIP PEMBANGUNAN INDONESIA',1),(2356,'STKIP PERSADA KHATULISTIWA SINTANG',1),(2357,'STKIP PERSATUAN ISLAM',1),(2358,'STKIP PGRI BANDAR LAMPUNG',1),(2359,'STKIP PGRI BANGKALAN',1),(2360,'STKIP PGRI BANJARMASIN',1),(2361,'STKIP PGRI BLITAR',1),(2362,'STKIP PGRI JOMBANG',1),(2363,'STKIP PGRI LAMONGAN',1),(2364,'STKIP PGRI LUBUK LINGGAU',1),(2365,'STKIP PGRI LUMAJANG',1),(2366,'STKIP PGRI MANADO',1),(2367,'STKIP PGRI METRO',1),(2368,'STKIP PGRI NGANJUK',1),(2369,'STKIP PGRI NGAWI',1),(2370,'STKIP PGRI PACITAN',1),(2371,'STKIP PGRI PASURUAN',1),(2372,'STKIP PGRI PONOROGO',1),(2373,'STKIP PGRI PONTIANAK',1),(2374,'STKIP PGRI SAMPANG',1),(2375,'STKIP PGRI SIDOARJO',1),(2376,'STKIP PGRI SITUBONDO',1),(2377,'STKIP PGRI SUKABUMI',1),(2378,'STKIP PGRI SUMBAR',1),(2379,'STKIP PGRI SUMENEP',1),(2380,'STKIP PGRI TRENGGALEK',1),(2381,'STKIP PGRI TULUNGAGUNG',1),(2382,'STKIP PUANGRIMAGGALATUNG SENGKANG',1),(2383,'STKIP PURNAMA',1),(2384,'STKIP RIAMA',1),(2385,'STKIP SANTU PAULUS',1),(2386,'STKIP SEBELAS APRIL',1),(2387,'STKIP SERA',1),(2388,'STKIP SETIABUDHI',1),(2389,'STKIP SILIWANGI',1),(2390,'STKIP SUBANG',1),(2391,'STKIP SULUH BANGSA',1),(2392,'STKIP TAMAN SISWA BIMA',1),(2393,'STKIP TAPANULI SELATAN',1),(2394,'STKIP VETERAN SIDRAP',1),(2395,'STKIP WIDYA YUWANA',1),(2396,'STKIP YAPIM MAROS',1),(2397,'STKIP YAPIS DOMPU',1),(2398,'STKIP YAPTI JENEPONTO',1),(2399,'STKIP YASIKA',1),(2400,'STKIP YAYASAN ABDI PENDIDIKAN',1),(2401,'STKIP YDB LUBUK ALUNG',1),(2402,'STKIP YPM BANGKO',1),(2403,'STKIP YPUP MAKASSAR',1),(2404,'STMIK ABULYATAMA',1),(2405,'STMIK ADHI GUNA',1),(2406,'STMIK AKAKOM',1),(2407,'STMIK AKBA',1),(2408,'STMIK AKI PATI',1),(2409,'STMIK AMIK BANDUNG',1),(2410,'STMIK AMIK RIAU',1),(2411,'STMIK AMIKOM',1),(2412,'STMIK AMIKOM PURWOKERTO',1),(2413,'STMIK ANTAR BANGSA',1),(2414,'STMIK ASIA MALANG',1),(2415,'STMIK AUB SURAKARTA',1),(2416,'STMIK BAHRUL \'ULUM JOMBANG',1),(2417,'STMIK BALIKPAPAN',1),(2418,'STMIK BANDUNG',1),(2419,'STMIK BANI SALEH',1),(2420,'STMIK BANJARBARU',1),(2421,'STMIK BANTEN JAYA',1),(2422,'STMIK BIDAKARA',1),(2423,'STMIK BINA BANGSA',1),(2424,'STMIK BINA INSANI',1),(2425,'STMIK BINA MULIA',1),(2426,'STMIK BINA MULYA',1),(2427,'STMIK BINA NUSANTARA JAYA LUBUK LINGGAU',1),(2428,'STMIK BINA PATRIA',1),(2429,'STMIK BINA SARANA GLOBAL',1),(2430,'STMIK BOALEMO',1),(2431,'STMIK BUDHI',1),(2432,'STMIK BUDI DARMA',1),(2433,'STMIK BUMI GORA',1),(2434,'STMIK CAHAYA SURYA',1),(2435,'STMIK CATUR INSAN CENDEKIA',1),(2436,'STMIK CATUR SAKTI KENDARI',1),(2437,'STMIK CIKARANG',1),(2438,'STMIK CILEGON',1),(2439,'STMIK DCI',1),(2440,'STMIK DENPASAR',1),(2441,'STMIK DHARMA NEGARA',1),(2442,'STMIK DHARMA PUTRA',1),(2443,'STMIK DHARMA WACANA',1),(2444,'STMIK DHARMASRAYA',1),(2445,'STMIK DIAN CIPTA CENDIKIA KOTABUMI',1),(2446,'STMIK DIPANEGARA MAKASSAR',1),(2447,'STMIK DUMAI',1),(2448,'STMIK DUTA BANGSA',1),(2449,'STMIK EL RAHMA',1),(2450,'STMIK ERESHA',1),(2451,'STMIK GANESHA BANDUNG',1),(2452,'STMIK GLOBAL INFORMATIKA MDP',1),(2453,'STMIK HANDAYANI MAKASSAR',1),(2454,'STMIK HIMSYA',1),(2455,'STMIK IBBI',1),(2456,'STMIK ICHSAN',1),(2457,'STMIK IKMI CIREBON',1),(2458,'STMIK IM',1),(2459,'STMIK INDONESIA BANJARMASIN',1),(2460,'STMIK INDONESIA JAKARTA',1),(2461,'STMIK INDONESIA PADANG',1),(2462,'STMIK INSAN PEMBANGUNAN',1),(2463,'STMIK INTI INDONESIA',1),(2464,'STMIK ISLAM INTERNASIONAL',1),(2465,'STMIK ITMI MEDAN',1),(2466,'STMIK JABAR',1),(2467,'STMIK JAKARTA INSTITUTE OF TECHNOLOGY',1),(2468,'STMIK JAKARTA STI&K',1),(2469,'STMIK JAYA NUSA',1),(2470,'STMIK JAYAKARTA',1),(2471,'STMIK JENDERAL ACHMAD YANI',1),(2472,'STMIK JIBES',1),(2473,'STMIK KADIRI',1),(2474,'STMIK KAPUTAMA',1),(2475,'STMIK KHARISMA KARAWANG',1),(2476,'STMIK KHARISMA MAKASSAR',1),(2477,'STMIK KRISTEN NEUMANN INDONESIA',1),(2478,'STMIK KUWERA',1),(2479,'STMIK LIKMI',1),(2480,'STMIK LOGIKA',1),(2481,'STMIK LOMBOK',1),(2482,'STMIK LPKIA BANDUNG',1),(2483,'STMIK MAHAKARYA',1),(2484,'STMIK MARDIRA INDONESIA',1),(2485,'STMIK MASA DEPAN',1),(2486,'STMIK MATUARI',1),(2487,'STMIK MERCUSUAR',1),(2488,'STMIK MIC CIKARANG',1),(2489,'STMIK MIKAR',1),(2490,'STMIK MIKROSKIL',1),(2491,'STMIK MITRA LAMPUNG',1),(2492,'STMIK MUARA DUA',1),(2493,'STMIK MUHAMMAD HUSNI THAMRIN',1),(2494,'STMIK MUHAMMADIYAH BANTEN',1),(2495,'STMIK MUHAMMADIYAH JAKARTA',1),(2496,'STMIK MULTICOM BOLAAN MONGONDOW',1),(2497,'STMIK MUSI RAWAS',1),(2498,'STMIK NURDIN HAMZAH',1),(2499,'STMIK NUSA MANDIRI JAKARTA',1),(2500,'STMIK NUSA MANDIRI SUKABUMI',1),(2501,'STMIK PADJADJARAN',1),(2502,'STMIK PALANGKA RAYA',1),(2503,'STMIK PALCOMTECH',1),(2504,'STMIK PAMITRAN',1),(2505,'STMIK PARNARAYA',1),(2506,'STMIK PASIM SUKABUMI',1),(2507,'STMIK PATRIA WACANA',1),(2508,'STMIK PELITA NUSANTARA MEDAN',1),(2509,'STMIK PELITA NUSANTARA YOGYAKARTA',1),(2510,'STMIK PGRI TANGERANG',1),(2511,'STMIK PONTIANAK',1),(2512,'STMIK POTENSI UTAMA',1),(2513,'STMIK PPKIA PRADNYA PARAMITA',1),(2514,'STMIK PPKIA TARAKANITA RAHMAWATI TARAKAN',1),(2515,'STMIK PRABUMULIH',1),(2516,'STMIK PRANATA INDONESIA',1),(2517,'STMIK PRINGSEWU',1),(2518,'STMIK PROACTIVE',1),(2519,'STMIK PUTERA BATAM',1),(2520,'STMIK RAHARJA',1),(2521,'STMIK ROSMA',1),(2522,'STMIK SAMARINDA',1),(2523,'STMIK SAMUDRA BITUNG',1),(2524,'STMIK SATYAGAMA',1),(2525,'STMIK SENTRA PENDIDIKAN BISNIS',1),(2526,'STMIK SEPULUH NOPEMBER JAYAPURA',1),(2527,'STMIK SINAR NUSANTARA',1),(2528,'STMIK SISINGAMANGARAJA XII',1),(2529,'STMIK SUBANG',1),(2530,'STMIK SUMEDANG',1),(2531,'STMIK SURABAYA',1),(2532,'STMIK SURYA INTAN',1),(2533,'STMIK SWADHARMA',1),(2534,'STMIK SYAIKH ZAINUDDIN NAHDLATUL WATHAN',1),(2535,'STMIK TASIKMALAYA',1),(2536,'STMIK TEKNOKRAT',1),(2537,'STMIK TIDORE MANDIRI',1),(2538,'STMIK TIME',1),(2539,'STMIK TRIGUNA DHARMA',1),(2540,'STMIK TRIGUNA UTAMA',1),(2541,'STMIK TULUS CENDIKIA',1),(2542,'STMIK TUNAS BANGSA',1),(2543,'STMIK U\'BUDIYAH INDONESIA',1),(2544,'STMIK UYELINDO KUPANG',1),(2545,'STMIK WIDURI',1),(2546,'STMIK WIDYA CIPTA DHARMA SAMARINDA',1),(2547,'STMIK WIDYA DHARMA',1),(2548,'STMIK WIDYA PRATAMA',1),(2549,'STMIK WIDYA UTAMA',1),(2550,'STMIK WIT CIREBON',1),(2551,'STMIK YADIKA BANGIL',1),(2552,'STMIK YMI TEGAL',1),(2553,'UNIVERISTAS KATOLIK DARMA CENDIKA',1),(2554,'UNIVERISTAS MAJALENGKA',1),(2555,'UNIVERSITAS 17 AGUSTUS 19456',1),(2556,'UNIVERSITAS 17 AGUSTUS 1945',1),(2557,'UNIVERSITAS 17 AGUSTUS 1945 BANYUWANGI',1),(2558,'UNIVERSITAS 17 AGUSTUS 1945 SAMARINDA',1),(2559,'UNIVERSITAS 17 AGUSTUS 1945 SEMARANG',1),(2560,'UNIVERSITAS 17 AGUSTUS 1945 SURABAYA',1),(2561,'UNIVERSITAS 19 NOVEMBER KOLAKA',1),(2562,'UNIVERSITAS 45 MAKASSAR',1),(2563,'UNIVERSITAS 45 MATARAM',1),(2564,'UNIVERSITAS 45 SURABAYA',1),(2565,'UNIVERSITAS ABDURACHMAN SALEH',1),(2566,'UNIVERSITAS ABDURRAB',1),(2567,'UNIVERSITAS ABULYATAMA',1),(2568,'UNIVERSITAS ACHMAD YANI BANJARMASIN',1),(2569,'UNIVERSITAS ADVENT INDONESIA',1),(2570,'UNIVERSITAS AHMAD DAHLAN',1),(2571,'UNIVERSITAS AIRLANGGA',1),(2572,'UNIVERSITAS AKI',1),(2573,'UNIVERSITAS AL AMIN',1),(2574,'UNIVERSITAS AL ASYARIAH MANDAR',1),(2575,'UNIVERSITAS AL MUSLIM',1),(2576,'UNIVERSITAS AL-AZHAR',1),(2577,'UNIVERSITAS AL-AZHAR INDONESIA',1),(2578,'UNIVERSITAS AL-GHIFARI',1),(2579,'UNIVERSITAS AL-WASHLIYAH LABUHAN BATU',1),(2580,'UNIVERSITAS ALKHAIRAAT',1),(2581,'UNIVERSITAS ALWASHLIYAH',1),(2582,'UNIVERSITAS AMIR HAMZAH',1),(2583,'UNIVERSITAS ANDALAS',1),(2584,'UNIVERSITAS ANDI DJEMMA PALOPO',1),(2585,'UNIVERSITAS ANTAKUSUMA',1),(2586,'UNIVERSITAS ARS INTERNASIONAL',1),(2587,'UNIVERSITAS ASAHAN',1),(2588,'UNIVERSITAS ATMA JAYA MAKASSAR',1),(2589,'UNIVERSITAS ATMA JAYA YOGYAKARTA',1),(2590,'UNIVERSITAS AZZAHRA',1),(2591,'UNIVERSITAS BAITURRAHMAH',1),(2592,'UNIVERSITAS BALE BANDUNG',1),(2593,'UNIVERSITAS BALIKPAPAN',1),(2594,'UNIVERSITAS BANDAR LAMPUNG',1),(2595,'UNIVERSITAS BANDUNG RAYA',1),(2596,'UNIVERSITAS BANGKA BELITUNG',1),(2597,'UNIVERSITAS BATAM',1),(2598,'UNIVERSITAS BATANGHARI JAMBI',1),(2599,'UNIVERSITAS BATURAJA',1),(2600,'UNIVERSITAS BENGKULU',1),(2601,'UNIVERSITAS BHAYANGKARA JAKARTA RAYA',1),(2602,'UNIVERSITAS BHAYANGKARA SURABAYA',1),(2603,'UNIVERSITAS BINA DARMA',1),(2604,'UNIVERSITAS BINA NUSANTARA',1),(2605,'UNIVERSITAS BOJONEGORO',1),(2606,'UNIVERSITAS BONDOWOSO',1),(2607,'UNIVERSITAS BORNEO TARAKAN',1),(2608,'UNIVERSITAS BOROBUDUR',1),(2609,'UNIVERSITAS BOYOLALI',1),(2610,'UNIVERSITAS BRAWIJAYA',1),(2611,'UNIVERSITAS BUDI LUHUR',1),(2612,'UNIVERSITAS BUNDA MULIA',1),(2613,'UNIVERSITAS BUNG HATTA',1),(2614,'UNIVERSITAS BUNG KARNO',1),(2615,'UNIVERSITAS CAKRAWALA',1),(2616,'UNIVERSITAS CENDERAWASIH',1),(2617,'UNIVERSITAS CIPUTRA SURABAYA',1),(2618,'UNIVERSITAS COKROAMINOTO',1),(2619,'UNIVERSITAS COKROAMINOTO MAKASSAR',1),(2620,'UNIVERSITAS COKROAMINOTO PALOPO',1),(2621,'UNIVERSITAS CUT NYAK DHIEN',1),(2622,'UNIVERSITAS DARMA AGUNG',1),(2623,'UNIVERSITAS DARMA PERSADA',1),(2624,'UNIVERSITAS DARUL \'ULUM',1),(2625,'UNIVERSITAS DARUL ULUM ISLAMIC CENTRE SUDIRMA',1),(2626,'UNIVERSITAS DARUSSALAM AMBON',1),(2627,'UNIVERSITAS DARWAN ALI',1),(2628,'UNIVERSITAS DAYANU IKHSANUDDIN',1),(2629,'UNIVERSITAS DEHASEN BENGKULU',1),(2630,'UNIVERSITAS DHARMAWANGSA',1),(2631,'UNIVERSITAS DIAN NUSANTARA',1),(2632,'UNIVERSITAS DIAN NUSWANTORO',1),(2633,'UNIVERSITAS DIPONEGORO',1),(2634,'UNIVERSITAS DJUANDA',1),(2635,'UNIVERSITAS DR SOETOMO',1),(2636,'UNIVERSITAS DUMOGA BONE KOTAMUBAGU',1),(2637,'UNIVERSITAS DWIJENDRA',1),(2638,'UNIVERSITAS EKASAKTI',1),(2639,'UNIVERSITAS FAJAR',1),(2640,'UNIVERSITAS FLORES',1),(2641,'UNIVERSITAS GADJAH MADA',1),(2642,'UNIVERSITAS GAJAH PUTIH',1),(2643,'UNIVERSITAS GAJAYANA',1),(2644,'UNIVERSITAS GALUH CIAMIS',1),(2645,'UNIVERSITAS GARUT',1),(2646,'UNIVERSITAS GORONTALO',1),(2647,'UNIVERSITAS GRAHA NUSANTARA',1),(2648,'UNIVERSITAS GRESIK',1),(2649,'UNIVERSITAS GUNADARMA',1),(2650,'UNIVERSITAS GUNUNG KIDUL',1),(2651,'UNIVERSITAS GUNUNG RINJANI',1),(2652,'UNIVERSITAS HALMAHERA',1),(2653,'UNIVERSITAS HALUOLEO',1),(2654,'UNIVERSITAS HANG TUAH',1),(2655,'UNIVERSITAS HASANUDIN',1),(2656,'UNIVERSITAS HINDU INDONESIA',1),(2657,'UNIVERSITAS HKBP NOMMENSEN',1),(2658,'UNIVERSITAS IBA',1),(2659,'UNIVERSITAS IBN KHALDUN',1),(2660,'UNIVERSITAS IBNU CHALDUN',1),(2661,'UNIVERSITAS ICHSAN GORONTALO',1),(2662,'UNIVERSITAS INDO GLOBAL MANDIRI',1),(2663,'UNIVERSITAS INDONESIA',1),(2664,'UNIVERSITAS INDONESIA TIMUR',1),(2665,'UNIVERSITAS INDONUSA ESA UNGGUL',1),(2666,'UNIVERSITAS INDRAPRASTA PGRI',1),(2667,'UNIVERSITAS INFORMATIKA DAN BISNIS INDONESIA',1),(2668,'UNIVERSITAS INTERNASIONAL BATAM',1),(2669,'UNIVERSITAS IQRA BURU',1),(2670,'UNIVERSITAS ISKANDAR MUDA',1),(2671,'UNIVERSITAS ISLAM 45',1),(2672,'UNIVERSITAS ISLAM AL-AZHAR MATARAM',1),(2673,'UNIVERSITAS ISLAM AS-SYAFIIYAH',1),(2674,'UNIVERSITAS ISLAM ATTAHIRIYAH',1),(2675,'UNIVERSITAS ISLAM BALITAR',1),(2676,'UNIVERSITAS ISLAM BANDUNG',1),(2677,'UNIVERSITAS ISLAM BATIK',1),(2678,'UNIVERSITAS ISLAM DARUL \'ULUM',1),(2679,'UNIVERSITAS ISLAM INDONESIA',1),(2680,'UNIVERSITAS ISLAM INDRAGIRI',1),(2681,'UNIVERSITAS ISLAM JAKARTA',1),(2682,'UNIVERSITAS ISLAM JEMBER',1),(2683,'UNIVERSITAS ISLAM KADIRI',1),(2684,'UNIVERSITAS ISLAM KALIMANTAN M A B BANJARMASI',1),(2685,'UNIVERSITAS ISLAM LABUHAN BATU',1),(2686,'UNIVERSITAS ISLAM LAMONGAN',1),(2687,'UNIVERSITAS ISLAM MADURA',1),(2688,'UNIVERSITAS ISLAM MAJAPAHIT',1),(2689,'UNIVERSITAS ISLAM MAKASSAR',1),(2690,'UNIVERSITAS ISLAM MALANG',1),(2691,'UNIVERSITAS ISLAM NEGERI ALAUDDIN',1),(2692,'UNIVERSITAS ISLAM NEGERI MALANG',1),(2693,'UNIVERSITAS ISLAM NEGERI SULTHAN SYARIF QASIM',1),(2694,'UNIVERSITAS ISLAM NEGERI SUNAN GUNUNG DJATI',1),(2695,'UNIVERSITAS ISLAM NEGERI SUNAN KALIJAGA',1),(2696,'UNIVERSITAS ISLAM NEGERI SYARIF HIDAYATULLAH',1),(2697,'UNIVERSITAS ISLAM NUSANTARA',1),(2698,'UNIVERSITAS ISLAM OGAN KOMERING ILIR KAYUAGUN',1),(2699,'UNIVERSITAS ISLAM RIAU',1),(2700,'UNIVERSITAS ISLAM SULTAN AGUNG',1),(2701,'UNIVERSITAS ISLAM SUMATERA UTARA',1),(2702,'UNIVERSITAS ISLAM SYEKH YUSUF',1),(2703,'UNIVERSITAS JABAL GHAFUR',1),(2704,'UNIVERSITAS JAKARTA',1),(2705,'UNIVERSITAS JAMBI',1),(2706,'UNIVERSITAS JANABADRA',1),(2707,'UNIVERSITAS JAYABAYA',1),(2708,'UNIVERSITAS JEMBER',1),(2709,'UNIVERSITAS JENDERAL ACHMAD YANI',1),(2710,'UNIVERSITAS JENDERAL SOEDIRMAN',1),(2711,'UNIVERSITAS KADER BANGSA',1),(2712,'UNIVERSITAS KADIRI',1),(2713,'UNIVERSITAS KALTARA',1),(2714,'UNIVERSITAS KANJURUHAN',1),(2715,'UNIVERSITAS KAPUAS SINTANG',1),(2716,'UNIVERSITAS KARIMUN',1),(2717,'UNIVERSITAS KARO',1),(2718,'UNIVERSITAS KARTINI',1),(2719,'UNIVERSITAS KATOLIK DE LA SALLE',1),(2720,'UNIVERSITAS KATOLIK INDONESIA ATMA JAYA',1),(2721,'UNIVERSITAS KATOLIK PARAHYANGAN',1),(2722,'UNIVERSITAS KATOLIK SANTO THOMAS',1),(2723,'UNIVERSITAS KATOLIK SOEGIJAPRANATA',1),(2724,'UNIVERSITAS KATOLIK WIDYA KARYA',1),(2725,'UNIVERSITAS KATOLIK WIDYA MANDALA MADIUN',1),(2726,'UNIVERSITAS KATOLIK WIDYA MANDALA SURABAYA',1),(2727,'UNIVERSITAS KATOLIK WIDYA MANDIRA KUPANG',1),(2728,'UNIVERSITAS KEBANGSAAN',1),(2729,'UNIVERSITAS KEJUANGAN 45 JAKARTA',1),(2730,'UNIVERSITAS KHAIRUN',1),(2731,'UNIVERSITAS KLABAT',1),(2732,'UNIVERSITAS KOMPUTER INDONESIA',1),(2733,'UNIVERSITAS KRISNADWIPAYANA',1),(2734,'UNIVERSITAS KRISTEN ARTHA WACANA',1),(2735,'UNIVERSITAS KRISTEN CIPTA WACANA',1),(2736,'UNIVERSITAS KRISTEN DUTA WACANA',1),(2737,'UNIVERSITAS KRISTEN IMMANUEL',1),(2738,'UNIVERSITAS KRISTEN INDONESIA',1),(2739,'UNIVERSITAS KRISTEN INDONESIA MALUKU',1),(2740,'UNIVERSITAS KRISTEN INDONESIA PAULUS',1),(2741,'UNIVERSITAS KRISTEN INDONESIA TOMOHON',1),(2742,'UNIVERSITAS KRISTEN INDONESIA TORAJA',1),(2743,'UNIVERSITAS KRISTEN KRIDA WACANA',1),(2744,'UNIVERSITAS KRISTEN MARANATHA',1),(2745,'UNIVERSITAS KRISTEN PALANGKA RAYA',1),(2746,'UNIVERSITAS KRISTEN PAPUA',1),(2747,'UNIVERSITAS KRISTEN PETRA',1),(2748,'UNIVERSITAS KRISTEN SATYA WACANA',1),(2749,'UNIVERSITAS KRISTEN SURAKARTA',1),(2750,'UNIVERSITAS KRISTEN TENTENA',1),(2751,'UNIVERSITAS KUNINGAN',1),(2752,'UNIVERSITAS KUTAI KARTANEGARA TENGGARONG',1),(2753,'UNIVERSITAS LAKIDENDE UNAHAA',1),(2754,'UNIVERSITAS LAMBUNG MANGKURAT',1),(2755,'UNIVERSITAS LAMPUNG',1),(2756,'UNIVERSITAS LANCANG KUNING',1),(2757,'UNIVERSITAS LANGLANGBUANA',1),(2758,'UNIVERSITAS LUMAJANG',1),(2759,'UNIVERSITAS MA CHUNG',1),(2760,'UNIVERSITAS MADAKO TOLI-TOLI',1),(2761,'UNIVERSITAS MADURA',1),(2762,'UNIVERSITAS MAHAPUTRA MUHAMMAD YAMIN',1),(2763,'UNIVERSITAS MAHASARASWATI DENPASAR',1),(2764,'UNIVERSITAS MAHASARASWATI MATARAM',1),(2765,'UNIVERSITAS MAHENDRADATTA',1),(2766,'UNIVERSITAS MALAHAYATI',1),(2767,'UNIVERSITAS MALIKUSSALEH',1),(2768,'UNIVERSITAS MARITIM RAJA ALI HAJI',1),(2769,'UNIVERSITAS MATARAM',1),(2770,'UNIVERSITAS MATHLA\'UL ANWAR',1),(2771,'UNIVERSITAS MAYJEN SUNGKONO',1),(2772,'UNIVERSITAS MEDAN AREA',1),(2773,'UNIVERSITAS MEGOU PAK TULANG BAWANG',1),(2774,'UNIVERSITAS MERCU BUANA',1),(2775,'UNIVERSITAS MERCU BUANA YOGYAKARTA',1),(2776,'UNIVERSITAS MERDEKA MADIUN',1),(2777,'UNIVERSITAS MERDEKA MALANG',1),(2778,'UNIVERSITAS MERDEKA PASURUAN',1),(2779,'UNIVERSITAS MERDEKA PONOROGO',1),(2780,'UNIVERSITAS MERDEKA SURABAYA',1),(2781,'UNIVERSITAS METHODIST INDONESIA',1),(2782,'UNIVERSITAS MOCHAMMAD SROEDJI',1),(2783,'UNIVERSITAS MPU TANTULAR',1),(2784,'UNIVERSITAS MUARA BUNGO',1),(2785,'UNIVERSITAS MUHAMMADIYAH ACEH',1),(2786,'UNIVERSITAS MUHAMMADIYAH BENGKULU',1),(2787,'UNIVERSITAS MUHAMMADIYAH BUTON',1),(2788,'UNIVERSITAS MUHAMMADIYAH CIREBON',1),(2789,'UNIVERSITAS MUHAMMADIYAH GORONTALO',1),(2790,'UNIVERSITAS MUHAMMADIYAH GRESIK',1),(2791,'UNIVERSITAS MUHAMMADIYAH JAKARTA',1),(2792,'UNIVERSITAS MUHAMMADIYAH JEMBER',1),(2793,'UNIVERSITAS MUHAMMADIYAH KENDARI',1),(2794,'UNIVERSITAS MUHAMMADIYAH KUPANG',1),(2795,'UNIVERSITAS MUHAMMADIYAH LAMPUNG',1),(2796,'UNIVERSITAS MUHAMMADIYAH LUWUK BANGGAI',1),(2797,'UNIVERSITAS MUHAMMADIYAH MAGELANG',1),(2798,'UNIVERSITAS MUHAMMADIYAH MAKASAR',1),(2799,'UNIVERSITAS MUHAMMADIYAH MALANG',1),(2800,'UNIVERSITAS MUHAMMADIYAH MALUKU UTARA',1),(2801,'UNIVERSITAS MUHAMMADIYAH MATARAM',1),(2802,'UNIVERSITAS MUHAMMADIYAH METRO',1),(2803,'UNIVERSITAS MUHAMMADIYAH PALANGKA RAYA',1),(2804,'UNIVERSITAS MUHAMMADIYAH PALEMBANG',1),(2805,'UNIVERSITAS MUHAMMADIYAH PALU',1),(2806,'UNIVERSITAS MUHAMMADIYAH PARE-PARE',1),(2807,'UNIVERSITAS MUHAMMADIYAH PONOROGO',1),(2808,'UNIVERSITAS MUHAMMADIYAH PONTIANAK',1),(2809,'UNIVERSITAS MUHAMMADIYAH PROF DR HAMKA',1),(2810,'UNIVERSITAS MUHAMMADIYAH PURWOKERTO',1),(2811,'UNIVERSITAS MUHAMMADIYAH PURWOREJO',1),(2812,'UNIVERSITAS MUHAMMADIYAH RIAU',1),(2813,'UNIVERSITAS MUHAMMADIYAH SEMARANG',1),(2814,'UNIVERSITAS MUHAMMADIYAH SIDOARJO',1),(2815,'UNIVERSITAS MUHAMMADIYAH SUKABUMI',1),(2816,'UNIVERSITAS MUHAMMADIYAH SUMATERA BARAT',1),(2817,'UNIVERSITAS MUHAMMADIYAH SUMATERA UTARA',1),(2818,'UNIVERSITAS MUHAMMADIYAH SURABAYA',1),(2819,'UNIVERSITAS MUHAMMADIYAH SURAKARTA',1),(2820,'UNIVERSITAS MUHAMMADIYAH TAPANULI SELATAN',1),(2821,'UNIVERSITAS MUHAMMADIYAH YOGYAKARTA',1),(2822,'UNIVERSITAS MULAWARMAN',1),(2823,'UNIVERSITAS MULTIMEDIA NUSANTARA',1),(2824,'UNIVERSITAS MURIA KUDUS',1),(2825,'UNIVERSITAS MUSAMUS MERAUKE',1),(2826,'UNIVERSITAS MUSLIM INDONESIA',1),(2827,'UNIVERSITAS MUSLIM NUSANTARA AL-WASLIYAH',1),(2828,'UNIVERSITAS NAHDLATUL ULAMA',1),(2829,'UNIVERSITAS NAHDLATUL WATHAN',1),(2830,'UNIVERSITAS NAROTAMA',1),(2831,'UNIVERSITAS NASIONAL',1),(2832,'UNIVERSITAS NASIONAL PASIM',1),(2833,'UNIVERSITAS NEGERI GORONTALO',1),(2834,'UNIVERSITAS NEGERI JAKARTA',1),(2835,'UNIVERSITAS NEGERI MAKASSAR',1),(2836,'UNIVERSITAS NEGERI MALANG',1),(2837,'UNIVERSITAS NEGERI MANADO',1),(2838,'UNIVERSITAS NEGERI MEDAN',1),(2839,'UNIVERSITAS NEGERI PADANG',1),(2840,'UNIVERSITAS NEGERI PAPUA',1),(2841,'UNIVERSITAS NEGERI SEMARANG',1),(2842,'UNIVERSITAS NEGERI SURABAYA',1),(2843,'UNIVERSITAS NEGERI YOGYAKARTA',1),(2844,'UNIVERSITAS NGURAH RAI',1),(2845,'UNIVERSITAS NUKU',1),(2846,'UNIVERSITAS NURTANIO',1),(2847,'UNIVERSITAS NUSA BANGSA',1),(2848,'UNIVERSITAS NUSA CENDANA',1),(2849,'UNIVERSITAS NUSA LONTAR ROTE',1),(2850,'UNIVERSITAS NUSA NIPA',1),(2851,'UNIVERSITAS NUSA TENGGARA BARAT',1),(2852,'UNIVERSITAS NUSANTARA MANADO',1),(2853,'UNIVERSITAS NUSANTARA PGRI KEDIRI',1),(2854,'UNIVERSITAS PADJADJARAN',1),(2855,'UNIVERSITAS PAKUAN',1),(2856,'UNIVERSITAS PALANGKA RAYA',1),(2857,'UNIVERSITAS PALEMBANG',1),(2858,'UNIVERSITAS PAMULANG',1),(2859,'UNIVERSITAS PANCA BHAKTI',1),(2860,'UNIVERSITAS PANCA MARGA',1),(2861,'UNIVERSITAS PANCASAKTI',1),(2862,'UNIVERSITAS PANCASAKTI',1),(2863,'UNIVERSITAS PANCASILA',1),(2864,'UNIVERSITAS PANDANARAN',1),(2865,'UNIVERSITAS PANJI SAKTI SINGARAJA',1),(2866,'UNIVERSITAS PARAMADINA',1),(2867,'UNIVERSITAS PASUNDAN',1),(2868,'UNIVERSITAS PATTIMURA',1),(2869,'UNIVERSITAS PAWYATAN DAHA',1),(2870,'UNIVERSITAS PEKALONGAN',1),(2871,'UNIVERSITAS PELITA HARAPAN',1),(2872,'UNIVERSITAS PELITA HARAPAN SURABAYA',1),(2873,'UNIVERSITAS PEMBANGUNAN INDONESIA',1),(2874,'UNIVERSITAS PEMBANGUNAN NASIONAL VETERAN',1),(2875,'UNIVERSITAS PEMBANGUNAN NASIONAL VETERAN JAKA',1),(2876,'UNIVERSITAS PEMBANGUNAN NASIONAL VETERAN JATI',1),(2877,'UNIVERSITAS PEMBANGUNAN PANCA BUDI',1),(2878,'UNIVERSITAS PEMBINAAN MASYARAKAT INDONESIA',1),(2879,'UNIVERSITAS PENDIDIKAN GANESHA',1),(2880,'UNIVERSITAS PENDIDIKAN INDONESIA',1),(2881,'UNIVERSITAS PENDIDIKAN NASIONAL',1),(2882,'UNIVERSITAS PENDIDIKAN PUTRA INDONESIA',1),(2883,'UNIVERSITAS PEPABRI MAKASSAR',1),(2884,'UNIVERSITAS PERSADA INDONESIA YAI',1),(2885,'UNIVERSITAS PESANTREN TINGGI DARUL \'ULUM',1),(2886,'UNIVERSITAS PGRI ADI BUANA',1),(2887,'UNIVERSITAS PGRI BANYUWANGI',1),(2888,'UNIVERSITAS PGRI KUPANG',1),(2889,'UNIVERSITAS PGRI PALANGKA RAYA',1),(2890,'UNIVERSITAS PGRI PALEMBANG',1),(2891,'UNIVERSITAS PGRI RONGGOLAWE',1),(2892,'UNIVERSITAS PGRI YOGYAKARTA',1),(2893,'UNIVERSITAS PRAMITA INDONESIA',1),(2894,'UNIVERSITAS PRESIDEN',1),(2895,'UNIVERSITAS PRESTON INDONESIA',1),(2896,'UNIVERSITAS PRIMA INDONESIA',1),(2897,'UNIVERSITAS PROF DR HAZAIRIN SH',1),(2898,'UNIVERSITAS PROF DR MOESTOPO (BERAGAMA)',1),(2899,'UNIVERSITAS PROKLAMASI \'45',1),(2900,'UNIVERSITAS PURWAKARTA',1),(2901,'UNIVERSITAS PUTERA BATAM',1),(2902,'UNIVERSITAS PUTRA INDONESIA YPTK PADANG',1),(2903,'UNIVERSITAS RATU SAMBAN',1),(2904,'UNIVERSITAS RESPATI INDONESIA',1),(2905,'UNIVERSITAS RESPATI YOGYAKARTA',1),(2906,'UNIVERSITAS RIAU',1),(2907,'UNIVERSITAS RIAU KEPULAUAN',1),(2908,'UNIVERSITAS SAHID',1),(2909,'UNIVERSITAS SAHID SURAKARTA',1),(2910,'UNIVERSITAS SAINS ALQUR\'AN',1),(2911,'UNIVERSITAS SAINS DAN TEKNOLOGI JAYAPURA',1),(2912,'UNIVERSITAS SAM RATULANGI',1),(2913,'UNIVERSITAS SAMAWA',1),(2914,'UNIVERSITAS SAMUDRA LANGSA',1),(2915,'UNIVERSITAS SANATA DHARMA',1),(2916,'UNIVERSITAS SANG BUMI RUWA JURAI',1),(2917,'UNIVERSITAS SANGGA BUANA',1),(2918,'UNIVERSITAS SARI PUTRA TOMOHON',1),(2919,'UNIVERSITAS SARJANAWIYATA TAMANSISWA',1),(2920,'UNIVERSITAS SATRIA MAKASSAR',1),(2921,'UNIVERSITAS SATYA NEGARA INDONESIA',1),(2922,'UNIVERSITAS SATYA WIYATA MANDALA',1),(2923,'UNIVERSITAS SATYAGAMA',1),(2924,'UNIVERSITAS SAWERIGADING MAKASSAR',1),(2925,'UNIVERSITAS SEBELAS MARET',1),(2926,'UNIVERSITAS SEMARANG',1),(2927,'UNIVERSITAS SERAMBI MEKKAH',1),(2928,'UNIVERSITAS SERANG RAYA',1),(2929,'UNIVERSITAS SETIA BUDI MANDIRI',1),(2930,'UNIVERSITAS SETIA BUDI SURAKARTA',1),(2931,'UNIVERSITAS SILIWANGI',1),(2932,'UNIVERSITAS SIMALUNGUN',1),(2933,'UNIVERSITAS SINGAPERBANGSA KARAWANG',1),(2934,'UNIVERSITAS SINTUWU MAROSO POSO',1),(2935,'UNIVERSITAS SISINGAMANGARAJA XII',1),(2936,'UNIVERSITAS SISINGAMANGARAJA XII TAPANULI UTA',1),(2937,'UNIVERSITAS SJAKHYAKIRTI',1),(2938,'UNIVERSITAS SLAMET RIYADI',1),(2939,'UNIVERSITAS SOERJO',1),(2940,'UNIVERSITAS SRIWIJAYA',1),(2941,'UNIVERSITAS STIKUBANK',1),(2942,'UNIVERSITAS SUBANG',1),(2943,'UNIVERSITAS SULAWESI BARAT',1),(2944,'UNIVERSITAS SULAWESI TENGGARA',1),(2945,'UNIVERSITAS SULTAN AGENG TIRTAYASA',1),(2946,'UNIVERSITAS SULTAN FATAH',1),(2947,'UNIVERSITAS SUMATERA UTARA',1),(2948,'UNIVERSITAS SUNAN BONANG',1),(2949,'UNIVERSITAS SUNAN GIRI',1),(2950,'UNIVERSITAS SURABAYA',1),(2951,'UNIVERSITAS SURAKARTA',1),(2952,'UNIVERSITAS SURAPATI',1),(2953,'UNIVERSITAS SURYADARMA',1),(2954,'UNIVERSITAS SURYAKANCANA',1),(2955,'UNIVERSITAS SWADAYA GUNUNG DJATI',1),(2956,'UNIVERSITAS SWISS GERMAN',1),(2957,'UNIVERSITAS SYIAH KUALA',1),(2958,'UNIVERSITAS TABANAN',1),(2959,'UNIVERSITAS TADULAKO',1),(2960,'UNIVERSITAS TAMA JAGAKARSA',1),(2961,'UNIVERSITAS TAMANSISWA',1),(2962,'UNIVERSITAS TAMANSISWA',1),(2963,'UNIVERSITAS TANJUNGPURA',1),(2964,'UNIVERSITAS TARUMANAGARA',1),(2965,'UNIVERSITAS TEKNOLOGI INDONESIA',1),(2966,'UNIVERSITAS TEKNOLOGI SULAWESI',1),(2967,'UNIVERSITAS TEKNOLOGI SULAWESI UTARA',1),(2968,'UNIVERSITAS TEKNOLOGI SURABAYA',1),(2969,'UNIVERSITAS TEKNOLOGI YOGYAKARTA',1),(2970,'UNIVERSITAS TERBUKA',1),(2971,'UNIVERSITAS TEUKU UMAR MEULABOH',1),(2972,'UNIVERSITAS TIDAR MAGELANG',1),(2973,'UNIVERSITAS TIMBUL NUSANTARA',1),(2974,'UNIVERSITAS TIMIKA',1),(2975,'UNIVERSITAS TIMOR',1),(2976,'UNIVERSITAS TOMPOTIKA LUWUK BANGGAI',1),(2977,'UNIVERSITAS TRI TUNGGAL',1),(2978,'UNIVERSITAS TRIBHUWANA TUNGGA DEWI',1),(2979,'UNIVERSITAS TRIBUANA KALABAHI',1),(2980,'UNIVERSITAS TRIDHARMA',1),(2981,'UNIVERSITAS TRIDINANTI',1),(2982,'UNIVERSITAS TRISAKTI',1),(2983,'UNIVERSITAS TRUNAJAYA BONTANG',1),(2984,'UNIVERSITAS TRUNOJOYO',1),(2985,'UNIVERSITAS TULANG BAWANG',1),(2986,'UNIVERSITAS TULUNGAGUNG',1),(2987,'UNIVERSITAS TUNAS PEMBANGUNAN',1),(2988,'UNIVERSITAS UDAYANA',1),(2989,'UNIVERSITAS VETERAN BANGUN NUSANTARA',1),(2990,'UNIVERSITAS VETERAN RI',1),(2991,'UNIVERSITAS VICTORY SORONG',1),(2992,'UNIVERSITAS W R SUPRATMAN',1),(2993,'UNIVERSITAS WAHID HASYIM',1),(2994,'UNIVERSITAS WANITA INTERNASIONAL',1),(2995,'UNIVERSITAS WARMADEWA',1),(2996,'UNIVERSITAS WIDYA DHARMA',1),(2997,'UNIVERSITAS WIDYA GAMA',1),(2998,'UNIVERSITAS WIDYA GAMA MAHAKAM SAMARINDA',1),(2999,'UNIVERSITAS WIDYA KARTIKA',1),(3000,'UNIVERSITAS WIDYA MATARAM',1),(3001,'UNIVERSITAS WIDYATAMA',1),(3002,'UNIVERSITAS WIJAYA KUSUMA PURWOKERTO',1),(3003,'UNIVERSITAS WIJAYA KUSUMA SURABAYA',1),(3004,'UNIVERSITAS WIJAYA PUTRA',1),(3005,'UNIVERSITAS WINAYA MUKTI',1),(3006,'UNIVERSITAS WIRALODRA',1),(3007,'UNIVERSITAS WIRARAJA',1),(3008,'UNIVERSITAS WIRASWASTA INDONESIA',1),(3009,'UNIVERSITAS WISNUWARDHANA',1),(3010,'UNIVERSITAS YAPIS PAPUA',1),(3011,'UNIVERSITAS YARSI',1),(3012,'UNIVERSITAS YOS SUDARSO',1),(3013,'UNIVERSITAS YUDHARTA PASURUAN',1);

/*Table structure for table `ic_faq` */

DROP TABLE IF EXISTS `ic_faq`;

CREATE TABLE `ic_faq` (
  `id` int(10) unsigned NOT NULL AUTO_INCREMENT,
  `question` varchar(255) NOT NULL,
  `answer` text NOT NULL,
  `project_id` int(10) unsigned NOT NULL,
  PRIMARY KEY (`id`),
  KEY `fk_project_id_faq` (`project_id`),
  CONSTRAINT `fk_project_id_faq` FOREIGN KEY (`project_id`) REFERENCES `ic_project` (`id`) ON DELETE CASCADE ON UPDATE CASCADE
) ENGINE=InnoDB DEFAULT CHARSET=utf8;

/*Data for the table `ic_faq` */

/*Table structure for table `ic_ft_graduate` */

DROP TABLE IF EXISTS `ic_ft_graduate`;

CREATE TABLE `ic_ft_graduate` (
  `id` int(10) unsigned NOT NULL AUTO_INCREMENT,
  `major_id` smallint(5) unsigned DEFAULT NULL,
  `degree_id` tinyint(3) unsigned DEFAULT NULL,
  `role_date` tinyint(3) unsigned NOT NULL,
  `role_month` tinyint(3) unsigned NOT NULL,
  `role_year` smallint(5) unsigned NOT NULL,
  `finish_date` tinyint(3) unsigned NOT NULL,
  `finish_month` tinyint(3) unsigned NOT NULL,
  `finish_year` smallint(5) unsigned NOT NULL,
  `student_number` varchar(80) NOT NULL,
  `member_id` int(10) unsigned NOT NULL,
  PRIMARY KEY (`id`),
  KEY `fk_member_id_ft_graduate` (`member_id`) USING BTREE,
  KEY `fk_major_id_ft_graduate` (`major_id`) USING BTREE,
  KEY `fk_degree_id_ft_graduate` (`degree_id`) USING BTREE,
  CONSTRAINT `fk_degree_id_ft_graduate` FOREIGN KEY (`degree_id`) REFERENCES `ic_edu_degree` (`id`) ON DELETE SET NULL ON UPDATE CASCADE,
  CONSTRAINT `fk_major_id_ft_graduate` FOREIGN KEY (`major_id`) REFERENCES `ic_edu_major` (`id`) ON DELETE SET NULL ON UPDATE CASCADE,
  CONSTRAINT `fk_member_id_ft_graduate` FOREIGN KEY (`member_id`) REFERENCES `swt_users` (`id`) ON DELETE CASCADE ON UPDATE CASCADE
) ENGINE=InnoDB DEFAULT CHARSET=utf8 ROW_FORMAT=COMPACT;

/*Data for the table `ic_ft_graduate` */

/*Table structure for table `ic_ft_staff` */

DROP TABLE IF EXISTS `ic_ft_staff`;

CREATE TABLE `ic_ft_staff` (
  `id` int(10) unsigned NOT NULL AUTO_INCREMENT,
  `grade` varchar(100) NOT NULL COMMENT 'pangkat ex=Pengatur Muda Tk.I/IIB,Karyawan Non PNS',
  `job_position` varchar(100) NOT NULL COMMENT 'jabatan ex=Ka.Sub.Bagian, Dosen',
  `working_unit` varchar(255) NOT NULL COMMENT 'unit kerja ex=Kemahasiswaan & Alumni, Jurusan Budidaya Pertanian',
  `staff_number` varchar(80) NOT NULL,
  `member_id` int(10) unsigned NOT NULL,
  PRIMARY KEY (`id`),
  KEY `fk_member_id_ft_staff` (`member_id`) USING BTREE,
  CONSTRAINT `fk_member_id_ft_staff` FOREIGN KEY (`member_id`) REFERENCES `swt_users` (`id`) ON DELETE CASCADE ON UPDATE CASCADE
) ENGINE=InnoDB DEFAULT CHARSET=utf8 ROW_FORMAT=COMPACT;

/*Data for the table `ic_ft_staff` */

/*Table structure for table `ic_ft_student` */

DROP TABLE IF EXISTS `ic_ft_student`;

CREATE TABLE `ic_ft_student` (
  `id` int(10) unsigned NOT NULL AUTO_INCREMENT,
  `major_id` smallint(5) unsigned DEFAULT NULL,
  `degree_id` tinyint(3) unsigned DEFAULT NULL,
  `role_date` tinyint(3) unsigned NOT NULL,
  `role_month` tinyint(3) unsigned NOT NULL,
  `role_year` smallint(5) unsigned NOT NULL,
  `student_number` varchar(80) NOT NULL,
  `member_id` int(10) unsigned NOT NULL,
  PRIMARY KEY (`id`),
  KEY `fk_member_id` (`member_id`) USING BTREE,
  KEY `fk_major_id_ft_student` (`major_id`) USING BTREE,
  KEY `fk_degree_id_ft_student` (`degree_id`) USING BTREE,
  CONSTRAINT `fk_degree_id_ft_student` FOREIGN KEY (`degree_id`) REFERENCES `ic_edu_degree` (`id`) ON DELETE SET NULL ON UPDATE CASCADE,
  CONSTRAINT `fk_major_id_ft_student` FOREIGN KEY (`major_id`) REFERENCES `ic_edu_major` (`id`) ON DELETE SET NULL ON UPDATE CASCADE,
  CONSTRAINT `fk_member_id` FOREIGN KEY (`member_id`) REFERENCES `swt_users` (`id`) ON DELETE CASCADE ON UPDATE CASCADE
) ENGINE=InnoDB DEFAULT CHARSET=utf8 ROW_FORMAT=COMPACT;

/*Data for the table `ic_ft_student` */

/*Table structure for table `ic_funding` */

DROP TABLE IF EXISTS `ic_funding`;

CREATE TABLE `ic_funding` (
  `id` int(10) unsigned NOT NULL AUTO_INCREMENT,
  `requirement` varchar(80) NOT NULL,
  `value` decimal(14,2) unsigned NOT NULL,
  `unit` varchar(30) NOT NULL DEFAULT 'rupiah' COMMENT 'nggak usah ada inputnya (sementara default semua rupiah)',
  `requisite_id` int(11) unsigned NOT NULL,
  PRIMARY KEY (`id`),
  KEY `fk_requisite_id_funding` (`requisite_id`) USING BTREE,
  CONSTRAINT `fk_requisite_id_funding` FOREIGN KEY (`requisite_id`) REFERENCES `ic_project_requisite` (`id`) ON DELETE CASCADE ON UPDATE CASCADE
) ENGINE=InnoDB AUTO_INCREMENT=2 DEFAULT CHARSET=utf8 ROW_FORMAT=COMPACT;

/*Data for the table `ic_funding` */

insert  into `ic_funding`(`id`,`requirement`,`value`,`unit`,`requisite_id`) values (1,'Katalog','5000.00','rupiah',79);

/*Table structure for table `ic_funding_account` */

DROP TABLE IF EXISTS `ic_funding_account`;

CREATE TABLE `ic_funding_account` (
  `id` tinyint(3) unsigned NOT NULL AUTO_INCREMENT,
  `bank_id` tinyint(3) unsigned DEFAULT NULL,
  `account_number` varchar(20) NOT NULL,
  `owner_name_alias` varchar(80) NOT NULL,
  PRIMARY KEY (`id`),
  KEY `fk_bank_id_funding_account` (`bank_id`) USING BTREE,
  CONSTRAINT `fk_bank_id_funding_account` FOREIGN KEY (`bank_id`) REFERENCES `ic_bank` (`id`) ON DELETE SET NULL ON UPDATE CASCADE
) ENGINE=InnoDB AUTO_INCREMENT=22 DEFAULT CHARSET=utf8 ROW_FORMAT=COMPACT;

/*Data for the table `ic_funding_account` */

insert  into `ic_funding_account`(`id`,`bank_id`,`account_number`,`owner_name_alias`) values (1,13,'11111bca','demitasdasbca'),(2,2,'asdasd','asdasd'),(3,2,'11111','udah ku auto increment'),(5,2,'as','ssss'),(7,3,'123','bca sapa ini?'),(9,6,'aaa','demit'),(10,4,'43211','dikasasd'),(11,4,'43211','dika'),(12,3,'1','tes'),(13,3,'1','tes'),(14,17,'897981','helo'),(15,17,'897981','helo'),(16,14,'2','capek'),(18,8,'47','47'),(19,8,'47','47'),(20,2,'18','18'),(21,2,'18','18');

/*Table structure for table `ic_funding_user` */

DROP TABLE IF EXISTS `ic_funding_user`;

CREATE TABLE `ic_funding_user` (
  `id` bigint(20) unsigned NOT NULL AUTO_INCREMENT,
  `sponsor_id` int(10) unsigned DEFAULT NULL,
  `sponsor_name` varchar(80) DEFAULT NULL COMMENT 'nggak perlu dibuat input',
  `requisite_id` int(10) unsigned NOT NULL,
  `as_institution_id` int(10) unsigned DEFAULT NULL,
  `as_institution_name` varchar(100) DEFAULT NULL COMMENT 'nggak perlu dibuat input',
  `account_from_number` varchar(20) NOT NULL,
  `bank_from_id` tinyint(3) unsigned DEFAULT NULL,
  `bank_from_name` varchar(255) DEFAULT NULL COMMENT 'nggak perlu dibuat input',
  `account_to_id` tinyint(3) unsigned DEFAULT NULL,
  `account_to_number` varchar(20) DEFAULT NULL COMMENT 'nggak perlu dibuat input',
  `value` decimal(14,2) unsigned NOT NULL,
  `unit` varchar(30) NOT NULL DEFAULT 'rupiah' COMMENT 'default rupiah (tak perlu dibuat input)',
  `is_verified` tinyint(3) unsigned DEFAULT '0',
  `varificator_id` int(10) unsigned DEFAULT NULL,
  `verification_time` datetime DEFAULT NULL COMMENT 'auto value: input',
  `had_been_returned` tinyint(3) unsigned NOT NULL DEFAULT '0' COMMENT 'saat kebutuhan disetujui tapi tak memenuhi kuota (dikembalikan/belum)',
  PRIMARY KEY (`id`),
  KEY `fk_as_institution_id_funding_user` (`as_institution_id`) USING BTREE,
  KEY `fk_funding_id_funding_user` (`requisite_id`) USING BTREE,
  KEY `fk_sponsor_id` (`sponsor_id`) USING BTREE,
  KEY `fk_verificator_id_funding_user` (`varificator_id`) USING BTREE,
  KEY `fk_bank_from_id` (`bank_from_id`) USING BTREE,
  KEY `fk_account_to_id` (`account_to_id`) USING BTREE,
  CONSTRAINT `fk_account_to_id` FOREIGN KEY (`account_to_id`) REFERENCES `ic_funding_account` (`id`) ON DELETE SET NULL ON UPDATE CASCADE,
  CONSTRAINT `fk_as_institution_id_funding_user` FOREIGN KEY (`as_institution_id`) REFERENCES `ic_institution_some` (`id`) ON DELETE SET NULL ON UPDATE CASCADE,
  CONSTRAINT `fk_bank_from_id` FOREIGN KEY (`bank_from_id`) REFERENCES `ic_bank` (`id`) ON DELETE SET NULL ON UPDATE CASCADE,
  CONSTRAINT `fk_requisite_id` FOREIGN KEY (`requisite_id`) REFERENCES `ic_project_requisite` (`id`) ON DELETE CASCADE ON UPDATE CASCADE,
  CONSTRAINT `fk_sponsor_id` FOREIGN KEY (`sponsor_id`) REFERENCES `swt_users` (`id`) ON DELETE SET NULL ON UPDATE CASCADE,
  CONSTRAINT `fk_verificator_id_funding_user` FOREIGN KEY (`varificator_id`) REFERENCES `swt_users` (`id`) ON DELETE SET NULL ON UPDATE CASCADE
) ENGINE=InnoDB AUTO_INCREMENT=10 DEFAULT CHARSET=utf8 ROW_FORMAT=COMPACT;

/*Data for the table `ic_funding_user` */

insert  into `ic_funding_user`(`id`,`sponsor_id`,`sponsor_name`,`requisite_id`,`as_institution_id`,`as_institution_name`,`account_from_number`,`bank_from_id`,`bank_from_name`,`account_to_id`,`account_to_number`,`value`,`unit`,`is_verified`,`varificator_id`,`verification_time`,`had_been_returned`) values (5,8,'Admin Back Office',79,3,'PT Berkah Abadi Jaya','52345253453453',5,'Bank Danamon',11,'43211','30000.00','rupiah',1,8,'2013-07-30 09:34:30',1),(6,10,'Emella',79,NULL,NULL,'',NULL,NULL,NULL,NULL,'0.00','rupiah',0,NULL,NULL,0),(7,10,'Emella',81,NULL,NULL,'',NULL,NULL,NULL,NULL,'0.00','rupiah',0,NULL,NULL,0),(8,10,'Emella',81,NULL,NULL,'',NULL,NULL,NULL,NULL,'0.00','rupiah',0,NULL,NULL,0),(9,10,'Emella',79,NULL,NULL,'',NULL,NULL,NULL,NULL,'0.00','rupiah',0,NULL,NULL,1);

/*Table structure for table `ic_institution_some` */

DROP TABLE IF EXISTS `ic_institution_some`;

CREATE TABLE `ic_institution_some` (
  `id` int(10) unsigned NOT NULL AUTO_INCREMENT,
  `name` varchar(100) NOT NULL,
  `address` varchar(255) NOT NULL,
  `province_id` smallint(5) unsigned DEFAULT NULL,
  `regency_id` smallint(5) unsigned DEFAULT NULL,
  `institution_phone_number` varchar(15) NOT NULL,
  `job_position` varchar(80) NOT NULL,
  `user_id` int(10) unsigned NOT NULL,
  PRIMARY KEY (`id`),
  KEY `fk_user_id_institution_some` (`user_id`) USING BTREE,
  KEY `fk_province_id_institution_some` (`province_id`),
  KEY `fk_regency_id_institution_some` (`regency_id`),
  CONSTRAINT `fk_province_id_institution_some` FOREIGN KEY (`province_id`) REFERENCES `ic_zone_province` (`id`) ON DELETE SET NULL ON UPDATE CASCADE,
  CONSTRAINT `fk_regency_id_institution_some` FOREIGN KEY (`regency_id`) REFERENCES `ic_zone_regency` (`id`) ON DELETE SET NULL ON UPDATE CASCADE,
  CONSTRAINT `fk_user_id_institution_some` FOREIGN KEY (`user_id`) REFERENCES `swt_users` (`id`) ON DELETE CASCADE ON UPDATE CASCADE
) ENGINE=InnoDB AUTO_INCREMENT=5 DEFAULT CHARSET=utf8 ROW_FORMAT=COMPACT;

/*Data for the table `ic_institution_some` */

insert  into `ic_institution_some`(`id`,`name`,`address`,`province_id`,`regency_id`,`institution_phone_number`,`job_position`,`user_id`) values (3,'PT Berkah Abadi Jaya','Jl. Kamboja 3 Jakarta Utara',1,9,'0217878787','Direktur Utama',7),(4,'PT Tc_Champion','Jalan Teknik Kimia',15,234,'085746444872','Direktur',8);

/*Table structure for table `ic_material` */

DROP TABLE IF EXISTS `ic_material`;

CREATE TABLE `ic_material` (
  `id` int(10) unsigned NOT NULL AUTO_INCREMENT,
  `requirement` varchar(80) NOT NULL,
  `quantity` decimal(14,2) unsigned NOT NULL,
  `unit` varchar(10) NOT NULL,
  `worth` decimal(14,2) unsigned NOT NULL,
  `worth_unit` varchar(30) NOT NULL DEFAULT 'rupiah' COMMENT 'default rupiah (sementara tak perlu input)',
  `requisite_id` int(10) unsigned NOT NULL,
  `available` decimal(14,2) unsigned NOT NULL DEFAULT '0.00' COMMENT 'yang ngisi inisiatornya, bukan admin (kalo udah ada yang ngirim) selama blum closed',
  `available_worth` decimal(14,2) NOT NULL COMMENT 'otomatis keisi, nggak perlu input',
  `delivery_address` varchar(255) NOT NULL,
  PRIMARY KEY (`id`),
  KEY `fk_requisite_id_material` (`requisite_id`) USING BTREE,
  CONSTRAINT `fk_requisite_id_material` FOREIGN KEY (`requisite_id`) REFERENCES `ic_project_requisite` (`id`) ON DELETE CASCADE ON UPDATE CASCADE
) ENGINE=InnoDB AUTO_INCREMENT=17 DEFAULT CHARSET=utf8 ROW_FORMAT=COMPACT;

/*Data for the table `ic_material` */

insert  into `ic_material`(`id`,`requirement`,`quantity`,`unit`,`worth`,`worth_unit`,`requisite_id`,`available`,`available_worth`,`delivery_address`) values (12,'IC PIC16F84','1.00','unit','450000.00','rupiah',79,'0.00','0.00','Jalan Tentara Pelajar 26'),(14,'Resonator 4 MHz','2.00','unit','65000.00','rupiah',79,'0.00','0.00','Jalan Tentara Pelajar 26'),(15,'Opto Coupler PC817','1.00','unit','45000.00','rupiah',79,'0.00','0.00','Jalan Tentara Pelajar 26'),(16,'Regulator 5 Volt 7805','1.00','unit','150000.00','rupiah',79,'0.00','0.00','Jalan Tentara Pelajar 26');

/*Table structure for table `ic_messege` */

DROP TABLE IF EXISTS `ic_messege`;

CREATE TABLE `ic_messege` (
  `id` int(10) unsigned NOT NULL AUTO_INCREMENT,
  `subject` varchar(255) NOT NULL,
  `messege` varchar(255) NOT NULL,
  `from_user_id` int(10) unsigned DEFAULT NULL,
  `from_user_name` varchar(80) DEFAULT NULL,
  `to_user_id` int(10) unsigned DEFAULT NULL,
  `to_user_name` varchar(80) DEFAULT NULL,
  `is_read` tinyint(3) unsigned NOT NULL DEFAULT '0',
  `sent_time` datetime NOT NULL,
  `is_deleted_by_sender` tinyint(3) unsigned NOT NULL DEFAULT '0',
  `is_deleted_by_receiver` tinyint(3) unsigned NOT NULL DEFAULT '0',
  PRIMARY KEY (`id`),
  KEY `fk_from_user_messege` (`from_user_id`) USING BTREE,
  KEY `fk_to_user_messege` (`to_user_id`) USING BTREE,
  CONSTRAINT `ic_messege_ibfk_1` FOREIGN KEY (`from_user_id`) REFERENCES `swt_users` (`id`) ON DELETE SET NULL ON UPDATE CASCADE,
  CONSTRAINT `ic_messege_ibfk_2` FOREIGN KEY (`to_user_id`) REFERENCES `swt_users` (`id`) ON DELETE SET NULL ON UPDATE CASCADE
) ENGINE=InnoDB AUTO_INCREMENT=27 DEFAULT CHARSET=utf8 ROW_FORMAT=COMPACT;

/*Data for the table `ic_messege` */

insert  into `ic_messege`(`id`,`subject`,`messege`,`from_user_id`,`from_user_name`,`to_user_id`,`to_user_name`,`is_read`,`sent_time`,`is_deleted_by_sender`,`is_deleted_by_receiver`) values (1,'ewr','qwer',10,'Emella',8,'Admin Back Office',0,'2013-07-08 14:20:48',0,0),(13,'ewrew','wrewr1',7,'Super Admin Sweeto',8,'Admin Back Office',0,'2013-07-16 13:58:49',0,0),(17,'ewrew','wrewr2',7,'Super Admin Sweeto',8,'Admin Back Office',0,'2013-07-16 13:58:50',0,0),(18,'ewrew','wrewr3',7,'Super Admin Sweeto',8,'Admin Back Office',0,'2013-07-28 22:10:27',0,0),(19,'ewr','Dari Demit',8,'Admin Back Office',10,'Emella',0,'2013-07-28 22:10:28',0,0),(20,'ewr','Dari Demit akhir',8,'Admin Back Office',10,'Emella',0,'2013-07-28 22:11:25',0,0),(21,'ewrew','wer',8,'Admin Back Office',7,'Super Admin Sweeto',0,'2013-08-02 16:13:02',0,0),(22,'ewrew','asdasdas',8,'Admin Back Office',7,'Super Admin Sweeto',0,'2013-08-14 14:54:29',0,1),(23,'ewrew','yes yes',8,'Admin Back Office',7,'Super Admin Sweeto',0,'2013-08-14 15:44:06',0,0),(24,'ewr','mantap',8,'Admin Back Office',10,'Emella',0,'2013-08-14 15:44:43',0,1),(25,'ewrew','berisik',8,'Admin Back Office',7,'Super Admin Sweeto',0,'2013-08-14 15:56:25',0,1),(26,'ewr','ya',8,'Admin Back Office',10,'Emella',0,'2013-08-19 08:39:16',0,0);

/*Table structure for table `ic_progress_detail` */

DROP TABLE IF EXISTS `ic_progress_detail`;

CREATE TABLE `ic_progress_detail` (
  `id` int(11) unsigned NOT NULL AUTO_INCREMENT,
  `task_name` varchar(255) NOT NULL,
  `detail` text NOT NULL,
  `start_date` datetime NOT NULL,
  `end_date` datetime NOT NULL,
  `updated_time` timestamp NOT NULL DEFAULT CURRENT_TIMESTAMP ON UPDATE CURRENT_TIMESTAMP,
  `parent_id` int(10) unsigned DEFAULT NULL,
  `project_id` int(10) unsigned NOT NULL,
  `show_public` tinyint(3) unsigned NOT NULL DEFAULT '0',
  `show_member` tinyint(3) unsigned NOT NULL DEFAULT '1',
  `show_sponsor` tinyint(3) unsigned NOT NULL DEFAULT '1',
  PRIMARY KEY (`id`),
  KEY `fk_project_id_progress_detail` (`project_id`) USING BTREE,
  KEY `fk_parent_id_progress_detail` (`parent_id`),
  CONSTRAINT `fk_parent_id_progress_detail` FOREIGN KEY (`parent_id`) REFERENCES `ic_progress_detail` (`id`) ON DELETE CASCADE ON UPDATE CASCADE,
  CONSTRAINT `fk_project_id_progress_detail` FOREIGN KEY (`project_id`) REFERENCES `ic_project` (`id`) ON DELETE CASCADE ON UPDATE CASCADE
) ENGINE=InnoDB DEFAULT CHARSET=utf8 ROW_FORMAT=COMPACT;

/*Data for the table `ic_progress_detail` */

/*Table structure for table `ic_progress_info` */

DROP TABLE IF EXISTS `ic_progress_info`;

CREATE TABLE `ic_progress_info` (
  `id` int(11) unsigned NOT NULL AUTO_INCREMENT,
  `title` varchar(255) NOT NULL,
  `detail` text NOT NULL,
  `created_time` datetime NOT NULL,
  `updated_time` timestamp NOT NULL DEFAULT CURRENT_TIMESTAMP ON UPDATE CURRENT_TIMESTAMP,
  `project_id` int(10) unsigned NOT NULL,
  `show_public` tinyint(3) unsigned NOT NULL,
  `show_member` tinyint(3) unsigned NOT NULL,
  `show_sponsor` tinyint(3) unsigned NOT NULL,
  PRIMARY KEY (`id`),
  KEY `fk_project_id_progress_detail` (`project_id`) USING BTREE,
  CONSTRAINT `ic_progress_info_ibfk_2` FOREIGN KEY (`project_id`) REFERENCES `ic_project` (`id`) ON DELETE CASCADE ON UPDATE CASCADE
) ENGINE=InnoDB AUTO_INCREMENT=8 DEFAULT CHARSET=utf8 ROW_FORMAT=COMPACT;

/*Data for the table `ic_progress_info` */

insert  into `ic_progress_info`(`id`,`title`,`detail`,`created_time`,`updated_time`,`project_id`,`show_public`,`show_member`,`show_sponsor`) values (1,'update1','Analisis','2013-07-30 11:31:31','2013-07-30 11:31:31',35,1,0,0),(2,'update2','Desain','0000-00-00 00:00:00','2013-07-30 11:31:52',35,1,1,0),(3,'update3','Model','0000-00-00 00:00:00','2013-07-30 11:32:29',35,1,1,1),(4,'update41','Coding','0000-00-00 00:00:00','2013-08-21 15:03:32',59,1,0,0),(5,'update51','testing','0000-00-00 00:00:00','2013-08-21 15:03:34',59,1,1,0),(6,'update61','documentation','0000-00-00 00:00:00','2013-08-21 15:03:35',59,1,1,1),(7,'asdasd','asd','0000-00-00 00:00:00','2013-08-21 16:02:39',60,1,1,1);

/*Table structure for table `ic_project` */

DROP TABLE IF EXISTS `ic_project`;

CREATE TABLE `ic_project` (
  `id` int(10) unsigned NOT NULL AUTO_INCREMENT,
  `project_name` varchar(100) NOT NULL,
  `cover_image` varchar(255) NOT NULL,
  `intro_text` varchar(255) NOT NULL,
  `tagline` varchar(255) NOT NULL,
  `geometry_location` geometry DEFAULT NULL,
  `project_category_id` tinyint(3) unsigned DEFAULT NULL,
  `project_category_inherit_id` tinyint(3) unsigned DEFAULT NULL,
  `project_category_name` varchar(80) DEFAULT NULL COMMENT 'nggak perlu dibuat inputannya',
  `project_category_name_inherit` varchar(80) DEFAULT NULL COMMENT 'nggak perlu dibuat inputannya',
  `video_url` text NOT NULL,
  `background_title` varchar(255) NOT NULL,
  `background` text NOT NULL,
  `description_title` varchar(255) NOT NULL,
  `description` text NOT NULL,
  `goal_title` varchar(255) NOT NULL,
  `goal` text NOT NULL,
  `requisite_title` varchar(255) NOT NULL,
  `invitation_title` varchar(255) NOT NULL,
  `invitation` text NOT NULL,
  `charge` decimal(14,2) unsigned DEFAULT NULL COMMENT 'nggak perlu dibuat inputannya',
  `charge_is_percentage` tinyint(3) unsigned NOT NULL DEFAULT '1' COMMENT 'nggak perlu dibuat inputannya',
  `project_time` tinyint(3) unsigned DEFAULT NULL COMMENT 'nggak usah nginput',
  `created_time` datetime NOT NULL,
  `editor_id` int(10) unsigned DEFAULT NULL,
  `edited_time` timestamp NOT NULL DEFAULT CURRENT_TIMESTAMP ON UPDATE CURRENT_TIMESTAMP,
  `is_actived` tinyint(3) unsigned NOT NULL DEFAULT '0' COMMENT 'masih waktu pendanaan kah? 1 = ya',
  `is_proposed` tinyint(3) unsigned NOT NULL DEFAULT '1',
  `inisiator_id` int(10) unsigned DEFAULT NULL,
  `inisiator_name` varchar(80) DEFAULT NULL COMMENT 'nggak perlu dibuat inputannya',
  `is_verified` tinyint(3) unsigned NOT NULL DEFAULT '0',
  `verificator_id` int(10) unsigned DEFAULT NULL,
  `verification_time` datetime DEFAULT NULL COMMENT 'nggak usah dibuat input',
  `project_started_time` date DEFAULT NULL COMMENT 'nggak perlu dibuat inputannya',
  `project_ending_time` date DEFAULT NULL COMMENT 'nggak perlu dibuat inputannya',
  `is_funded` tinyint(3) unsigned DEFAULT NULL COMMENT 'biaya cukup? nggak perlu dibuat inputannya (NULL = belum disetujui/proses, 1 = suksess, 0 = gagal',
  `as_institution_id` int(10) unsigned DEFAULT NULL,
  `as_institution_name` varchar(255) DEFAULT NULL COMMENT 'nggak perlu dibuat inputannya',
  `total_views` int(10) unsigned DEFAULT NULL,
  `staff_choice` tinyint(3) unsigned DEFAULT NULL,
  PRIMARY KEY (`id`),
  KEY `fk_as_institution_id_project` (`as_institution_id`) USING BTREE,
  KEY `fk_verificator_id_project` (`verificator_id`) USING BTREE,
  KEY `fk_inisiator_id` (`inisiator_id`) USING BTREE,
  KEY `fk_project_category_id_project` (`project_category_id`) USING BTREE,
  KEY `fk_project_category_inherit_id` (`project_category_inherit_id`),
  KEY `editor_id` (`editor_id`),
  CONSTRAINT `fk_as_institution_id_project` FOREIGN KEY (`as_institution_id`) REFERENCES `ic_institution_some` (`id`) ON DELETE SET NULL ON UPDATE CASCADE,
  CONSTRAINT `fk_inisiator_id` FOREIGN KEY (`inisiator_id`) REFERENCES `swt_users` (`id`) ON DELETE SET NULL ON UPDATE CASCADE,
  CONSTRAINT `fk_project_category_id_project` FOREIGN KEY (`project_category_id`) REFERENCES `ic_project_category` (`id`) ON DELETE SET NULL ON UPDATE CASCADE,
  CONSTRAINT `fk_project_category_inherit_id` FOREIGN KEY (`project_category_inherit_id`) REFERENCES `ic_project_category` (`id`) ON DELETE SET NULL ON UPDATE CASCADE,
  CONSTRAINT `fk_verificator_id_project` FOREIGN KEY (`verificator_id`) REFERENCES `swt_users` (`id`) ON DELETE SET NULL ON UPDATE CASCADE,
  CONSTRAINT `ic_project_ibfk_1` FOREIGN KEY (`editor_id`) REFERENCES `swt_users` (`id`) ON DELETE SET NULL ON UPDATE CASCADE
) ENGINE=InnoDB AUTO_INCREMENT=65 DEFAULT CHARSET=utf8 ROW_FORMAT=COMPACT;

/*Data for the table `ic_project` */

insert  into `ic_project`(`id`,`project_name`,`cover_image`,`intro_text`,`tagline`,`geometry_location`,`project_category_id`,`project_category_inherit_id`,`project_category_name`,`project_category_name_inherit`,`video_url`,`background_title`,`background`,`description_title`,`description`,`goal_title`,`goal`,`requisite_title`,`invitation_title`,`invitation`,`charge`,`charge_is_percentage`,`project_time`,`created_time`,`editor_id`,`edited_time`,`is_actived`,`is_proposed`,`inisiator_id`,`inisiator_name`,`is_verified`,`verificator_id`,`verification_time`,`project_started_time`,`project_ending_time`,`is_funded`,`as_institution_id`,`as_institution_name`,`total_views`,`staff_choice`) values (35,'Proyek GWK 106','project-35.jpg','Dunia robotika mencapai','hahahahaha','',2,10,'Riset','research','http://www.youtube.com/embed/azVdCm0As28','background title','Drone atau Robot tanpa awak adalah..','description title','Riset ini ditujukan untuk','goal title','Kebutuhan Riset','kosong','invit title','invitation','0.00',0,3,'2013-07-19 00:00:00',8,'2013-08-20 09:04:01',1,1,7,'Super Admin Sweeto',1,8,'2013-07-23 13:15:03','2013-07-24','2013-10-24',1,NULL,NULL,7,1),(59,'Nuclear Energy','project-59.jpg','Teknologi Terbaru Dengan Nuklir','Nuklir Energy, Energy, Nuklir','',2,10,'Riset','research','http://www.youtube.com/embed/D7NFZrOIRWs','Apa itu Teknologi Nuklir?','Teknologi nuklir adalah teknologi yang melibatkan reaksi dari inti atom (inti=nuclei). Teknologi nuklir dapat ditemukan pada bebagai aplikasi, dari yang sederhana seperti detektor asap hingga sesuatu yang besar seperti reaktor nuklir.','Perkembangan teknologi nuklir','Kejadian pada kehidupan sehari-hari, fenomena alam, jarang sekali berkaitan dengan reaksi nuklir. Hampir semuanya melibatkan gravitasi dan elektromagnetisme. Keduanya adalah bagian dari empat gaya dasar dari alam, dan bukanlah yang terkuat. Namun dua lainnya, gaya nuklir lemah dan gaya nuklir kuat adalah gaya yang bekerja pada range yang pendek dan tidak bekerja di luar inti atom. Inti atom terdiri dari muatan positif yang sesungguhnya akan saling menjauhi jika tidak ada suatu gaya yang menahannya.\r\n\r\nHenri Becquerel pada tahun 1896 meneliti fenomena fosforesensi pada garam uranium ketika ia menemukan sesuatu yang akhirnya disebut dengan radioaktivitas. Ia, Pierre Curie, dan Marie Curie mulai meneliti fenomena ini. Dalam prosesnya, mereka mengisolasi unsur radium yang sangat radioaktif. Mereka menemukan bahwa material radioaktif memproduksi gelombang yang intens, yang mereka namai dengan alfa, beta, dan gamma. Beberapa jenis radiasi yang mereka temukan mampu menembus berbagai material dan semuanya dapat menyebabkan kerusakan. Seluruh peneliti radioaktivitas pada masa itu menderita luka bakar akibat radiasi, yang mirip dengan luka bakar akibat sinar matahari, dan hanya sedikit yang memikirkan hal itu.\r\n\r\nFenomena baru mengenai radioaktivitas diketahui sejak adanya paten di dunia kedokteran yang melibatkan radioaktivitas. Secara perlahan, diketahui bahwa radiasi yang diproduksi oleh peluruhan radioaktif adalah radiasi terionisasi. Banya peneliti radioaktif di masa lalu mati karena kanker sebagai hasil dari pemaparan mereka terhadap radioaktif. Paten kedokteran mengenai radioaktif kebanyakan telah terhapus, namun aplikasi lain yang melibatkan material radioaktif masih ada, seperti penggunaan garam radium untuk membuat benda-benda yang berkilau.\r\n\r\nSejak atom menjadi lebih dipahami, sifat radioaktifitas menjadi lebih jelas. Beberapa inti atom yang berukuran besar cenderung tidak stabil, sehingga peluruhan terjadi hingga selang waktu tertentu sebelum mencapai kestabilan. Tiga bentuk radiasi yang ditemukan oleh Becquerel dan Curie temukan juga telah dipahami; peluruhan alfa terjadi ketika inti atom melepaskan partikel alfa, yaitu dua proton dan dua neutron, setara dengan inti atom helium; peluruhan beta terjadi ketika pelepasan partikel beta, yaitu elektron berenergi tinggi; peluruhan gamma melepaskan sinar gamma, yang tidak sama dengan radiasi alfa dan beta, namun merupakan radiasi elektromagnetik pada frekuensi dan energi yang sangat tinggi. Ketiga jenis radiasi terjadi secara alami, dan radiasi sinar gamma adalah yang paling berbahaya dan sulit ditahan.','Pembuatan Senjata Nuklir','Senjata nuklir adalah alat peledak yang mendapatkan daya ledaknya dari reaksi nuklir, entah itu reaksi fisi atau kombinasi dari fisi dan fusi. Keduanya melepaskan sejumlah besar energi dari sejumlah kecil massa, bahkan alat peledak nuklir kecil dapat menghancurkan sebuah kota dengan ledakan, api, dan radiasi. Senjata nuklir disebut sebagai senjata pemusnah massal, dan penggunaan dan pengendaliannya telah menjadi aspek kebijakan internasional sejak kehadirannya.\r\n\r\nDesain senjata nuklir lebih rumit dibandingkan apa yang terlihat dari luarnya, senjata ini harus menyimpan satu atau lebih massa subkritis yang stabil untuk dibawa, dari pada menginduksi massa kritis untuk peledakan. Kerumitan ini juga dirasakan ketika harus memastikan bahwa reaksi berantai harus menghabiskan sejumlah besar material sebelum material tersebut terpental jauh. Proses pengadaan material nuklir juga lebih rumit dari yang terlihat, substansi nuklir yang tersedia secara alami cukup stabil, sedangkan proses ini memerlukan material nuklir yang tidak stabil.\r\n\r\nSatu isotop uranium, yang dinamakan uranium-235, ada secara alami dan tidak stabil, namun selalu ditemukan bercampur dengan isotop uranium-238 yang lebih stabil, yang jumlahnya sekitar 99%. Sehingga, beberapa cara pemisahan isotop berdasarkan perbedaan berat sebesar tiga neutron harus dilakukan untuk mengisolasi uranium-235.\r\n\r\nCara alternatif lainnya, unsur plutonium memiliki isotop yang tidak stabil untuk digunakan dalam proses ini. Plutonium tidak terdapat secara alami, sehingga harus dibuat di reaktor nuklir.\r\n\r\nProyek Manhattan membuat senjata nuklir berdasarkan pada setiap jenis unsur tersebut. Amerika Serikat meledakan senjata nuklir pertama dalam sebuah percobaan dengan nama \"Trinity\", dekat Alamogordo, New Mexico, pada tanggal 16 Juli 1945. Percobaan ini untuk menguji cara peledakan nuklir. Bom uranium, Little Boy, diledakan di kota Hiroshima, Jepang, pada tanggal 6 Agustus 1945, diikuti dengan peldakkan bom plutonium Fat Man di Nagasaki. Dengan segera ledakan itu menghentikan Perang Dunia II.\r\n\r\nSejak peledakan tersebut, tidak ada senjata nuklir yang dilepaskan secara ofensif. Namun, perlombaan senjata untuk mengembangkan senjata pemusnah massal terjadi. Empat tahun berikutnya, pada 29 Agustus 1949, Uni Soviet meledakkan senjata fisi nuklir pertamanya. Inggris mengikuti pada tanggal 2 Oktober 1952, Prancis pada 13 Februari 1960, dan Cina pada 16 Oktober 1964.\r\n\r\nTidak seperti senjata pemusnah konvensional, cahaya yang intensif, panas, dan daya ledak tidak hanya menjadi komponen mematikan bagi senjata nuklir. Setengah dari korban yang tewas di Hiroshima dan Nagasaki meninggal dua hingga lima tahun setelah ledakan nuklir akibat radiasi.\r\n\r\nSenjata radiologis adalah tipe senjata nuklir yang dirancang untuk menyebarkan material nuklir yang berbahaya ke wilayah musuh. Senjata tipe tidak memiliki kemampuan ledakan seperti bom fisi atau fusi, namun mengkontaminasi sejumlah besar wilayah untuk membunuh banyak orang. Senjata radiologis tidak pernah dilepaskan karena dianggap tidak berguna bagi angkatan bersenjata konvensional. Namun senjata tipe ini meningkatkan kekhawatiran terhadap terorisme nuklir.\r\n\r\nTelah lebih dari 2000 percobaan nuklir dilakukan sejak tahun 1945. Pada tahun 1963, seluruh negara pemilik dan beberapa negara non pemilik senjata nuklir menandatangani Limited Test Ban Treaty, yang berisi bahwa mereka tidak akan melakukan percobaan senjata nuklir di atmosfer, bawah air, atau luar angkasa. Perjanjian ini masih mengijinkan percobaan nuklir bawah tanah. Prancis melanjutkan percobaan nuklir di atmosfer hingga tahun 1974, Cina hingga tahun 1980. Percobaan bawah tanah terakhir oleh Amerika Serikat dilakukan pada tahun 1992, Uni Soviet pada tahun 1990, dan Inggris pada tahun 1991, sedangkan Prancis dan Cina hingga tahun 1996. Setelah mengadopsi Comprehensive Test Ban Teaty pada tahun 1996, seluruh negara tersebut telah disumpah untuk menghentikan seluruh percobaan nuklir. India dan Pakistan yang tidak termasuk ke dalam negara-negara tersebut melakukan percobaan nuklir terakhirnya pada tahun 1998.\r\n\r\nSenjata nuklir adalah senjata yang paling mematikan yang pernah diketahui. Ketika Perang Dingin, dua kekuatan besar memiliki sejumlah besar persenjataan nuklir yang cukup untuk menghancurkan ratusan juta orang. Berbagai generasi manusia hidup dalam bayang-bayang penghancuran oleh nuklir, direfleksikan dalam film-film seperti Dr. Strangelove dan Atomic Cafe.','Membutuhkan dana baik material dan nominal','Jangan takut dengan adanya teknologi nuklir','Dengan penggunaan reaktor sesuai standar maka dapat menghindari kecelakaan','121.00',0,3,'2013-07-25 11:36:32',NULL,'2013-08-20 08:55:15',1,1,7,'Super Admin Sweeto',1,8,'2013-08-19 15:05:18','2013-07-17','2013-10-16',NULL,NULL,NULL,2,7),(60,'Pelatihan Leadership','project-60.jpg','TES123','TES123','',3,15,'Event','workshop','www.youtube.com/embed/p3uJZMca0W0','TES123','TES123','TES123','TES123','TES123','TES123','TES123','TES123','TES123','7.50',1,12,'2013-07-25 11:40:20',NULL,'2013-08-20 08:55:19',1,1,7,'Super Admin Sweeto',1,8,'2013-08-19 15:23:03','2013-07-16','2013-07-24',NULL,NULL,NULL,3,2),(63,'PROJECT DARKNIGHT','project-63.jpg','asd','asd','',2,10,'Riset','research','http://www.youtube.com/embed/azVdCm0As28','asd','asd','asd','asd','asd','asd','aduh opo iki angka','asd','asd','7.50',1,12,'2013-07-25 11:48:52',NULL,'2013-08-20 08:55:34',1,1,8,'Admin Back Office',1,8,'2013-07-26 09:04:23','2013-07-16','2013-07-19',NULL,NULL,NULL,1,5),(64,'Project X','','TES123','TES123',NULL,1,4,'Produk','anakProduk1','','TES123','TES123','TES123','TES123','TES123','TES123','TES123','TES123','TES123','7.50',1,12,'2013-07-31 12:53:21',NULL,'2013-08-20 15:42:31',0,1,7,'Super Admin Sweeto',0,NULL,NULL,NULL,NULL,0,3,'PT Berkah Abadi Jaya',6,3);

/*Table structure for table `ic_project_category` */

DROP TABLE IF EXISTS `ic_project_category`;

CREATE TABLE `ic_project_category` (
  `id` tinyint(3) unsigned NOT NULL AUTO_INCREMENT,
  `category_name` varchar(255) NOT NULL,
  `parent_id` tinyint(3) unsigned DEFAULT NULL,
  PRIMARY KEY (`id`),
  KEY `fk_parent_id_project_category` (`parent_id`) USING BTREE,
  CONSTRAINT `fk_parent_id_project_category` FOREIGN KEY (`parent_id`) REFERENCES `ic_project_category` (`id`) ON DELETE CASCADE ON UPDATE CASCADE
) ENGINE=InnoDB AUTO_INCREMENT=18 DEFAULT CHARSET=utf8 ROW_FORMAT=COMPACT;

/*Data for the table `ic_project_category` */

insert  into `ic_project_category`(`id`,`category_name`,`parent_id`) values (1,'Produk',NULL),(2,'Riset',NULL),(3,'Event',NULL),(4,'otomotif',1),(5,'sarana umum',1),(6,'publishing',1),(7,'video & web',1),(8,'teknologi',1),(9,'tugas akhir',2),(10,'research',2),(11,'publication',2),(12,'paper seminar',2),(13,'lomba',3),(14,'seminar',3),(15,'workshop',3),(16,'gathering',3),(17,'lingkungan',3);

/*Table structure for table `ic_project_charge` */

DROP TABLE IF EXISTS `ic_project_charge`;

CREATE TABLE `ic_project_charge` (
  `id` tinyint(3) unsigned NOT NULL AUTO_INCREMENT,
  `is_percentage` tinyint(3) unsigned NOT NULL,
  `value` decimal(14,2) unsigned NOT NULL,
  `is_actived` tinyint(3) unsigned NOT NULL DEFAULT '0',
  PRIMARY KEY (`id`),
  KEY `fk_charge_type_id_project_charge` (`is_percentage`) USING BTREE
) ENGINE=InnoDB AUTO_INCREMENT=5 DEFAULT CHARSET=utf8 ROW_FORMAT=COMPACT;

/*Data for the table `ic_project_charge` */

insert  into `ic_project_charge`(`id`,`is_percentage`,`value`,`is_actived`) values (1,1,'2.50',0),(2,1,'5.00',0),(3,1,'7.50',1),(4,0,'1000000.00',0);

/*Table structure for table `ic_project_follower` */

DROP TABLE IF EXISTS `ic_project_follower`;

CREATE TABLE `ic_project_follower` (
  `id` int(10) unsigned NOT NULL AUTO_INCREMENT,
  `project_id` int(10) unsigned DEFAULT NULL,
  `user_id` int(10) unsigned DEFAULT NULL,
  PRIMARY KEY (`id`),
  KEY `fk_project_id_project_follower` (`project_id`),
  KEY `fk_user_id_project_follower` (`user_id`),
  CONSTRAINT `fk_project_id_project_follower` FOREIGN KEY (`project_id`) REFERENCES `ic_project` (`id`) ON DELETE SET NULL ON UPDATE CASCADE,
  CONSTRAINT `fk_user_id_project_follower` FOREIGN KEY (`user_id`) REFERENCES `swt_users` (`id`) ON DELETE CASCADE ON UPDATE CASCADE
) ENGINE=InnoDB AUTO_INCREMENT=7 DEFAULT CHARSET=utf8;

/*Data for the table `ic_project_follower` */

insert  into `ic_project_follower`(`id`,`project_id`,`user_id`) values (1,35,7),(2,35,8),(3,35,10),(4,63,10),(5,59,10),(6,63,8);

/*Table structure for table `ic_project_requisite` */

DROP TABLE IF EXISTS `ic_project_requisite`;

CREATE TABLE `ic_project_requisite` (
  `id` int(10) unsigned NOT NULL AUTO_INCREMENT,
  `project_id` int(10) unsigned NOT NULL,
  `counter_time` tinyint(3) unsigned NOT NULL DEFAULT '1' COMMENT 'proposal pendanaan projek ke berapa',
  `total_value` decimal(14,2) unsigned NOT NULL DEFAULT '0.00' COMMENT 'duit yang dibutuhin',
  `funded` decimal(14,2) unsigned NOT NULL DEFAULT '0.00' COMMENT 'duit yang terkumpul',
  `is_funded` tinyint(3) unsigned NOT NULL DEFAULT '0' COMMENT 'udah cukup duitnya',
  `funding_time` tinyint(3) unsigned DEFAULT NULL,
  `funding_started_time` date DEFAULT NULL,
  `funding_closed_time` date DEFAULT NULL,
  `argument` text NOT NULL COMMENT 'alasan ngajuin pendanaan',
  `is_proposed` tinyint(3) unsigned NOT NULL DEFAULT '1',
  `is_approved` tinyint(3) unsigned NOT NULL DEFAULT '0',
  `is_success` tinyint(3) unsigned DEFAULT NULL COMMENT 'otomatis (nggak perlu input)',
  `approved_time` datetime DEFAULT NULL,
  `approver_id` int(10) unsigned DEFAULT NULL,
  PRIMARY KEY (`id`),
  KEY `fk_project_id_project_requisite` (`project_id`) USING BTREE,
  KEY `fk_approver_id` (`approver_id`),
  CONSTRAINT `fk_approver_id` FOREIGN KEY (`approver_id`) REFERENCES `swt_users` (`id`) ON DELETE SET NULL ON UPDATE CASCADE,
  CONSTRAINT `fk_project_id_project_requisite` FOREIGN KEY (`project_id`) REFERENCES `ic_project` (`id`) ON DELETE CASCADE ON UPDATE CASCADE
) ENGINE=InnoDB AUTO_INCREMENT=87 DEFAULT CHARSET=utf8 ROW_FORMAT=COMPACT;

/*Data for the table `ic_project_requisite` */

insert  into `ic_project_requisite`(`id`,`project_id`,`counter_time`,`total_value`,`funded`,`is_funded`,`funding_time`,`funding_started_time`,`funding_closed_time`,`argument`,`is_proposed`,`is_approved`,`is_success`,`approved_time`,`approver_id`) values (79,35,1,'710000.00','30000.00',0,5,'2013-08-15','2014-01-29','kosong',1,1,NULL,'2013-08-16 09:59:33',8),(81,35,2,'5000.00','3000.00',1,2,'2013-08-13','2013-10-01','kosong',1,1,NULL,'2013-08-19 10:40:28',8),(82,63,1,'5000.00','1500.00',0,2,'2013-03-20','2013-05-20',' ',1,1,NULL,NULL,NULL),(83,59,2,'1000.00','450.00',1,2,'2013-08-11','2013-10-23',' ',1,1,NULL,'2013-08-19 10:40:44',NULL),(84,59,1,'3000.00','2700.00',1,1,'2013-08-10','2013-09-27','',1,1,NULL,'2013-08-19 15:18:01',8),(85,60,1,'2000.00','200.00',1,7,'2013-05-12','2013-12-19',' ',1,1,NULL,'2013-08-19 15:24:58',NULL),(86,35,3,'6000.00','4000.00',0,2,'2013-07-23','2013-10-02',' ',1,1,NULL,NULL,NULL);

/*Table structure for table `ic_religion` */

DROP TABLE IF EXISTS `ic_religion`;

CREATE TABLE `ic_religion` (
  `id` tinyint(3) unsigned NOT NULL AUTO_INCREMENT,
  `religion` varchar(20) NOT NULL,
  PRIMARY KEY (`id`)
) ENGINE=InnoDB AUTO_INCREMENT=6 DEFAULT CHARSET=utf8 ROW_FORMAT=COMPACT;

/*Data for the table `ic_religion` */

insert  into `ic_religion`(`id`,`religion`) values (1,'Islam'),(2,'Kristen'),(3,'Katholik'),(4,'Hindu'),(5,'Budha');

/*Table structure for table `ic_reward` */

DROP TABLE IF EXISTS `ic_reward`;

CREATE TABLE `ic_reward` (
  `id` int(10) unsigned NOT NULL AUTO_INCREMENT,
  `term` decimal(14,2) NOT NULL,
  `reward` text NOT NULL,
  `order_number` tinyint(3) unsigned NOT NULL,
  `requisite_id` int(10) unsigned NOT NULL,
  PRIMARY KEY (`id`),
  KEY `fk_project_id_reward` (`requisite_id`) USING BTREE,
  CONSTRAINT `fk_requisite_id_reward` FOREIGN KEY (`requisite_id`) REFERENCES `ic_project_requisite` (`id`) ON DELETE CASCADE ON UPDATE CASCADE
) ENGINE=InnoDB AUTO_INCREMENT=6 DEFAULT CHARSET=utf8 ROW_FORMAT=COMPACT;

/*Data for the table `ic_reward` */

insert  into `ic_reward`(`id`,`term`,`reward`,`order_number`,`requisite_id`) values (1,'5000000.00','piring',1,79),(2,'3000000.00','gelas',2,79),(3,'1000000.00','bak mandi',3,79),(4,'10000000.00','novel harry potter 1-4',1,81),(5,'5000000.00','novel laskar pelangi',2,81);

/*Table structure for table `ic_reward_choosen` */

DROP TABLE IF EXISTS `ic_reward_choosen`;

CREATE TABLE `ic_reward_choosen` (
  `id` int(10) unsigned NOT NULL AUTO_INCREMENT,
  `reward_id` int(10) unsigned NOT NULL,
  `user_id` int(10) unsigned NOT NULL,
  PRIMARY KEY (`id`),
  KEY `fk_reward_id_reward_choosen` (`reward_id`),
  KEY `fk_user_id_reward_choosen` (`user_id`),
  CONSTRAINT `fk_reward_id_reward_choosen` FOREIGN KEY (`reward_id`) REFERENCES `ic_reward` (`id`) ON DELETE CASCADE ON UPDATE CASCADE,
  CONSTRAINT `fk_user_id_reward_choosen` FOREIGN KEY (`user_id`) REFERENCES `swt_users` (`id`) ON DELETE CASCADE ON UPDATE CASCADE
) ENGINE=InnoDB AUTO_INCREMENT=6 DEFAULT CHARSET=utf8;

/*Data for the table `ic_reward_choosen` */

insert  into `ic_reward_choosen`(`id`,`reward_id`,`user_id`) values (1,1,7),(2,2,8),(3,3,10),(4,4,10),(5,5,8);

/*Table structure for table `ic_saved_contact` */

DROP TABLE IF EXISTS `ic_saved_contact`;

CREATE TABLE `ic_saved_contact` (
  `id` int(10) unsigned NOT NULL AUTO_INCREMENT,
  `saved_contact_id` int(10) unsigned NOT NULL,
  `owner_id` int(10) unsigned NOT NULL,
  PRIMARY KEY (`id`),
  KEY `fk_owner_id_saved_contact` (`owner_id`),
  KEY `fk_saved_contact_id_saved_contact` (`saved_contact_id`),
  CONSTRAINT `fk_owner_id_saved_contact` FOREIGN KEY (`owner_id`) REFERENCES `swt_users` (`id`) ON DELETE CASCADE ON UPDATE CASCADE,
  CONSTRAINT `fk_saved_contact_id_saved_contact` FOREIGN KEY (`saved_contact_id`) REFERENCES `swt_users` (`id`) ON DELETE CASCADE ON UPDATE CASCADE
) ENGINE=InnoDB DEFAULT CHARSET=utf8;

/*Data for the table `ic_saved_contact` */

/*Table structure for table `ic_time_limit` */

DROP TABLE IF EXISTS `ic_time_limit`;

CREATE TABLE `ic_time_limit` (
  `id` tinyint(3) unsigned NOT NULL AUTO_INCREMENT,
  `month_limit` tinyint(3) unsigned NOT NULL,
  `is_funding_time` tinyint(3) unsigned NOT NULL COMMENT '0=waktu pendanaan, 1=waktu proyek',
  `is_actived` tinyint(3) unsigned NOT NULL DEFAULT '0',
  PRIMARY KEY (`id`)
) ENGINE=InnoDB AUTO_INCREMENT=15 DEFAULT CHARSET=utf8 ROW_FORMAT=COMPACT;

/*Data for the table `ic_time_limit` */

insert  into `ic_time_limit`(`id`,`month_limit`,`is_funding_time`,`is_actived`) values (1,1,0,0),(2,2,0,0),(3,3,0,0),(4,4,0,0),(5,5,0,0),(6,6,0,0),(7,7,0,0),(8,8,0,0),(9,9,0,0),(10,10,0,0),(11,11,0,0),(12,12,0,1),(13,1,1,0),(14,2,1,1);

/*Table structure for table `ic_ugm_engineering_status` */

DROP TABLE IF EXISTS `ic_ugm_engineering_status`;

CREATE TABLE `ic_ugm_engineering_status` (
  `id` tinyint(3) unsigned NOT NULL AUTO_INCREMENT,
  `status` varchar(20) NOT NULL,
  PRIMARY KEY (`id`)
) ENGINE=InnoDB AUTO_INCREMENT=4 DEFAULT CHARSET=utf8 ROW_FORMAT=COMPACT;

/*Data for the table `ic_ugm_engineering_status` */

insert  into `ic_ugm_engineering_status`(`id`,`status`) values (1,'Mahasiswa'),(2,'Alumni'),(3,'Dosen/Staf');

/*Table structure for table `ic_volunteer_requirement` */

DROP TABLE IF EXISTS `ic_volunteer_requirement`;

CREATE TABLE `ic_volunteer_requirement` (
  `id` int(10) unsigned NOT NULL AUTO_INCREMENT,
  `requirement` varchar(80) NOT NULL,
  `number_of_volunteer` tinyint(3) unsigned NOT NULL COMMENT 'jumlah orang yang dibutuhkan',
  `number_of_registered` tinyint(3) unsigned NOT NULL DEFAULT '0' COMMENT 'jumlah orang yang udah mendaftar sukarelawan otomatis bro',
  `requisite_id` int(10) unsigned NOT NULL,
  PRIMARY KEY (`id`),
  KEY `fk_requisite_id_volunteer` (`requisite_id`) USING BTREE,
  CONSTRAINT `fk_requisite_id_volunteer_requirement` FOREIGN KEY (`requisite_id`) REFERENCES `ic_project_requisite` (`id`) ON DELETE CASCADE ON UPDATE CASCADE
) ENGINE=InnoDB AUTO_INCREMENT=9 DEFAULT CHARSET=utf8 ROW_FORMAT=COMPACT;

/*Data for the table `ic_volunteer_requirement` */

insert  into `ic_volunteer_requirement`(`id`,`requirement`,`number_of_volunteer`,`number_of_registered`,`requisite_id`) values (1,'Staff Keamanan',5,3,79),(2,'Truck',2,2,79),(3,'Staff IT',5,4,83),(4,'Staff HRD',2,1,83),(5,'Mobil Sedan',1,1,84),(6,'Tutor',1,1,84),(7,'Tutor',1,1,81),(8,'Mobil Station',1,1,81);

/*Table structure for table `ic_volunteer_user` */

DROP TABLE IF EXISTS `ic_volunteer_user`;

CREATE TABLE `ic_volunteer_user` (
  `id` int(10) unsigned NOT NULL AUTO_INCREMENT,
  `volunteer_requirement_id` int(10) unsigned NOT NULL,
  `volunteer_id` int(10) unsigned DEFAULT NULL,
  `volunteer_name` varchar(80) DEFAULT NULL,
  `contact_number` varchar(15) DEFAULT NULL,
  `email` varchar(50) DEFAULT NULL,
  `address` varchar(255) DEFAULT NULL,
  `regency` varchar(100) DEFAULT NULL,
  `province` varchar(100) DEFAULT NULL,
  `is_male` tinyint(3) unsigned DEFAULT NULL,
  `had_been_canceled` tinyint(3) unsigned NOT NULL DEFAULT '0',
  PRIMARY KEY (`id`),
  KEY `fk_volunteer_id_volunteer` (`volunteer_id`) USING BTREE,
  KEY `fk_requisite_id_volunteer` (`volunteer_requirement_id`) USING BTREE,
  CONSTRAINT `fk_volunteer_id_volunteer` FOREIGN KEY (`volunteer_id`) REFERENCES `swt_users` (`id`) ON DELETE SET NULL ON UPDATE CASCADE,
  CONSTRAINT `fk_volunteer_requirement_id_volunteer_user` FOREIGN KEY (`volunteer_requirement_id`) REFERENCES `ic_volunteer_requirement` (`id`) ON DELETE CASCADE ON UPDATE CASCADE
) ENGINE=InnoDB AUTO_INCREMENT=6 DEFAULT CHARSET=utf8 ROW_FORMAT=COMPACT;

/*Data for the table `ic_volunteer_user` */

insert  into `ic_volunteer_user`(`id`,`volunteer_requirement_id`,`volunteer_id`,`volunteer_name`,`contact_number`,`email`,`address`,`regency`,`province`,`is_male`,`had_been_canceled`) values (2,1,8,'Admin Back Office','08182345699','ankz.rizqi@gmail.com','Jalan Wisma Atlet','1','1',1,1),(3,2,7,'Super Admin Sweeto','08567812345','dycick1@gmail.com','Jalan Hambalang','7','30',1,1),(5,1,10,'Emella','08234445565','emelna@hotmail.com','Jalan Bahari','Kabupaten Padang Pariaman','Sulawesi Tengah',0,0);

/*Table structure for table `ic_zone_country` */

DROP TABLE IF EXISTS `ic_zone_country`;

CREATE TABLE `ic_zone_country` (
  `code` char(2) NOT NULL,
  `name` varchar(100) NOT NULL,
  `alias` varchar(15) NOT NULL,
  PRIMARY KEY (`code`),
  UNIQUE KEY `code_UNIQUE` (`code`) USING BTREE
) ENGINE=InnoDB DEFAULT CHARSET=utf8 ROW_FORMAT=COMPACT;

/*Data for the table `ic_zone_country` */

insert  into `ic_zone_country`(`code`,`name`,`alias`) values ('ad','Andorra',''),('af','Afghanistan',''),('ag','Antigua dan Barbuda',''),('ai','Anguilla',''),('al','Albania',''),('am','Armenia',''),('an','Antilles Belanda',''),('ao','Angola',''),('aq','Antarctica',''),('ar','Argentina',''),('at','Austria',''),('au','Australia',''),('aw','Aruba',''),('az','Azerbaijan',''),('ba','Bosnia Herzegovina',''),('bb','Barbados',''),('bd','Bangladesh',''),('be','Belgium',''),('bf','Burkina Faso',''),('bg','Bulgaria',''),('bh','Bahrain',''),('bi','Burundi',''),('bj','Benin',''),('bm','Bermuda',''),('bn','Brunei Darussalam',''),('bo','Bolivia',''),('br','Brazil',''),('bs','Bahama',''),('bt','Bhutan',''),('bw','Botswana',''),('by','Belarusia',''),('bz','Belize',''),('ca','Kanada',''),('ci','Cote d\'Ivoire (Pantai Gading)',''),('cl','Chili',''),('cm','Kamerun',''),('cn','China',''),('de','Jerman',''),('dj','Djibouti',''),('dk','Denmark',''),('dm','Dominica',''),('dz','Aljazair',''),('ec','Ekuador',''),('ee','Estonia',''),('er','Eritrea',''),('et','Ethiopia',''),('fi','Finlandia',''),('fj','Fiji',''),('fk','Kepulauan Falkland',''),('fo','Kepulauan Faroe',''),('ga','Gabon',''),('gb','(Great Britain) Inggris Raya',''),('gd','Grenada',''),('ge','Georgia',''),('gf','Guyana Perancis',''),('gg','Guernsey',''),('gh','Ghana',''),('gi','Gibraltar',''),('gl','Greenland',''),('gm','Gambia',''),('gn','Guinea',''),('gp','Guadeloupe',''),('gq','Equatorial Guinea',''),('gt','Guatemala',''),('gu','Guam',''),('gw','Guinea-Bissau',''),('gy','Guyana',''),('hk','Hong Kong',''),('hn','Honduras',''),('ht','Haiti',''),('hu','Hungaria',''),('id','Indonesia',''),('ie','Irlandia',''),('il','Israel',''),('im','Isle of Man',''),('in','India',''),('io','British Indian Ocean Territory',''),('iq','Irak',''),('ir','Iran',''),('is','Iceland',''),('it','Italia',''),('je','Jersey',''),('jm','Jamaika',''),('jo','Jordania',''),('jp','Jepang',''),('ke','Kenya',''),('kh','Kamboja',''),('ky','Kepulauan Cayman',''),('kz','Kazakhstan',''),('mh','Kepulauan Marshall',''),('mp','Kepulauan Mariana Utara',''),('nf','Kepulauan Norfolk',''),('nl','Belanda',''),('ph','Filipina',''),('sb','Kepulauan Solomon',''),('sv','El Salvador',''),('td','Chad',''),('uk','Inggris',''),('us','Amerika Serikat',''),('za','Afrika Selatan','');

/*Table structure for table `ic_zone_province` */

DROP TABLE IF EXISTS `ic_zone_province`;

CREATE TABLE `ic_zone_province` (
  `id` smallint(3) unsigned NOT NULL AUTO_INCREMENT,
  `name` varchar(45) NOT NULL,
  `country_code` char(2) NOT NULL DEFAULT 'id',
  PRIMARY KEY (`id`),
  KEY `FK_ccn_province` (`country_code`) USING BTREE,
  CONSTRAINT `FK_ccn_province` FOREIGN KEY (`country_code`) REFERENCES `ic_zone_country` (`code`) ON DELETE CASCADE ON UPDATE CASCADE
) ENGINE=InnoDB AUTO_INCREMENT=100 DEFAULT CHARSET=utf8 ROW_FORMAT=COMPACT;

/*Data for the table `ic_zone_province` */

insert  into `ic_zone_province`(`id`,`name`,`country_code`) values (1,'Aceh','id'),(2,'Sumatera Utara','id'),(3,'Bengkulu','id'),(4,'Jambi','id'),(5,'Riau','id'),(6,'Sumatera Barat','id'),(7,'Sumatera Selatan','id'),(8,'Lampung','id'),(9,'Kepulauan Bangka Belitung','id'),(10,'Kepulauan Riau','id'),(11,'Banten','id'),(12,'Jawa Barat','id'),(13,'DKI Jakarta','id'),(14,'Jawa Tengah','id'),(15,'Jawa Timur','id'),(16,'Daerah Istimewa Yogyakarta','id'),(17,'Bali','id'),(18,'Nusa Tenggara Barat','id'),(19,'Nusa Tenggara Timur','id'),(20,'Kalimantan Barat','id'),(21,'Kalimantan Selatan','id'),(22,'Kalimantan Tengah','id'),(23,'Kalimantan Timur','id'),(24,'Gorontalo','id'),(25,'Sulawesi Selatan','id'),(26,'Sulawesi Tenggara','id'),(27,'Sulawesi Tengah','id'),(28,'Sulawesi Utara','id'),(29,'Sulawesi Barat','id'),(30,'Maluku','id'),(31,'Maluku Utara','id'),(32,'Papua','id'),(33,'Papua Barat','id'),(99,'not-defined','id');

/*Table structure for table `ic_zone_regency` */

DROP TABLE IF EXISTS `ic_zone_regency`;

CREATE TABLE `ic_zone_regency` (
  `id` smallint(8) unsigned NOT NULL AUTO_INCREMENT,
  `province_id` smallint(5) unsigned NOT NULL,
  `name` varchar(45) NOT NULL,
  PRIMARY KEY (`id`),
  KEY `FK_province` (`province_id`) USING BTREE,
  CONSTRAINT `fk_province_id_zone_regency` FOREIGN KEY (`province_id`) REFERENCES `ic_zone_province` (`id`) ON DELETE CASCADE ON UPDATE CASCADE
) ENGINE=InnoDB AUTO_INCREMENT=1001 DEFAULT CHARSET=utf8 ROW_FORMAT=COMPACT;

/*Data for the table `ic_zone_regency` */

insert  into `ic_zone_regency`(`id`,`province_id`,`name`) values (1,1,'Kabupaten Aceh Barat'),(2,1,'Kabupaten Aceh Barat Daya'),(3,1,'Kabupaten Aceh Besar'),(4,1,'Kabupaten Aceh Jaya'),(5,1,'Kabupaten Aceh Selatan'),(6,1,'Kabupaten Aceh Singkil'),(7,1,'Kabupaten Aceh Tamiang'),(8,1,'Kabupaten Aceh Tengah'),(9,1,'Kabupaten Aceh Tenggara'),(10,1,'Kabupaten Aceh Timur'),(11,1,'Kabupaten Aceh Utara'),(12,1,'Kabupaten Bener Meriah'),(13,1,'Kabupaten Bireuen'),(14,1,'Kabupaten Gayo Lues'),(15,1,'Kabupaten Nagan Raya'),(16,1,'Kabupaten Pidie'),(17,1,'Kabupaten Pidie Jaya'),(18,1,'Kabupaten Simeulue'),(19,1,'Kota Banda Aceh'),(20,1,'Kota Langsa'),(21,1,'Kota Lhokseumawe'),(22,1,'Kota Sabang'),(23,1,'Kota Subulussalam'),(24,2,'Kabupaten Asahan'),(25,2,'Kabupaten Batu Bara'),(26,2,'Kabupaten Dairi'),(27,2,'Kabupaten Deli Serdang'),(28,2,'Kabupaten Humbang Hasundutan'),(29,2,'Kabupaten Karo'),(30,2,'Kabupaten Labuhanbatu'),(31,2,'Kabupaten Labuhanbatu Selatan'),(32,2,'Kabupaten Labuhanbatu Utara'),(33,2,'Kabupaten Langkat'),(34,2,'Kabupaten Mandailing Natal'),(35,2,'Kabupaten Nias'),(36,2,'Kabupaten Nias Barat'),(37,2,'Kabupaten Nias Selatan'),(38,2,'Kabupaten Nias Utara'),(39,2,'Kabupaten Padang Lawas'),(40,2,'Kabupaten Padang Lawas Utara'),(41,2,'Kabupaten Pakpak Bharat'),(42,2,'Kabupaten Samosir'),(43,2,'Kabupaten Serdang Bedagai'),(44,2,'Kabupaten Simalungun'),(45,2,'Kabupaten Tapanuli Selatan'),(46,2,'Kabupaten Tapanuli Tengah'),(47,2,'Kabupaten Tapanuli Utara'),(48,2,'Kabupaten Toba Samosir'),(49,2,'Kota Binjai'),(50,2,'Kota Gunung Sitoli'),(51,2,'Kota Medan'),(52,2,'Kota Padang Sidempuan'),(53,2,'Kota Pematangsiantar'),(54,2,'Kota Sibolga'),(55,2,'Kota Tanjung Balai'),(56,2,'Kota Tebing Tinggi'),(57,3,'Kabupaten Bengkulu Selatan'),(58,3,'Kabupaten Bengkulu Tengah'),(59,3,'Kabupaten Bengkulu Utara'),(60,3,'Kabupaten Benteng'),(61,3,'Kabupaten Kaur'),(62,3,'Kabupaten Kepahiang'),(63,3,'Kabupaten Lebong'),(64,3,'Kabupaten Mukomuko'),(65,3,'Kabupaten Rejang Lebong'),(66,3,'Kabupaten Seluma'),(67,3,'Kota Bengkulu'),(68,4,'Kabupaten Batang Hari'),(69,4,'Kabupaten Bungo'),(70,4,'Kabupaten Kerinci'),(71,4,'Kabupaten Merangin'),(72,4,'Kabupaten Muaro Jambi'),(73,4,'Kabupaten Sarolangun'),(74,4,'Kabupaten Tanjung Jabung Barat'),(75,4,'Kabupaten Tanjung Jabung Timur'),(76,4,'Kabupaten Tebo'),(77,4,'Kota Jambi'),(78,4,'Kota Sungai Penuh'),(79,5,'Kabupaten Bengkalis'),(80,5,'Kabupaten Indragiri Hilir'),(81,5,'Kabupaten Indragiri Hulu'),(82,5,'Kabupaten Kampar'),(83,5,'Kabupaten Kuantan Singingi'),(84,5,'Kabupaten Pelalawan'),(85,5,'Kabupaten Rokan Hilir'),(86,5,'Kabupaten Rokan Hulu'),(87,5,'Kabupaten Siak'),(88,5,'Kota Pekanbaru'),(89,5,'Kota Dumai'),(90,5,'Kabupaten Kepulauan Meranti'),(91,6,'Kabupaten Agam'),(92,6,'Kabupaten Dharmasraya'),(93,6,'Kabupaten Kepulauan Mentawai'),(94,6,'Kabupaten Lima PuluhKota'),(95,6,'Kabupaten Padang Pariaman'),(96,6,'Kabupaten Pasaman'),(97,6,'Kabupaten Pasaman Barat'),(98,6,'Kabupaten Pesisir Selatan'),(99,6,'Kabupaten Sijunjung'),(100,6,'Kabupaten Solok'),(101,6,'Kabupaten Solok Selatan'),(102,6,'Kabupaten Tanah Datar'),(103,6,'Kota Bukittinggi'),(104,6,'Kota Padang'),(105,6,'Kota Padangpanjang'),(106,6,'Kota Pariaman'),(107,6,'Kota Payakumbuh'),(108,6,'Kota Sawahlunto'),(109,6,'Kota Solok'),(110,7,'Kabupaten Banyuasin'),(111,7,'Kabupaten Empat Lawang'),(112,7,'Kabupaten Lahat'),(113,7,'Kabupaten Muara Enim'),(114,7,'Kabupaten Musi Banyuasin'),(115,7,'Kabupaten Musi Rawas'),(116,7,'Kabupaten Ogan Ilir'),(117,7,'Kabupaten OganKomering Ilir'),(118,7,'Kabupaten OganKomering Ulu'),(119,7,'Kabupaten OganKomering Ulu Selatan'),(120,7,'Kabupaten OganKomering Ulu Timur'),(121,7,'Kota Lubuklinggau'),(122,7,'Kota Pagar Alam'),(123,7,'Kota Palembang'),(124,7,'Kota Prabumulih'),(125,8,'Kabupaten Lampung Barat'),(126,8,'Kabupaten Lampung Selatan'),(127,8,'Kabupaten Lampung Tengah'),(128,8,'Kabupaten Lampung Timur'),(129,8,'Kabupaten Lampung Utara'),(130,8,'Kabupaten Mesuji'),(131,8,'Kabupaten Pesawaran'),(132,8,'Kabupaten Pringsewu'),(133,8,'Kabupaten Tanggamus'),(134,8,'Kabupaten Tulang Bawang'),(135,8,'Kabupaten Tulang Bawang Barat'),(136,8,'Kabupaten WayKanan'),(137,8,'Kota Bandar Lampung'),(138,8,'Kota Metro'),(139,9,'Kabupaten Bangka'),(140,9,'Kabupaten Bangka Barat'),(141,9,'Kabupaten Bangka Selatan'),(142,9,'Kabupaten Bangka Tengah'),(143,9,'Kabupaten Belitung'),(144,9,'Kabupaten Belitung Timur'),(145,9,'Kota Pangkal Pinang'),(146,10,'Kabupaten Bintan'),(147,10,'Kabupaten Karimun'),(148,10,'Kabupaten Kepulauan Anambas'),(149,10,'Kabupaten Lingga'),(150,10,'Kabupaten Natuna'),(151,10,'Kota Batam'),(152,10,'Kota Tanjung Pinang'),(153,11,'Kabupaten Lebak'),(154,11,'Kabupaten Pandeglang'),(155,11,'Kabupaten Serang'),(156,11,'Kabupaten Tangerang'),(157,11,'Kota Cilegon'),(158,11,'Kota Serang'),(159,11,'Kota Tangerang'),(160,11,'Kota Tangerang Selatan'),(161,12,'Kabupaten Bandung'),(162,12,'Kabupaten Bandung Barat'),(163,12,'Kabupaten Bekasi'),(164,12,'Kabupaten Bogor'),(165,12,'Kabupaten Ciamis'),(166,12,'Kabupaten Cianjur'),(167,12,'Kabupaten Cirebon'),(168,12,'Kabupaten Garut'),(169,12,'Kabupaten Indramayu'),(170,12,'Kabupaten Karawang'),(171,12,'Kabupaten Kuningan'),(172,12,'Kabupaten Majalengka'),(173,12,'Kabupaten Purwakarta'),(174,12,'Kabupaten Subang'),(175,12,'Kabupaten Sukabumi'),(176,12,'Kabupaten Sumedang'),(177,12,'Kabupaten Tasikmalaya'),(178,12,'Kota Bandung'),(179,12,'Kota Banjar'),(180,12,'Kota Bekasi'),(181,12,'Kota Bogor'),(182,12,'Kota Cimahi'),(183,12,'Kota Cirebon'),(184,12,'Kota Depok'),(185,12,'Kota Sukabumi'),(186,12,'Kota Tasikmalaya'),(187,13,'Kabupaten Administrasi Kepulauan Seribu'),(188,13,'Kota Administrasi Jakarta Barat'),(189,13,'Kota Administrasi Jakarta Pusat'),(190,13,'Kota Administrasi Jakarta Selatan'),(191,13,'Kota Administrasi Jakarta Timur'),(192,13,'Kota Administrasi Jakarta Utara'),(193,14,'Kabupaten Banjarnegara'),(194,14,'Kabupaten Banyumas'),(195,14,'Kabupaten Batang'),(196,14,'Kabupaten Blora'),(197,14,'Kabupaten Boyolali'),(198,14,'Kabupaten Brebes'),(199,14,'Kabupaten Cilacap'),(200,14,'Kabupaten Demak'),(201,14,'Kabupaten Grobogan'),(202,14,'Kabupaten Jepara'),(203,14,'Kabupaten Karanganyar'),(204,14,'Kabupaten Kebumen'),(205,14,'Kabupaten Kendal'),(206,14,'Kabupaten Klaten'),(207,14,'Kabupaten Kudus'),(208,14,'Kabupaten Magelang'),(209,14,'Kabupaten Pati'),(210,14,'Kabupaten Pekalongan'),(211,14,'Kabupaten Pemalang'),(212,14,'Kabupaten Purbalingga'),(213,14,'Kabupaten Purworejo'),(214,14,'Kabupaten Rembang'),(215,14,'Kabupaten Semarang'),(216,14,'Kabupaten Sragen'),(217,14,'Kabupaten Sukoharjo'),(218,14,'Kabupaten Tegal'),(219,14,'Kabupaten Temanggung'),(220,14,'Kabupaten Wonogiri'),(221,14,'Kabupaten Wonosobo'),(222,14,'Kota Magelang'),(223,14,'Kota Pekalongan'),(224,14,'Kota Salatiga'),(225,14,'Kota Semarang'),(226,14,'Kota Surakarta'),(227,14,'Kota Tegal'),(228,15,'Kabupaten Bangkalan'),(229,15,'Kabupaten Banyuwangi'),(230,15,'Kabupaten Blitar'),(231,15,'Kabupaten Bojonegoro'),(232,15,'Kabupaten Bondowoso'),(233,15,'Kabupaten Gresik'),(234,15,'Kabupaten Jember'),(235,15,'Kabupaten Jombang'),(236,15,'Kabupaten Kediri'),(237,15,'Kabupaten Lamongan'),(238,15,'Kabupaten Lumajang'),(239,15,'Kabupaten Madiun'),(240,15,'Kabupaten Magetan'),(241,15,'Kabupaten Malang'),(242,15,'Kabupaten Mojokerto'),(243,15,'Kabupaten Nganjuk'),(244,15,'Kabupaten Ngawi'),(245,15,'Kabupaten Pacitan'),(246,15,'Kabupaten Pamekasan'),(247,15,'Kabupaten Pasuruan'),(248,15,'Kabupaten Ponorogo'),(249,15,'Kabupaten Probolinggo'),(250,15,'Kabupaten Sampang'),(251,15,'Kabupaten Sidoarjo'),(252,15,'Kabupaten Situbondo'),(253,15,'Kabupaten Sumenep'),(254,15,'Kabupaten Trenggalek'),(255,15,'Kabupaten Tuban'),(256,15,'Kabupaten Tulungagung'),(257,15,'Kota Batu'),(258,15,'Kota Blitar'),(259,15,'Kota Kediri'),(260,15,'Kota Madiun'),(261,15,'Kota Malang'),(262,15,'Kota Mojokerto'),(263,15,'Kota Pasuruan'),(264,15,'Kota Probolinggo'),(265,15,'Kota Surabaya'),(266,16,'Kabupaten Bantul'),(267,16,'Kabupaten GunungKidul'),(268,16,'Kabupaten Kulon Progo'),(269,16,'Kabupaten Sleman'),(270,16,'Kota Yogyakarta'),(271,17,'Kabupaten Badung'),(272,17,'Kabupaten Bangli'),(273,17,'Kabupaten Buleleng'),(274,17,'Kabupaten Gianyar'),(275,17,'Kabupaten Jembrana'),(276,17,'Kabupaten Karangasem'),(277,17,'Kabupaten Klungkung'),(278,17,'Kabupaten Tabanan'),(279,17,'Kota Denpasar'),(280,18,'Kabupaten Bima'),(281,18,'Kabupaten Dompu'),(282,18,'Kabupaten Lombok Barat'),(283,18,'Kabupaten Lombok Tengah'),(284,18,'Kabupaten Lombok Timur'),(285,18,'Kabupaten Lombok Utara'),(286,18,'Kabupaten Sumbawa'),(287,18,'Kabupaten Sumbawa Barat'),(288,18,'Kota Bima'),(289,18,'Kota Mataram'),(290,19,'Kabupaten Kupang'),(291,19,'Kabupaten Timor Tengah Selatan'),(292,19,'Kabupaten Timor Tengah Utara'),(293,19,'Kabupaten Belu'),(294,19,'Kabupaten Alor'),(295,19,'Kabupaten Flores Timur'),(296,19,'Kabupaten Sikka'),(297,19,'Kabupaten Ende'),(298,19,'Kabupaten Ngada'),(299,19,'Kabupaten Manggarai'),(300,19,'Kabupaten Sumba Timur'),(301,19,'Kabupaten Sumba Barat'),(302,19,'Kabupaten Lembata'),(303,19,'Kabupaten Rote Ndao'),(304,19,'Kabupaten Manggarai Barat'),(305,19,'Kabupaten Nagekeo'),(306,19,'Kabupaten Sumba Tengah'),(307,19,'Kabupaten Sumba Barat Daya'),(308,19,'Kabupaten Manggarai Timur'),(309,19,'Kabupaten Sabu Raijua'),(310,19,'Kota Kupang'),(311,20,'Kabupaten Bengkayang'),(312,20,'Kabupaten Kapuas Hulu'),(313,20,'Kabupaten Kayong Utara'),(314,20,'Kabupaten Ketapang'),(315,20,'Kabupaten Kubu Raya'),(316,20,'Kabupaten Landak'),(317,20,'Kabupaten Melawi'),(318,20,'Kabupaten Pontianak'),(319,20,'Kabupaten Sambas'),(320,20,'Kabupaten Sanggau'),(321,20,'Kabupaten Sekadau'),(322,20,'Kabupaten Sintang'),(323,20,'Kota Pontianak'),(324,20,'Kota Singkawang'),(325,21,'Kabupaten Balangan'),(326,21,'Kabupaten Banjar'),(327,21,'Kabupaten BaritoKuala'),(328,21,'Kabupaten Hulu Sungai Selatan'),(329,21,'Kabupaten Hulu Sungai Tengah'),(330,21,'Kabupaten Hulu Sungai Utara'),(331,21,'Kabupaten Kotabaru'),(332,21,'Kabupaten Tabalong'),(333,21,'Kabupaten Tanah Bumbu'),(334,21,'Kabupaten Tanah Laut'),(335,21,'Kabupaten Tapin'),(336,21,'Kota Banjarbaru'),(337,21,'Kota Banjarmasin'),(338,22,'Kabupaten Barito Selatan'),(339,22,'Kabupaten Barito Timur'),(340,22,'Kabupaten Barito Utara'),(341,22,'Kabupaten Gunung Mas'),(342,22,'Kabupaten Kapuas'),(343,22,'Kabupaten Katingan'),(344,22,'Kabupaten Kotawaringin Barat'),(345,22,'Kabupaten Kotawaringin Timur'),(346,22,'Kabupaten Lamandau'),(347,22,'Kabupaten Murung Raya'),(348,22,'Kabupaten Pulang Pisau'),(349,22,'Kabupaten Sukamara'),(350,22,'Kabupaten Seruyan'),(351,22,'Kota Palangka Raya'),(352,23,'Kabupaten Berau'),(353,23,'Kabupaten Bulungan'),(354,23,'Kabupaten Kutai Barat'),(355,23,'Kabupaten KutaiKartanegara'),(356,23,'Kabupaten Kutai Timur'),(357,23,'Kabupaten Malinau'),(358,23,'Kabupaten Nunukan'),(359,23,'Kabupaten Paser'),(360,23,'Kabupaten Penajam Paser Utara'),(361,23,'Kabupaten Tana Tidung'),(362,23,'Kota Balikpapan'),(363,23,'Kota Bontang'),(364,23,'Kota Samarinda'),(365,23,'Kota Tarakan'),(366,24,'Kabupaten Boalemo'),(367,24,'Kabupaten Bone Bolango'),(368,24,'Kabupaten Gorontalo'),(369,24,'Kabupaten Gorontalo Utara'),(370,24,'Kabupaten Pohuwato'),(371,24,'Kota Gorontalo'),(372,25,'Kabupaten Bantaeng'),(373,25,'Kabupaten Barru'),(374,25,'Kabupaten Bone'),(375,25,'Kabupaten Bulukumba'),(376,25,'Kabupaten Enrekang'),(377,25,'Kabupaten Gowa'),(378,25,'Kabupaten Jeneponto'),(379,25,'Kabupaten Kepulauan Selayar'),(380,25,'Kabupaten Luwu'),(381,25,'Kabupaten Luwu Timur'),(382,25,'Kabupaten Luwu Utara'),(383,25,'Kabupaten Maros'),(384,25,'Kabupaten Pangkajene danKepulauan'),(385,25,'Kabupaten Pinrang'),(386,25,'Kabupaten Sidenreng Rappang'),(387,25,'Kabupaten Sinjai'),(388,25,'Kabupaten Soppeng'),(389,25,'Kabupaten Takalar'),(390,25,'Kabupaten Tana Toraja'),(391,25,'Kabupaten Toraja Utara'),(392,25,'Kabupaten Wajo'),(393,25,'Kota Makassar'),(394,25,'Kota Palopo'),(395,25,'Kota Parepare'),(396,26,'Kabupaten Bombana'),(397,26,'Kabupaten Buton'),(398,26,'Kabupaten Buton Utara'),(399,26,'Kabupaten Kolaka'),(400,26,'Kabupaten Kolaka Utara'),(401,26,'Kabupaten Konawe'),(402,26,'Kabupaten Konawe Selatan'),(403,26,'Kabupaten Konawe Utara'),(404,26,'Kabupaten Muna'),(405,26,'Kabupaten Wakatobi'),(406,26,'Kota Bau-Bau'),(407,26,'Kota Kendari'),(408,27,'Kabupaten Banggai'),(409,27,'Kabupaten BanggaiKepulauan'),(410,27,'Kabupaten Buol'),(411,27,'Kabupaten Donggala'),(412,27,'Kabupaten Morowali'),(413,27,'Kabupaten Parigi Moutong'),(414,27,'Kabupaten Poso'),(415,27,'Kabupaten Tojo Una-Una'),(416,27,'Kabupaten Toli-Toli'),(417,27,'Kabupaten Sigi'),(418,27,'Kota Palu'),(419,28,'Kabupaten Bolaang Mongondow'),(420,28,'Kabupaten Bolaang Mongondow Selatan'),(421,28,'Kabupaten Bolaang Mongondow Timur'),(422,28,'Kabupaten Bolaang Mongondow Utara'),(423,28,'Kabupaten Kepulauan Sangihe'),(424,28,'Kabupaten Kepulauan Siau Tagulandang Biaro'),(425,28,'Kabupaten Kepulauan Talaud'),(426,28,'Kabupaten Minahasa'),(427,28,'Kabupaten Minahasa Selatan'),(428,28,'Kabupaten Minahasa Tenggara'),(429,28,'Kabupaten Minahasa Utara'),(430,28,'Kota Bitung'),(431,28,'Kota Kotamobagu'),(432,28,'Kota Manado'),(433,28,'Kota Tomohon'),(434,29,'Kabupaten Majene'),(435,29,'Kabupaten Mamasa'),(436,29,'Kabupaten Mamuju'),(437,29,'Kabupaten Mamuju Utara'),(438,29,'Kabupaten Polewali Mandar'),(439,30,'Kabupaten Buru'),(440,30,'Kabupaten Buru Selatan'),(441,30,'Kabupaten Kepulauan Aru'),(442,30,'Kabupaten Maluku Barat Daya'),(443,30,'Kabupaten Maluku Tengah'),(444,30,'Kabupaten Maluku Tenggara'),(445,30,'Kabupaten Maluku Tenggara Barat'),(446,30,'Kabupaten Seram Bagian Barat'),(447,30,'Kabupaten Seram Bagian Timur'),(448,30,'Kota Ambon'),(449,30,'Kota Tual'),(450,31,'Kabupaten Halmahera Barat'),(451,31,'Kabupaten Halmahera Tengah'),(452,31,'Kabupaten Halmahera Utara'),(453,31,'Kabupaten Halmahera Selatan'),(454,31,'Kabupaten Kepulauan Sula'),(455,31,'Kabupaten Halmahera Timur'),(456,31,'Kabupaten Pulau Morotai'),(457,31,'Kota Ternate'),(458,31,'Kota Tidore Kepulauan'),(459,32,'Kabupaten Asmat'),(460,32,'Kabupaten Biak Numfor'),(461,32,'Kabupaten Boven Digoel'),(462,32,'Kabupaten Deiyai'),(463,32,'Kabupaten Dogiyai'),(464,32,'Kabupaten Intan Jaya'),(465,32,'Kabupaten Jayapura'),(466,32,'Kabupaten Jayawijaya'),(467,32,'Kabupaten Keerom'),(468,32,'Kabupaten Kepulauan Yapen'),(469,32,'Kabupaten Lanny Jaya'),(470,32,'Kabupaten Mamberamo Raya'),(471,32,'Kabupaten Mamberamo Tengah'),(472,32,'Kabupaten Mappi'),(473,32,'Kabupaten Merauke'),(474,32,'Kabupaten Mimika'),(475,32,'Kabupaten Nabire'),(476,32,'Kabupaten Nduga'),(477,32,'Kabupaten Paniai'),(478,32,'Kabupaten Pegunungan Bintang'),(479,32,'Kabupaten Puncak'),(480,32,'Kabupaten Puncak Jaya'),(481,32,'Kabupaten Sarmi'),(482,32,'Kabupaten Supiori'),(483,32,'Kabupaten Tolikara'),(484,32,'Kabupaten Waropen'),(485,32,'Kabupaten Yahukimo'),(486,32,'Kabupaten Yalimo'),(487,33,'Kota Jayapura'),(488,33,'Kabupaten Fakfak'),(489,33,'Kabupaten Kaimana'),(490,33,'Kabupaten Manokwari'),(491,33,'Kabupaten Maybrat'),(492,33,'Kabupaten Raja Ampat'),(493,33,'Kabupaten Sorong'),(494,33,'Kabupaten Sorong Selatan'),(495,33,'Kabupaten Tambrauw'),(496,33,'Kabupaten Teluk Bintuni'),(497,33,'Kabupaten Teluk Wondama'),(498,33,'Kota Sorong'),(999,99,'Not defined'),(1000,16,'Kotabaru');

/*Table structure for table `swt_com_extensions` */

DROP TABLE IF EXISTS `swt_com_extensions`;

CREATE TABLE `swt_com_extensions` (
  `id` smallint(5) unsigned NOT NULL AUTO_INCREMENT,
  `name` varchar(100) NOT NULL DEFAULT '',
  `element` varchar(100) NOT NULL DEFAULT '',
  `folder` varchar(100) NOT NULL DEFAULT '',
  `access` tinyint(3) unsigned NOT NULL DEFAULT '0',
  `ordering` int(11) NOT NULL DEFAULT '0',
  `published` tinyint(3) NOT NULL DEFAULT '0',
  `params` text NOT NULL,
  PRIMARY KEY (`id`),
  KEY `idx_folder` (`published`,`access`,`folder`) USING BTREE
) ENGINE=InnoDB DEFAULT CHARSET=utf8 ROW_FORMAT=COMPACT;

/*Data for the table `swt_com_extensions` */

/*Table structure for table `swt_com_modules` */

DROP TABLE IF EXISTS `swt_com_modules`;

CREATE TABLE `swt_com_modules` (
  `id` smallint(5) unsigned NOT NULL AUTO_INCREMENT,
  `name` varchar(50) NOT NULL DEFAULT '',
  `public_menu_link` varchar(255) NOT NULL DEFAULT '',
  `admin_menu_link` varchar(255) NOT NULL DEFAULT '',
  `parent` int(11) unsigned NOT NULL DEFAULT '0',
  `module` varchar(50) NOT NULL DEFAULT '',
  `ordering` int(11) NOT NULL DEFAULT '0',
  `params` text NOT NULL,
  `enabled` tinyint(1) NOT NULL DEFAULT '1',
  PRIMARY KEY (`id`),
  KEY `parent_option` (`parent`,`module`(32)) USING BTREE
) ENGINE=InnoDB AUTO_INCREMENT=4 DEFAULT CHARSET=utf8 ROW_FORMAT=COMPACT;

/*Data for the table `swt_com_modules` */

insert  into `swt_com_modules`(`id`,`name`,`public_menu_link`,`admin_menu_link`,`parent`,`module`,`ordering`,`params`,`enabled`) values (1,'project','','',0,'project',0,'',1),(2,'news','','',0,'news',0,'',1),(3,'member','','',0,'member',0,'',1);

/*Table structure for table `swt_com_widgets` */

DROP TABLE IF EXISTS `swt_com_widgets`;

CREATE TABLE `swt_com_widgets` (
  `id` smallint(5) unsigned NOT NULL AUTO_INCREMENT,
  `com_modules_id` smallint(5) unsigned DEFAULT NULL,
  `title` text NOT NULL,
  `content` text NOT NULL,
  `ordering` int(11) NOT NULL DEFAULT '0',
  `hook_position` varchar(50) DEFAULT NULL,
  `enabled` tinyint(1) NOT NULL DEFAULT '0',
  `widget` varchar(50) DEFAULT NULL,
  `access` varchar(50) NOT NULL DEFAULT '0',
  `show_title` tinyint(3) unsigned NOT NULL DEFAULT '1',
  `params` text NOT NULL,
  `widget_type` enum('dynamic','static','module') NOT NULL DEFAULT 'dynamic',
  `widget_path` varchar(128) NOT NULL DEFAULT '',
  PRIMARY KEY (`id`),
  KEY `published` (`enabled`,`access`) USING BTREE,
  KEY `newsfeeds` (`widget`,`enabled`) USING BTREE,
  KEY `fk_swt_com_widgets_swt_com_modules1_idx` (`com_modules_id`) USING BTREE,
  CONSTRAINT `fk_swt_com_widgets_swt_com_modules1` FOREIGN KEY (`com_modules_id`) REFERENCES `swt_com_modules` (`id`) ON DELETE SET NULL ON UPDATE NO ACTION
) ENGINE=InnoDB DEFAULT CHARSET=utf8 ROW_FORMAT=COMPACT;

/*Data for the table `swt_com_widgets` */

/*Table structure for table `swt_contact_details` */

DROP TABLE IF EXISTS `swt_contact_details`;

CREATE TABLE `swt_contact_details` (
  `id` tinyint(1) unsigned NOT NULL AUTO_INCREMENT,
  `name` varchar(255) NOT NULL,
  `alias_url` varchar(255) NOT NULL,
  `messenger_id` varchar(100) NOT NULL,
  `facebook_address` varchar(100) NOT NULL,
  `twitter_address` varchar(100) DEFAULT NULL,
  `address` text,
  `city` varchar(100) DEFAULT NULL,
  `propincy` varchar(100) DEFAULT NULL,
  `country` varchar(100) DEFAULT NULL,
  `post_code` varchar(100) DEFAULT NULL,
  `telephone` varchar(255) DEFAULT NULL,
  `mobile` varchar(255) NOT NULL,
  `fax` varchar(255) DEFAULT NULL,
  `misc` mediumtext,
  `image` varchar(255) DEFAULT NULL,
  `image_pos` varchar(20) DEFAULT NULL,
  `email_to` varchar(255) DEFAULT NULL,
  `published` tinyint(1) unsigned NOT NULL DEFAULT '0',
  `ordering` int(11) NOT NULL DEFAULT '0',
  `params` text NOT NULL,
  PRIMARY KEY (`id`)
) ENGINE=InnoDB AUTO_INCREMENT=2 DEFAULT CHARSET=utf8 ROW_FORMAT=COMPACT;

/*Data for the table `swt_contact_details` */

insert  into `swt_contact_details`(`id`,`name`,`alias_url`,`messenger_id`,`facebook_address`,`twitter_address`,`address`,`city`,`propincy`,`country`,`post_code`,`telephone`,`mobile`,`fax`,`misc`,`image`,`image_pos`,`email_to`,`published`,`ordering`,`params`) values (1,'Jogja Mediac','jogja-mediac','didi_onlinecs','facebook.com/jogjec','twitter.com/#jogjec','Jl. Pramuka 34, Jetis','Yogyakarta','DI Yogyakarta','Indonesia','534343','027487897','08223232','0274-98797','-','-','-','didi@yahooec.com',1,1,'-');

/*Table structure for table `swt_content` */

DROP TABLE IF EXISTS `swt_content`;

CREATE TABLE `swt_content` (
  `id` int(11) unsigned NOT NULL AUTO_INCREMENT,
  `content_categories_id` tinyint(3) unsigned NOT NULL,
  `section_id` tinyint(3) unsigned NOT NULL,
  `published` tinyint(1) NOT NULL DEFAULT '1',
  `parent_id` int(11) unsigned NOT NULL DEFAULT '0',
  `title` varchar(80) NOT NULL,
  `alias_url` varchar(200) NOT NULL,
  `intro_text` mediumtext NOT NULL,
  `full_text` text NOT NULL,
  `meta_key` mediumtext NOT NULL,
  `meta_desc` mediumtext NOT NULL,
  `created_by` int(11) unsigned DEFAULT NULL COMMENT 'created by user_id',
  `modified_by` int(11) unsigned DEFAULT NULL,
  `created` datetime NOT NULL,
  `modified` datetime DEFAULT NULL,
  `publish_up` datetime NOT NULL,
  `publish_down` datetime NOT NULL,
  `images` varchar(255) NOT NULL,
  `quote` varchar(255) NOT NULL,
  `image_is_shown` tinyint(3) unsigned NOT NULL DEFAULT '1' COMMENT '1 = image yang ditampilkan, 0 = quote yang ditampilkan',
  `url` varchar(255) NOT NULL,
  `source` varchar(80) NOT NULL,
  `source_url` varchar(255) NOT NULL,
  `params` text NOT NULL,
  `ordering` int(11) NOT NULL DEFAULT '0',
  `access` tinyint(11) NOT NULL DEFAULT '0',
  `hits` int(11) unsigned NOT NULL DEFAULT '0',
  PRIMARY KEY (`id`),
  KEY `idx_access` (`access`) USING BTREE,
  KEY `idx_state` (`published`) USING BTREE,
  KEY `fk_swt_content_swt_users1_idx` (`created_by`) USING BTREE,
  KEY `fk_swt_content_swt_users2_idx` (`modified_by`) USING BTREE,
  KEY `fk_swt_content_swt_content_categories1_idx` (`content_categories_id`) USING BTREE,
  CONSTRAINT `fk_swt_content_swt_content_categories1` FOREIGN KEY (`content_categories_id`) REFERENCES `swt_content_categories` (`id`) ON DELETE CASCADE ON UPDATE NO ACTION,
  CONSTRAINT `fk_swt_content_swt_users1` FOREIGN KEY (`created_by`) REFERENCES `swt_users` (`id`) ON DELETE SET NULL ON UPDATE NO ACTION,
  CONSTRAINT `fk_swt_content_swt_users2` FOREIGN KEY (`modified_by`) REFERENCES `swt_users` (`id`) ON DELETE SET NULL ON UPDATE NO ACTION
) ENGINE=InnoDB AUTO_INCREMENT=17 DEFAULT CHARSET=utf8 ROW_FORMAT=COMPACT;

/*Data for the table `swt_content` */

insert  into `swt_content`(`id`,`content_categories_id`,`section_id`,`published`,`parent_id`,`title`,`alias_url`,`intro_text`,`full_text`,`meta_key`,`meta_desc`,`created_by`,`modified_by`,`created`,`modified`,`publish_up`,`publish_down`,`images`,`quote`,`image_is_shown`,`url`,`source`,`source_url`,`params`,`ordering`,`access`,`hits`) values (5,1,2,1,0,'Iihh.. Produsen Toilet Jepang Ciptakan Motor Berbahan Bakar Kotoran Hewan','iihh-produsen-toilet-jepang-ciptakan-motor-berbahan-bakar-kotoran-hewan','Produsen toilet kenamaan Jepang, TOTO hari ini memperkenalkan sepeda  motor berbahan bakar kotoran hewan yang bisa berjalan sejauh 300  kilometer. Digadang sebagai kendaraan pertama yang berbahan bakar  kotoran hewan, sepeda motor roda tiga ini tidak menggunakan tempat  duduk biasa, melainkan toilet utuh dengan gulungan tisu besar di bagian  belakang. \r\nKetika seorang model perempuan muda naik untuk test  drive, TOTO buru-buru menegaskan bahwa gadis itu tidak akan menyuplai  \'bahan bakar\' sepeda motor itu.','&nbsp;&ldquo;Biogas yang digunakan sebagai bahan bakar bukan terbuat dari kotoran  manusia. Tapi dari kotoran hewan ternak dan limbah,&rdquo; kata juru bicara  TOTO, Kenji Fujita pada wartawan di pinggiran kota Tokyo, dikutip dari  AFP (29/8/2012).<br />\r\n<br />\r\n&ldquo;Kami berharap bisa meningkatkan kesadaran para  customer mengenai kampanye hijau kami melalui pengembangan produk-produk  ramah lingkungan, seperti pancuran kepala hemat air dan toilet hemat  air,&rdquo; tambah Fujita.<br />\r\n<br />\r\nTOTO yang selama ini sudah membuat  serangkaian toilet berfitur canggih seperti tempat duduk dengan pemanas,  semprotan air dengan kendali tekanan dan suhu, dan musik latar tidak  berencana mengomersialisasikan sepeda motor tersebut.','','',8,NULL,'2012-08-29 14:47:11','2012-08-30 13:06:24','0000-00-00 00:00:00','0000-00-00 00:00:00','','',0,'','','','',0,0,5),(6,1,2,1,0,'Simulator memasak untuk ketrampilan memasak anda lebih baik','simulator-memasak-untuk-ketrampilan-memasak-anda-lebih-baik','Untuk menjadi koki yang baik tentu latihan, latihan dan latihan adalah kuncinya tetapi bisa dibayangkan dong  berapa  banyak makanan yang terbuang hanya untuk latihan tersebut? Peneliti dari Tokyo Institute of  Technology 	sedang mengembangkan sebuah alat simulator memasak  sehingga kita bisa  		belajar cara memasak yang benar tanpa harus buang  makanan.','&nbsp;<img src=\"http://www.otakku.com/wp-content/uploads/2012/08/cooking-simulator-1.jpg\" align=\"left\" alt=\"\" /><span>Alat ini selain terdiri dari alat masak  (panci/  		kuali) juga ada layar yang akan memproyeksikan sesuatu yang  sedang kita  		masak.</span> \r\n<p>\r\n	&nbsp;\r\n</p>\r\n<p>\r\n	<span>Kuali dan lainnya  		tersambung dengan  sebuah sensor yang akan membuat kita bisa merasakan  		apa yang terjadi  ketika menggoyangkan kuali.</span>\r\n</p>\r\n<p>\r\n	<span>Sistim yang ada akan bisa memproyeksikan   		gambar masakan secara real time yang artinya ketika kita mulai  memasak  		daging agak lama maka akan terlihat perubahan warna daging  dari merah (masih  		mentah) menjadi kecoklatan atau sayur berwarna  hijau akan menjadi  		berwarna gelap bahkan gosong ketika kita  memasaknya terlalu lama.</span>\r\n</p>\r\n<p>\r\n	<span>Walaupun alat ini memang ditujukan untuk   		orang yang mau pintar memasak di rumah tetapi sepertinya akan cukup   		berguna juga bagi sekolah masak.</span>\r\n</p>','-','-',8,NULL,'2012-08-29 14:59:19','2013-08-23 11:00:26','2013-08-23 11:00:26','0000-00-00 00:00:00','','',1,'','ghghghgjgjg','','a:1:{s:14:\"display_quotes\";i:0;}',0,0,9),(7,4,3,1,0,'Philomusia in lucem genero','philomusia-in-lucem-genero','&nbsp;Lorem ipsum dolor sit amet, philomusia in lucem genero quod una in modo. Euismod tollam auri tecum in deinde cepit roseo. Apertius ingens ferro dolor Jesus Circumdat. Tace mordeo tertia navigavit volente in deinde cepit roseo commenda','&nbsp;Lorem ipsum dolor sit amet, philomusia in lucem genero quod una in modo. Euismod tollam auri tecum in deinde cepit roseo. Apertius ingens ferro dolor Jesus Circumdat. Tace mordeo tertia navigavit volente in deinde cepit roseo commendavit patris in deinde cepit roseo. Descendit ad suis caelo in modo genito in.Lorem ipsum dolor sit amet, philomusia in lucem genero quod una in modo. Euismod tollam auri tecum in deinde cepit roseo. Apertius ingens ferro dolor Jesus Circumdat. Tace mordeo tertia navigavit volente in deinde cepit roseo commendavit patris in deinde cepit roseo. Descendit ad suis caelo in modo genito in.','','',8,NULL,'2012-08-29 15:05:08','2012-08-29 15:05:08','0000-00-00 00:00:00','0000-00-00 00:00:00','','',0,'','','','',0,0,0),(8,4,3,1,0,'Apertius ingens ferro dolor','apertius-ingens-ferro-dolor','&nbsp;<font face=\"Arial, Verdana, sans-serif\">Lorem ipsum dolor sit amet, philomusia in lucem genero quod una in modo. Euismod tollam auri tecum in deinde cepit roseo. Apertius ingens ferro dolor Jesus Circumdat. Tace mordeo tertia navigavit volente in deinde cepit roseo commendavit patris in deinde cepit roseo. Descendit ad suis caelo in modo genito in.Lorem ipsum dolor sit amet, philomusia in lucem genero quod una in modo. Euismod tollam auri tecum in deinde cepit roseo. Apertius ingens ferro dolor Jesus Circumdat. Tace mordeo tertia navigavit volente in deinde cepit roseo commendavit patris in deinde cepit roseo. Descendit ad suis caelo in modo genito in.</font>','&nbsp;Lorem ipsum dolor sit amet, philomusia in lucem genero quod una in modo. Euismod tollam auri tecum in deinde cepit roseo. Apertius ingens ferro dolor Jesus Circumdat. Tace mordeo tertia navigavit volente in deinde cepit roseo commendavit patris in deinde cepit roseo. Descendit ad suis caelo in modo genito in.Lorem ipsum dolor sit amet, philomusia in lucem genero quod una in modo. Euismod tollam auri tecum in deinde cepit roseo. Apertius ingens ferro dolor Jesus Circumdat. Tace mordeo tertia navigavit volente in deinde cepit roseo commendavit patris in deinde cepit roseo. Descendit ad suis caelo in modo genito in.Lorem ipsum dolor sit amet, philomusia in lucem genero quod una in modo. Euismod tollam auri tecum in deinde cepit roseo. Apertius ingens ferro dolor Jesus Circumdat. Tace mordeo tertia navigavit volente in deinde cepit roseo commendavit patris in deinde cepit roseo. Descendit ad suis caelo in modo genito in.','','',8,NULL,'2012-08-29 15:06:40','2012-08-29 15:06:40','0000-00-00 00:00:00','0000-00-00 00:00:00','','',0,'','','','',0,0,0),(9,1,2,1,0,'Ini Sejarah Internet dalam Timeline Facebook','ini-sejarah-internet-dalam-timeline-facebook','Fitur timeline pada Facebook cukup membantu pengguna jejaring sosial itu untuk melihat sejarah status akun selama menggunakan jejaring sosial. Dari fitur ini, pengguna dapat mengetahui telah melakukan apa saja dengan akunnya. Kini, Anda dapat mempelajari sejarah internet melalui konsep timeline Facebook. Konsep timeline ini dikembangkan oleh Grovo, sebuah perusahaan yang fokus dalam mendidik masyarakat tentang web dan produk mobile. Grovo telah merangkai seluruh sejarah internet sepanjang masa dalam satu fitur timeline Facebook.','&nbsp;<span style=\"font-size: 14px; line-height: 21px; \">Dalam </span><em style=\"font-size: 14px; line-height: 21px; \">timeline</em><span style=\"font-size: 14px; line-height: 21px; \">  ini, embrio perkembangan internet diawali pada 1536. Tahun ini merupakan  untuk pertama kalinya simbol @ diperkenalkan dalam sebuah surat yang  ditulis oleh Florentine Merchant. Simbol tersebut nantinya selalu  menjadi ciri khas dalam setiap akun jejaring sosial maupun akun email.</span>\r\n<p style=\"font-size: 14px; line-height: 21px;\"><br />\r\nSelanjutnya,  pada 1960, jaringan penghubung antar komputer pertama kali dikembangkan  dengan munculnya ARPANET dan Mark 1. ARPA merupakan upaya riset  Departemen Pertahanan Amerika, U.S. tentang bagaimana cara menghubungkan  sejumlah komputer, sehingga membentuk jaringan organik.<br />\r\n<br />\r\nSetelah  jaringan beberapa komputer terkoneksi, pada 1971, Roy Tomlinson mengirim  email pertama kalinya antara dua komputer. Pada 1972, ia menyempurnakan  program email yang diciptakan, sehingga semakin populer. Pada tahun  yang sama, kemudian muncul proyek digitalisasi arsip yang mendorong  penciptaan format <em>ebook</em>.<br />\r\n<br />\r\nPada tahun ini, dua ahli  komputer, yakni Vinton Cerf dan Bob Kahn mempresentasikan sebuah gagasan  yang lebih besar, yang menjadi cikal bakal pemikiran internet. Ide ini  dipresentasikan untuk pertama kalinya di Universitas Sussex.<br />\r\n<br />\r\nTahun  1976, Ratu Inggris berhasil mengirimkan email dari Royal Signals and  Radar Establishment di Malvern. Setahun kemudian, sudah lebih dari 100  komputer yang bergabung di ARPANET membentuk sebuah jaringan atau <em>network</em>. Pada tahun itu pula, Apple Computer Inc didirikan.<br />\r\n<br />\r\nPada 1979, Tom Truscott, Jim Ellis, dan Steve Bellovin, menciptakan <em>newsgroups</em>  pertama yang diberi nama USENET. Kemudian, pada 1981, France Telecom  menciptakan gebrakan dengan meluncurkan telepon televisi pertama, di  mana orang bisa saling menelepon, sambil berhubungan dengan <em>video link</em>.</p>\r\n<p style=\"font-size: 14px; line-height: 21px;\">Karena komputer yang  membentuk jaringan semakin hari semakin banyak, maka dibutuhkan sebuah  protokol resmi yang diakui oleh semua jaringan. Pada 1982, dibentuk <em>Transmission Control Protocol</em> atau TCP dan <em>Internet Protocol</em> atau IP yang dikenal hingga kini.</p>\r\n<p style=\"font-size: 14px; line-height: 21px;\">Sementara itu, di Eropa  muncul jaringan komputer tandingan yang dikenal dengan Eunet, yang  menyediakan jasa jaringan komputer di Belanda, Inggris, Denmark, dan  Swedia. Jaringan Eunet menyediakan jasa email dan<em> newsgroup</em> USENET.<br />\r\n<br />\r\nUntuk  menyeragamkan alamat di jaringan komputer yang ada, maka pada 1984  diperkenalkan sistem nama domain, yang kini dikenal dengan DNS atau <em>Domain Name System</em>.  Komputer yang tersambung dengan jaringan yang ada sudah melebihi 1.000  komputer. Dr Jon Poster menggambarkan ide domain seperti .com, .org,  .gov, .edu, dan .mil.<br />\r\n<br />\r\nPada 1989, Tim Berners Lee menemukan  program editor dan browser yang bisa menjelajah antara satu komputer  dengan komputer lainnya, yang membentuk jaringan itu. Program inilah  yang disebut www, atau World Wide Web. Inovasi ini kemudian disusul  dengan peluncuran mesin pencari untuk pertama kalinya setahun kemudian.<br />\r\n<br />\r\nRevolusi  digital mulai terasa, yakni sepanjang 1991 hingga 1999. Universitas  Cambridge mengembangkan webcam pertama kalinya pada 1991. Situs internet  kemudian tumbuh menjadi 3.000 alamat halaman, dan untuk pertama  kalinya, <em>virtual-shopping</em> atau <em>e-retail</em> muncul di internet seperti eBay, juga pesan instan AOL. Dunia langsung berubah. <br />\r\n<br />\r\nSelanjutnya  pada 1994, Yahoo! didirikan, disusul Google yang berdiri pada 1998 oleh  Sergey Brin dan Larry Page. Munculnya perusahaan internet memunculkan  era yang disebut &quot;bubble dotcom&quot; pada 2000.<br />\r\n<br />\r\nMemasuki era  milenium, dunia internet mulai muncul inovasi-inovasi komunikasi dengan  Facebook pada 2004, Gmail, YouTube pada 2005. Selain itu, terdapat  pengembangan mesin pencari Google yang memperkenalkan sistem operasi  Android, Instagram, hingga peluncuran Google+. Era ini juga ditandai  dengan masuknya Facebook ke bursa saham.<br />\r\n<br />\r\nSeperti apa <em>timeline</em> tersebut? Anda bisa melihatnya di <a href=\"https://www.facebook.com/Grovo/info\">tautan ini</a></p>','','',8,NULL,'2012-08-29 15:36:14','2012-08-30 13:05:14','0000-00-00 00:00:00','0000-00-00 00:00:00','','',0,'','','','',0,0,2),(10,1,2,1,0,'Misteri Merpati Lenyap di \"Segitiga Birdmuda\"','misteri-merpati-lenyap-di-segitiga-birdmuda','Ratusan merpati balap lenyap di North East England, Inggris. Mengapa?Sebuah peristiwa aneh terjadi di langit Inggris. Ratusan merpati balap lenyap secara misterius di North East England, membuat area itu kini dijuluki \"Birdmuda Triangle\", plesetan dari \"Segitiga Bermuda\". Seperti diketahui, Segitiga Bermuda adalah wilayah laut di dalam garis imajiner yang menghubungkan  tiga wilayah yaitu  Bermuda, San Juan-Puerto Rico, dan Miami di Amerika Serikat. Yang tenar akibat tragedi hilangnya sejumlah pesawat dan kapal laut.','&nbsp;Pada Sabtu 25 Agustus 2012, sebuah klub penikmat merpati balap  melepaskan 230 burung dari North Yorkshire. Tapi hanya 13 di antaranya  yang sampai di tempat tujuan di Skotlandia. Sebelumnya ratusan merpati  juga raib di lokasi yang sama. <br />\r\n<br />\r\nPeristiwa itu membuat jeri para  pehobi, yang secara rutin melepas merpati balapnya hingga jarak ratusan  kilometer, memutuskan untuk mengandangkan burung mereka hingga misteri  tersebut terpecahkan. <br />\r\n<br />\r\n&quot;Kawasan Thirsk, Wetherby, dan Consett  kami juluki sebagai \'Segitiga Bermuda\'. Sebab ada saja yang terjadi di  sana,&quot; kata salah satu pehobi merpati balap, Austin Lindores, seperti  dimuat <em>Telegraph</em>. <br />\r\n<br />\r\n&quot;Ini bukan kali pertamanya terjadi di area itu. Aku tak akan balap merpati lagi di sana.&quot; <br />\r\n<br />\r\nSeperti dimuat situs sains, <em>LiveScience</em>, sudah lama merpati membuat bingung para ilmuwan dengan kemampuan navigasinya yang luar biasa. <br />\r\n<br />\r\nAwal  tahun ini, peneliti dari Baylor College berhasil menemukan komponen  &quot;GPS internal&quot; merpati. Yakni, kelompok sel dalam otak yang mampu  mengukur kekuatan dan arah medan magnet bumi. Mirip kompas. <br />\r\n<br />\r\nLalu mengapa kemampuan para merpati tiba-tiba drop di North East England?<br />\r\n<br />\r\nSejumlah  pehobi balap merpati menduga itu ada kaitannya dengan operasi militer,  menyalahkan sinyal dari satelit Menwith Hill milik Angkatan Udara  Kerajaan Inggris (RAF). <br />\r\n<br />\r\n&quot;Sudah ada eksperimen tentang efek  sinyal radio pada orientasi merpati,&quot; kata Charles Walcott, dosen  neurobiologi dan perilaku dari Cornell University, yang telah  mempelajari merpati sejak tahun 1962. &quot;Tapi tak ada yang pernah melihat  efek subtansialnya.&quot; <br />\r\n<br />\r\nTeori lainnya, ada yang menduga itu akibat  aktivitas tinggi matahari di musim panas yang membuat wilayah magnetis  bumi terdistorsi. Dan pada akhirnya mempengaruhi kemampuan merpati  membaca arah. Tapi kata Walcott, itu tak bisa dijadikan kesimpulan. <br />\r\n<br />\r\nMenurut,  dia yang masuk akal dari misteri hilangnya ratusan merpati itu mirip  fakta yang menepis kesan mistis Segitiga Bermuda yang melenyapkan kapal,  pesawat, dan banyak manusia: cuaca buruk. <br />\r\n<br />\r\nSeperti dimuat <em>Telegraph</em>,  sebagian kawasan North East England sempat mengalami gangguan cuaca  buruk, curah hujan tinggi. Sebagian pebalap juga menduga, burung yang  hilang diduga tersesat dalam upaya menghindari badai. &quot;Saya pikir  penjelasannya seperti itu,&quot; kata Walcott. &quot;Merpati tidak suka terbang di  tengah hujan karena bulu mereka tak bisa mengatasi terpaan air.&quot;','','',8,NULL,'2012-08-29 15:37:29','2012-08-30 13:04:25','0000-00-00 00:00:00','0000-00-00 00:00:00','','',0,'','','','',0,0,3),(11,1,2,1,0,'Google: Kekalahan Samsung Tak Terkait Android','google-kekalahan-samsung-tak-terkait-android','Raksasa teknologi Google tampak berhati-hati dalam menanggapi kemenangan Apple atas Samsung dalam sengketa pelanggaran hak paten. Dalam pengadilan di AS pekan lalu, Samsung kalah dan dibebankan membayar US$ 1,049 miliar kepada Apple atau sekitar Rp 9 triliun. Banyak yang mengatakan, hasil ini merupakan salah satu batu pijakan Apple untuk mengincar Google, yang merupakan pencipta sistem operasi Android. Sebab, selama ini Samsung mengandalkan Android dalam sejumlah seri Galaxy.','&nbsp;Setelah beberapa hari bungkam, Google pun kemudian membuat pernyataan.  &quot;Pengadilan banding akan meninjau kedua pelanggaran dan validitas dari  klaim paten tersebut,&quot; demikian pernyataan Google, seperti dikutip dari  The <em>Verge</em>.<br />\r\n<br />\r\nGoogle tidak berusaha mengadopsi komentar  Samsung atas putusan pengadilan tersebut. Bahkan, Google tampaknya  berusaha menjaga jarak dari masalah ini, dengan mengatakan bahwa klaim  yang terlibat tersebut, &quot;Tidak berhubungan dengan inti sistem operasi  Android&quot;.<br />\r\n<br />\r\nTerkait pelanggaran paten Android, Google menyerahkan  itu kepada Kantor Paten AS. Meski begitu, Google menyatakan akan terus  melakukan kerja sama dengan mitra mereka yang selama ini menggunakan  Android.<br />\r\n<br />\r\nSecara detail, Google memberikan pernyataan sebagai berikut :<em><br />\r\n<br />\r\n&quot;Pengadilan banding akan meninjau kedua pelanggaran dan validitas dari<br />\r\nklaim  paten. Sebagian besar tidak berhubungan dengan inti sistem operasi  Android, dan beberapa sedang kembali diperiksa oleh Kantor Paten Amerika  Serikat. Industri mobile bergerak cepat, dan semua pemain, termasuk  pendatang baru, sedang membangun atas ide-ide yang telah ada selama  beberapa dekade. Kami bekerja dengan mitra kami untuk memberikan  konsumen produk yang inovatif dan terjangkau, dan kami tidak ingin  apapun untuk membatasi itu.&quot;</em>','','',8,NULL,'2012-08-29 15:38:35','2012-08-30 13:03:45','0000-00-00 00:00:00','0000-00-00 00:00:00','','',0,'','','','',0,0,0),(12,1,2,1,0,'Program Komputer, Senjata Perang Dalam Dunia Digital ','program-komputer-senjata-perang-dalam-dunia-digital-','Hari ini kita telah memasuki sebuah era dunia, dunia yang baru dan berani. Kita sekarang berada dalam era yang baru, era kabel dan silikon, zaman teknologi dan data. Dalam dunia baru ini, senjata baru juga telah muncul. Sebuah bom yang dapat menyelinap secara diam diam, tampak tidak berbahaya, dan tak kasat mata. Bagaikan agen rahasia yang tenang, bergerak di sepanjang jalur akses internet dan berada di kantong masyarakat sehari hari. Senjata ini mampu menghancurkan infrastruktur negara, melumpuhkan sebuah perusahaan, sekedar membuat kepanikan orang banyak, atau bla bla bla bla bla (-__-). Ini adalah senjata terbaik yang terkesan halus namun memiliki potensi sekuat armada nuklir. Senjata ini adalah program komputer, awal dari era baru perang informasi.','&nbsp;Pada pertengahan Juli 2010 lalu, sebuah program yang sangat luar biasa  ditemukan \'berselancar\' bebas di internet dan juga ditemukan telah  menyebar ke sejumlah komputer di seluruh dunia. Saya mungkin kurang  mengerti mengenai dunia programer dan sejenisnya, tapi satu hal saya  ketahui, program yang telah diciptakan itu adalah program yang sangat  \'menakjubkan\'! Dengan memanfaatkan 4 celah keamanan sistem sekaligus,  para desainer program tersebut telah membuatnya cukup berhasil. Program  yang dimaksud adalah Win32/Stuxnet dan varian variannya, dan ini adalah  senjata super pertama dalam dunia digital.<br />\r\n<br />\r\nFenomena Stuxnet ini adalah sebuah hal yang benar benar luar biasa.  Untuk pertama kalinya, sebuah program dilancarkan untuk melakukan  serangan fisik. Seperti yang diketahui, virus ini paling banyak menyebar  di negara Iran,&nbsp; dengan 60 ribu lebih komputer terinfeksi program  Stuxnet. Stuxnet diprogram untuk melakukan serangan terhadap Sistem <span class=\"post-content\" style=\"margin-top: 20px;\">Supervisory Control and Data Acquisition, atau SCADA. SCADA </span><span class=\"post-content\" style=\"margin-top: 20px;\">digunakan  untuk memonitor pembangkit listrik secara otomatis dari fasilitas kimia  untuk pembangkit listrik. Saat komputer komputer SCADA terinfeksi  Stuxnet, Stuxnet dengan cepat akan membuat komunikasi dengan server  penyerang sehingga dapat digunakan untuk mencuri data perusahaan dan  juga dapat mengambil alih sistem SCADA.</span><br />\r\n<br />\r\n<span class=\"post-content\" style=\"margin-top: 20px;\">Hal ini tentu membuat pertanyaan, siapakah pembuatnya? Seperti dikatakan oleh </span><span class=\"post-content\" style=\"margin-top: 20px;\">Mikka Hypponen,  seorang kepala penelitian perusahaan software keamanan  F-Secure di Finlandia, dia percaya bahwa itu adalah serangan yang disponsori oleh  suatu negara. Stuxnet sangat kompleks dan &quot;jelas dilakukan oleh kelompok  dengan dukungan teknologi dan keuangan yang serius.&quot; </span><span class=\"post-content\" style=\"margin-top: 20px;\">Ralph Langner, ahli  cyber Jerman mengatakan serangan dilakukan oleh pakar yang  berkualifikasi tinggi, mungkin sebuah negara. &quot;Ini bukan peretas yang  duduk di ruang bawah rumah orang tuanya.&quot; Pada website-nya,  www.langner.com /en/index.htm, Langner mengatakan penyelidikan akhirnya  &quot;fokus&quot; pada penyerang. &quot;Para penyerang harus tahu ini. Kesimpulan saya  adalah, mereka tidak peduli, mereka tidak takut masuk penjara.&quot;</span><br />\r\n<br />\r\n<span class=\"post-content\" style=\"margin-top: 20px;\">Saya tidak akan  membicarakan masalah tentang virus ini lebih jauh lagi, namun satu hal  yang jelas, perkembangan dunia era digital telah menciptakan sebuah  senjata perang yang baru pula. Stuxnet jelas bukanlah hasil ciptaan  hacker underground yang bergerak sendiri, namun kemungkinan besar memang  dipelopori oleh sebuah negara yang maju dengan aggaran dana yang  pastinya tidak sedikit.</span><br />\r\n<br />\r\n<span class=\"post-content\" style=\"margin-top: 20px;\">Kini kita telah  melihat sebuah senjata dunia maya yang pertama muncul kehadapan publik.  Tidak bisa dipungkiri lagi, dalam kurun waktu sepuluh sampai dua puluh  tahun ke depan, bisa saja kita akan melihat sebuah perubahan besar yang  terjadi dalam era dunia informasi dan digital termasuk juga sistem  persenjataan baru yang menggunakan program komputer seperti ini untuk  digunakan dalam \'perang cyber\' (Cyber War) antar negara.</span>','','',8,NULL,'2012-08-29 15:41:59','2012-08-30 13:03:17','0000-00-00 00:00:00','0000-00-00 00:00:00','','',0,'','','','',0,0,0),(13,1,2,1,0,'Trinidad Moruga Scorpion: Cabai Terpedas di Dunia','trinidad-moruga-scorpion-cabai-terpedas-di-dunia','Inilah cabai terpedas di dunia saat ini, namanya Trinidad Moruga Scorpion. Cabai ini telah mengalahkan rekor terdahulu yang pernah dipegang oleh cabai Naga Bhut Jolokia sejak tahun 2007. Tingkat kepedasan cabai ini berkisar antara 1,2 juta sd 2 juta SHU jauh di atas tingkat kepedasan cabai Bhut Jolokia yang hanya berkisar antara 330 ribu sd 1 juta SHU.','&nbsp;<img src=\"http://www.mobgenic.com/wp-content/uploads/2012/08/Trinidad-Moruga-Scorpion.jpg\" align=\"left\" alt=\"cabe\" />Cabai ini dinamakan sesuai tempatnya berasal yaitu dari negara Republik  Trinidad dan Tobago tepatnya wilayah Moruga. Adalah New Mexico State  University yang meneliti tingkat kepedasan cabai ini. Para peneliti  tersebut bahkan sempat merasakan panasnya cabai itu di kulit tangan  mereka saat mereka memanen cabai tersebut. Rupanya zat&nbsp;capsaicin dari  cabai tersebut menetes dan menembus sarung tangan latex yang mereka  pakai. Luar biasa!','','',8,NULL,'2012-08-29 15:45:39','2012-08-30 13:00:39','0000-00-00 00:00:00','0000-00-00 00:00:00','','',0,'','','','',0,0,0),(14,1,2,1,0,'Apple Minta 8 Produk Samsung Dilarang','apple-minta-8-produk-samsung-dilarang','Apple bergerak cepat meminta pelarangan penjualan delapan produk telepon Samsung setelah kemenangan Apple di pengadilan. Delapan model yang diminta dilarang itu termasuk Galaxy S2 dan Droid Charge. Sebenarnya gugatan Apple atas 28 produk namun kebanyakan dari mereka tidak dipasarkan lagi. Sementara produk Galaxy SIII tidak masuk dalam gugatan namun fitur dan elemen desainnya bisa ikut terkena putusan pengadilan.','&nbsp;&quot;Pembuktian dan beban kasus condong pada keinginan Apple,&quot; kata Peter  Misek, analis dari Jefferies &amp; Co, seperti dilansir Reuters, Selasa  28 Agustus 2012. Padahal banyak pihak berharap kedudukannya dua pertiga  untuk Apple banding sepertiga untuk Samsung.<br />\r\n<br />\r\nPengadilan di  Amerika Serikat akhirnya menganggap Samsung melakukan pelanggaran  terhadap sejumlah paten yang dimiliki Apple. Atas pelanggaran paten itu,  Samsung pun diminta membayar ganti rugi US$1,049 miliar atau sekitar Rp  9 triliun kepada Apple.<br />\r\n<br />\r\nSamsung pun menyebut kekalahan ini  sebagai kerugian bagi konsumen di AS. &quot;Ini akan menyebabkan lebih  sedikitnya pilihan, kurangnya inovasi, dan potensi harga yang lebih  mahal,&quot; demikian pernyataan Samsung, seperti dikutip dari Reuters.<br />\r\n<br />\r\nSamsung  pun kemudian menyatakan putusan pengadilan di tangan hakim Lucy Koh itu  bukan hasil akhir. &quot;Itu bukan kata terakhir dalam kasus ini atau di  sejumlah pertempuran yang telah digelar di berbagai pengadilan di  berbagai penjuru dunia, yang sebagian di antaranya menolak klaim Apple,&quot;  tulis Samsung.<br />\r\n<br />\r\nKekalahan ini menyebabkan Samsung diprediksi akan  memiliki hambatan dalam produk mereka di masa depan. Atas putusan ini,  Samsung juga diminta mendesain ulang smartphone dan tablet yang sudah  disiapkan.<br />\r\n<br />\r\nSementara bagi Apple, kemenangan pada hari Jumat lalu  itu memperkuat posisi mereka di depan saat memasarkan iPhone 5 yang  diharapkan diluncurkan pada 12 September. Produk baru ini diharapkan  akan memperkuat dominasi mereka produk yang menggunakan sistem operasi  Android yang dibuat Google','','',8,NULL,'2012-08-29 15:51:37','2012-08-30 13:02:43','0000-00-00 00:00:00','0000-00-00 00:00:00','','',0,'','','','',0,0,0),(15,1,2,1,0,'Robot Vacuum Cleaner Pembersih Ruangan ','robot-vacuum-cleaner-pembersih-ruangan','Anda terlalu sibuk dengan pekerjaan, bahkan tidak ada waktu untuk membersihkan lantai dengan vacuum cleaner secara teratur. Tapi sekarang ada solusi untuk mengatasi masalah ini. Sekarang ini ada robot vacuum cleaner, yang dapat diprogram untuk membersihkan lantai ketika Anda berada di luar rumah. Robot ini tidak akan terjebak di sudut-sudut atau terjatuh saat menuruni tangga, karena robot ini memiliki sensor dan bumper.','&nbsp;<span style=\"text-align: justify; \">&nbsp;<img src=\"http://3.bp.blogspot.com/-524UF_0DK-8/UDtgC474fHI/AAAAAAAAENE/J24jgq4cSa8/s400/robot-vacuum-cleaner.jpg\" vspace=\"2\" hspace=\"2\" align=\"right\" alt=\"\" />Robot vacuum cleaner ini memiliki 4 rute pembersihan yang diinginkan  yakni Acak, Spiral, Sepanjang Dinding, Spiral Polygonal. Robot dibiarkan  dan akan melakukan semua pekerjaan. Kedua sikatnya  berputar akan  menyapu semua debu, rambut hewan peliharaan dan kotoran dari karpet,  lantai kayu, lantai marmer dan lantai nilon. Dan untuk memastikan rumah  Anda sepenuhnya bersih, robot ini juga akan menggunakan Sterilisasi  Ultra Violet.&nbsp;</span><br />\r\n<br />\r\n<div style=\"text-align: justify;\">&nbsp;</div>\r\n<div style=\"text-align: justify;\">Sikat kokohnya akan menggali jauh ke dalam serat karpet untuk menyeret  kotoran, puing-puing, debu, dan banyak lagi hingga menjangkau  daerah-daerah yang sulit. Hebatnya lagi robot vacuum cleaner ini dapat  mengingat bagian mana terakhir dia berhenti sehingga tidak akan terjadi  pekerjaan yang berulang.&nbsp;</div>\r\n<div style=\"text-align: justify;\">&nbsp;</div>\r\n<div style=\"text-align: justify;\">Robot vacuum cleaner ini memiliki berat hanya 1,53 kg, dengan ukuran 270  x 95 mm, sedangkan kapasitas kantong debunya 0,2 liter dan dapat  dioperasikan selama 1 jam. Baterai robot vacuum cleaner ini dapat diisi  ulang selama 4 jam dengan konsumsi listrik hanya 38 watt.Robot vacuum  cleaner ini dijual dengan harga 77,49 dolar Amerika atau sekitar 700  ribuan.</div>','','',8,NULL,'2012-08-29 15:54:55','2012-08-30 13:02:19','0000-00-00 00:00:00','0000-00-00 00:00:00','','',0,'','','','',0,0,1),(16,1,2,1,0,'Mobil BYD Su Rui yang bisa dijalankan melalui remote control','mobil-byd-su-rui-yang-bisa-dijalankan-melalui-remote-control','BYD (Build Your Dreams), salah satu pabrikan mobil di Cina sana pernah mengumumkan mobil hybrid F3 Plus yang punya remote control dan sekarang ternyata mereka juga punya yang versi mesin biasa. BYD Su Rui adalah mobil dengan mesin 1500 cc yang bisa dikontrol melalui remote control (Remote Driving Control technology) yang ada seperti layaknya mobil mainan remote control anak anda.','&nbsp;<img src=\"http://www.byd.com/Materials/EditorUpload/day_120822/201208220148376548.png\" vspace=\"2\" hspace=\"2\" align=\"left\" alt=\"\" /><font face=\"Tahoma\" size=\"2\">Melalui remote control tersebut kita bisa   		menjalankan mobil baik maju, mundur dan kanan atau kiri tetapi untuk   		memastikan tidak akan terjadi masalah maka kecepatan maksimum mobil  ini  		hanya 2 km/ jam ketika dijalankan dengan remote control.</font>\r\n<p>&nbsp;</p>\r\n<p><font face=\"Tahoma\" size=\"2\">Hanya 2 km/jam? Untuk apa?<br />\r\nCoba bayangkan ketika anda parkir di tempat yang sempit  dimana mobil  		bisa masuk tapi andanya tidak bisa keluar dari mobil?  Atau ketika  		tetangga minta mobil anda dimajukan karena dia mau  keluar?</font></p>\r\n<p><font face=\"Tahoma\" size=\"2\">Disinilah salah satu kegunaan dengan  		remote control ini, asik kan?<br />\r\nSelain itu remote control ini bisa digunakan untuk hal  lainnya yang  		sebenarnya sudah ada di mobil lain seperti menyalakan  mesin dan  		menyalakan AC atau pemanas di mobil.</font></p>\r\n<p><font face=\"Tahoma\" size=\"2\">Apakah Remote Driving Control technology  		berguna bagi anda?</font></p>','','',8,NULL,'2012-08-29 15:57:45','2012-08-30 13:01:43','0000-00-00 00:00:00','0000-00-00 00:00:00','','',0,'','','','',0,0,1);

/*Table structure for table `swt_content_categories` */

DROP TABLE IF EXISTS `swt_content_categories`;

CREATE TABLE `swt_content_categories` (
  `id` tinyint(3) unsigned NOT NULL AUTO_INCREMENT,
  `content_section_id` tinyint(3) unsigned NOT NULL,
  `parent_id` tinyint(4) NOT NULL DEFAULT '0',
  `title` varchar(80) NOT NULL,
  `alias_url` varchar(200) NOT NULL DEFAULT '',
  `description` text NOT NULL,
  `image` varchar(255) NOT NULL DEFAULT '',
  `image_position` varchar(30) NOT NULL DEFAULT '',
  `published` tinyint(1) NOT NULL DEFAULT '1',
  `editor` varchar(50) DEFAULT NULL,
  `ordering` int(11) NOT NULL DEFAULT '0',
  `access` tinyint(3) unsigned NOT NULL DEFAULT '0',
  `params` text NOT NULL,
  PRIMARY KEY (`id`),
  KEY `cat_idx` (`published`,`access`) USING BTREE,
  KEY `idx_access` (`access`) USING BTREE,
  KEY `fk_swt_content_categories_swt_content_section1_idx` (`content_section_id`) USING BTREE,
  CONSTRAINT `fk_swt_content_categories_swt_content_section10` FOREIGN KEY (`content_section_id`) REFERENCES `swt_content_section` (`id`) ON DELETE CASCADE ON UPDATE NO ACTION
) ENGINE=InnoDB AUTO_INCREMENT=5 DEFAULT CHARSET=utf8 ROW_FORMAT=COMPACT;

/*Data for the table `swt_content_categories` */

insert  into `swt_content_categories`(`id`,`content_section_id`,`parent_id`,`title`,`alias_url`,`description`,`image`,`image_position`,`published`,`editor`,`ordering`,`access`,`params`) values (1,2,0,'News Techno','list news','test','','',1,'',0,0,'#INPUT-FIELD#\r\ncontent_categories_id=1,\r\nparent_id=0,\r\ntitle=1,\r\nalias_url=1,\r\nintro_text=1,\r\nfull_text=1,\r\nmeta_key=1,\r\nmeta_desc=1,\r\npublish_up=1,\r\npublish_down=1,\r\nimages=1,\r\nurl=1,\r\nordering=0,\r\npublished=1\r\n#END-INPUT-FORM#\r\n-----\r\n#DISPLAY-FIELD#\r\ncontent_categories_id=1,\r\nparent_id=0,\r\ntitle=0,\r\nalias_url=1,\r\nintro_text=1,\r\nfull_text=1,\r\nmeta_key=1,\r\nmeta_desc=1,\r\npublish_up=1,\r\npublish_down=1,\r\nimages=1,\r\nurl=1,\r\nordering=0,\r\npublished=1\r\n#END-DISPLAY-FIELD#\r\n'),(2,1,0,'List Static','list static','list static content','','',1,'',0,0,'#INPUT-FIELD#\r\ncontent_categories_id=1,\r\nparent_id=0,\r\ntitle=1,\r\nalias_url=1,\r\nintro_text=1,\r\nfull_text=1,\r\nmeta_key=1,\r\nmeta_desc=1,\r\npublish_up=1,\r\npublish_down=1,\r\nimages=1,\r\nurl=1,\r\nordering=0,\r\npublished=1\r\n#END-INPUT-FORM#\r\n-----\r\n#DISPLAY-FIELD#\r\ncontent_categories_id=1,\r\nparent_id=0,\r\ntitle=0,\r\nalias_url=1,\r\nintro_text=1,\r\nfull_text=1,\r\nmeta_key=1,\r\nmeta_desc=1,\r\npublish_up=1,\r\npublish_down=1,\r\nimages=1,\r\nurl=1,\r\nordering=0,\r\npublished=1\r\n#END-DISPLAY-FIELD#\r\n'),(3,2,0,'News Economy','list economy','nes','','',1,'',0,0,'#INPUT-FIELD#\r\ncontent_categories_id=1,\r\nparent_id=0,\r\ntitle=1,\r\nalias_url=1,\r\nintro_text=1,\r\nfull_text=1,\r\nmeta_key=1,\r\nmeta_desc=1,\r\npublish_up=1,\r\npublish_down=1,\r\nimages=1,\r\nurl=1,\r\nordering=0,\r\npublished=1\r\n#END-INPUT-FORM#\r\n-----\r\n#DISPLAY-FIELD#\r\ncontent_categories_id=1,\r\nparent_id=0,\r\ntitle=0,\r\nalias_url=1,\r\nintro_text=1,\r\nfull_text=1,\r\nmeta_key=1,\r\nmeta_desc=1,\r\npublish_up=1,\r\npublish_down=1,\r\nimages=1,\r\nurl=1,\r\nordering=0,\r\npublished=1\r\n#END-DISPLAY-FIELD#\r\n'),(4,3,0,'List Service','List Service','List Service','','',1,'',0,0,'#INPUT-FIELD#\r\ncontent_categories_id=1,\r\nparent_id=0,\r\ntitle=1,\r\nalias_url=1,\r\nintro_text=1,\r\nfull_text=1,\r\nmeta_key=1,\r\nmeta_desc=1,\r\npublish_up=1,\r\npublish_down=1,\r\nimages=1,\r\nurl=1,\r\nordering=0,\r\npublished=1\r\n#END-INPUT-FORM#\r\n-----\r\n#DISPLAY-FIELD#\r\ncontent_categories_id=1,\r\nparent_id=0,\r\ntitle=0,\r\nalias_url=1,\r\nintro_text=1,\r\nfull_text=1,\r\nmeta_key=1,\r\nmeta_desc=1,\r\npublish_up=1,\r\npublish_down=1,\r\nimages=1,\r\nurl=1,\r\nordering=0,\r\npublished=1\r\n#END-DISPLAY-FIELD#\r\n');

/*Table structure for table `swt_content_categories_lang` */

DROP TABLE IF EXISTS `swt_content_categories_lang`;

CREATE TABLE `swt_content_categories_lang` (
  `l_id` int(11) unsigned NOT NULL AUTO_INCREMENT,
  `content_categories_id` tinyint(3) unsigned NOT NULL,
  `lang_id` varchar(6) NOT NULL,
  `l_title` varchar(80) NOT NULL,
  `l_alias_url` varchar(200) NOT NULL,
  `l_description` text NOT NULL,
  PRIMARY KEY (`l_id`),
  KEY `fk_swt_content_categories_lang_swt_languages1_idx` (`lang_id`) USING BTREE,
  KEY `fk_swt_content_categories_lang_swt_content_categories1_idx` (`content_categories_id`) USING BTREE,
  CONSTRAINT `fk_swt_content_categories_lang_swt_content_categories1` FOREIGN KEY (`content_categories_id`) REFERENCES `swt_content_categories` (`id`) ON DELETE CASCADE ON UPDATE NO ACTION,
  CONSTRAINT `fk_swt_content_categories_lang_swt_languages1` FOREIGN KEY (`lang_id`) REFERENCES `swt_languages` (`lang_id`) ON DELETE CASCADE ON UPDATE NO ACTION
) ENGINE=InnoDB DEFAULT CHARSET=utf8 ROW_FORMAT=COMPACT;

/*Data for the table `swt_content_categories_lang` */

/*Table structure for table `swt_content_frontpage` */

DROP TABLE IF EXISTS `swt_content_frontpage`;

CREATE TABLE `swt_content_frontpage` (
  `id` tinyint(3) unsigned NOT NULL AUTO_INCREMENT,
  `content_id` int(11) unsigned NOT NULL,
  `ordering` tinyint(3) unsigned NOT NULL DEFAULT '0',
  PRIMARY KEY (`id`),
  KEY `fk_swt_content_frontpage_swt_content1_idx` (`content_id`) USING BTREE,
  CONSTRAINT `fk_swt_content_frontpage_swt_content1` FOREIGN KEY (`content_id`) REFERENCES `swt_content` (`id`) ON DELETE NO ACTION ON UPDATE NO ACTION
) ENGINE=InnoDB AUTO_INCREMENT=2 DEFAULT CHARSET=utf8 ROW_FORMAT=COMPACT;

/*Data for the table `swt_content_frontpage` */

insert  into `swt_content_frontpage`(`id`,`content_id`,`ordering`) values (1,8,0);

/*Table structure for table `swt_content_lang` */

DROP TABLE IF EXISTS `swt_content_lang`;

CREATE TABLE `swt_content_lang` (
  `l_id` int(11) unsigned NOT NULL AUTO_INCREMENT,
  `content_id` int(11) unsigned NOT NULL,
  `lang_id` varchar(6) NOT NULL,
  `l_title` varchar(100) NOT NULL,
  `l_alias_url` varchar(200) NOT NULL,
  `l_intro_text` mediumtext NOT NULL,
  `l_full_text` text NOT NULL,
  `l_meta_key` mediumtext NOT NULL,
  `l_meta_desc` mediumtext NOT NULL,
  PRIMARY KEY (`l_id`),
  KEY `fk_swt_content_lang_swt_content1_idx` (`content_id`) USING BTREE,
  KEY `fk_swt_content_lang_swt_languages1_idx` (`lang_id`) USING BTREE,
  CONSTRAINT `fk_swt_content_lang_swt_content1` FOREIGN KEY (`content_id`) REFERENCES `swt_content` (`id`) ON DELETE CASCADE ON UPDATE NO ACTION,
  CONSTRAINT `fk_swt_content_lang_swt_languages1` FOREIGN KEY (`lang_id`) REFERENCES `swt_languages` (`lang_id`) ON DELETE CASCADE ON UPDATE NO ACTION
) ENGINE=InnoDB DEFAULT CHARSET=utf8 ROW_FORMAT=COMPACT;

/*Data for the table `swt_content_lang` */

/*Table structure for table `swt_content_section` */

DROP TABLE IF EXISTS `swt_content_section`;

CREATE TABLE `swt_content_section` (
  `id` tinyint(3) unsigned NOT NULL AUTO_INCREMENT,
  `title` varchar(80) NOT NULL,
  `alias_url` varchar(200) NOT NULL DEFAULT '',
  `description` text NOT NULL,
  `image` varchar(255) NOT NULL DEFAULT '',
  `image_position` varchar(30) NOT NULL DEFAULT '',
  `published` tinyint(1) NOT NULL DEFAULT '0',
  `ordering` int(11) NOT NULL DEFAULT '0',
  `access` tinyint(3) unsigned NOT NULL DEFAULT '0',
  `params` text NOT NULL,
  PRIMARY KEY (`id`),
  KEY `cat_idx` (`published`,`access`) USING BTREE,
  KEY `idx_access` (`access`) USING BTREE
) ENGINE=InnoDB AUTO_INCREMENT=4 DEFAULT CHARSET=utf8 ROW_FORMAT=COMPACT;

/*Data for the table `swt_content_section` */

insert  into `swt_content_section`(`id`,`title`,`alias_url`,`description`,`image`,`image_position`,`published`,`ordering`,`access`,`params`) values (1,'Static Content','static','static content','','',1,0,0,'-'),(2,'News','news','news dinamis content','','',1,0,0,'#INPUT-FIELD#\r\ncontent_categories_id=1,\r\nparent_id=0,\r\ntitle=1,\r\nalias_url=1,\r\nintro_text=1,\r\nfull_text=1,\r\nmeta_key=1,\r\nmeta_desc=1,\r\npublish_up=1,\r\npublish_down=1,\r\nimages=1,\r\nurl=1,\r\nordering=0,\r\npublished=1\r\n#END-INPUT-FORM#\r\n-----\r\n#DISPLAY-FIELD#\r\ncontent_categories_id=1,\r\nparent_id=0,\r\ntitle=0,\r\nalias_url=1,\r\nintro_text=1,\r\nfull_text=1,\r\nmeta_key=1,\r\nmeta_desc=1,\r\npublish_up=1,\r\npublish_down=1,\r\nimages=1,\r\nurl=1,\r\nordering=0,\r\npublished=1\r\n#END-DISPLAY-FIELD#'),(3,'Service','service','Service dinamis content','','',1,0,0,'-');

/*Table structure for table `swt_content_section_lang` */

DROP TABLE IF EXISTS `swt_content_section_lang`;

CREATE TABLE `swt_content_section_lang` (
  `l_id` int(11) unsigned NOT NULL AUTO_INCREMENT,
  `content_section_id` tinyint(3) unsigned NOT NULL,
  `lang_id` varchar(6) NOT NULL,
  `l_title` varchar(80) NOT NULL,
  `l_alias_url` varchar(200) NOT NULL,
  `l_description` text NOT NULL,
  PRIMARY KEY (`l_id`),
  KEY `fk_swt_content_categories_lang_swt_languages1_idx` (`lang_id`) USING BTREE,
  KEY `fk_swt_content_section_lang_swt_content_section1_idx` (`content_section_id`) USING BTREE,
  CONSTRAINT `fk_swt_content_categories_lang_swt_languages10` FOREIGN KEY (`lang_id`) REFERENCES `swt_languages` (`lang_id`) ON DELETE CASCADE ON UPDATE NO ACTION,
  CONSTRAINT `fk_swt_content_section_lang_swt_content_section1` FOREIGN KEY (`content_section_id`) REFERENCES `swt_content_section` (`id`) ON DELETE CASCADE ON UPDATE NO ACTION
) ENGINE=InnoDB DEFAULT CHARSET=utf8 ROW_FORMAT=COMPACT;

/*Data for the table `swt_content_section_lang` */

/*Table structure for table `swt_global_options` */

DROP TABLE IF EXISTS `swt_global_options`;

CREATE TABLE `swt_global_options` (
  `option_id` smallint(5) unsigned NOT NULL AUTO_INCREMENT,
  `option_name` varchar(128) NOT NULL,
  `option_value` text NOT NULL,
  PRIMARY KEY (`option_id`)
) ENGINE=InnoDB AUTO_INCREMENT=6 DEFAULT CHARSET=utf8 ROW_FORMAT=COMPACT;

/*Data for the table `swt_global_options` */

insert  into `swt_global_options`(`option_id`,`option_name`,`option_value`) values (1,'siteName','Jogja Mediaca'),(2,'auth_salt','a8b2c870c386bd6134d6f7ffe1e2b50a'),(3,'home_url','http://swevel.com/demo/bbpjn'),(4,'theme','light'),(5,'default_site_controller','site');

/*Table structure for table `swt_hooks` */

DROP TABLE IF EXISTS `swt_hooks`;

CREATE TABLE `swt_hooks` (
  `id` smallint(5) unsigned NOT NULL AUTO_INCREMENT,
  `hook_name` varchar(100) NOT NULL,
  `published` enum('0','1') NOT NULL DEFAULT '1',
  `desc` varchar(255) DEFAULT '',
  PRIMARY KEY (`id`)
) ENGINE=InnoDB DEFAULT CHARSET=utf8 ROW_FORMAT=COMPACT;

/*Data for the table `swt_hooks` */

/*Table structure for table `swt_languages` */

DROP TABLE IF EXISTS `swt_languages`;

CREATE TABLE `swt_languages` (
  `lang_id` varchar(6) NOT NULL,
  `title` varchar(100) NOT NULL DEFAULT '',
  `active` tinyint(1) NOT NULL DEFAULT '0',
  `iso` varchar(20) DEFAULT NULL,
  `code` varchar(20) NOT NULL DEFAULT '',
  `image` varchar(100) DEFAULT NULL,
  `params` text NOT NULL,
  `ordering` int(11) NOT NULL DEFAULT '0',
  PRIMARY KEY (`lang_id`)
) ENGINE=InnoDB DEFAULT CHARSET=utf8 ROW_FORMAT=COMPACT;

/*Data for the table `swt_languages` */

/*Table structure for table `swt_menu` */

DROP TABLE IF EXISTS `swt_menu`;

CREATE TABLE `swt_menu` (
  `id` smallint(5) unsigned NOT NULL AUTO_INCREMENT,
  `group_pages` enum('public','back_office') NOT NULL DEFAULT 'back_office',
  `published` tinyint(1) NOT NULL DEFAULT '0',
  `menu_types_id` tinyint(3) unsigned NOT NULL,
  `menu_type` varchar(75) NOT NULL,
  `name` varchar(100) NOT NULL,
  `srbac_items_task_name` varchar(80) NOT NULL DEFAULT '0',
  `in_use` tinyint(1) unsigned NOT NULL DEFAULT '1',
  `module` varchar(70) NOT NULL DEFAULT '-',
  `controller` varchar(70) NOT NULL,
  `action` varchar(70) NOT NULL,
  `attr_url` varchar(100) NOT NULL DEFAULT '-',
  `url` mediumtext,
  `alias_url` varchar(255) NOT NULL,
  `template` varchar(50) NOT NULL,
  `layout` varchar(30) NOT NULL,
  `com_modules_id` smallint(5) unsigned NOT NULL DEFAULT '0',
  `dest_type` varchar(50) NOT NULL COMMENT 'Destination tipe',
  `dest_id` int(10) unsigned NOT NULL DEFAULT '0' COMMENT 'Destination id (exp: id content)',
  `icon` varchar(50) DEFAULT NULL,
  `parent` int(11) unsigned NOT NULL DEFAULT '0',
  `ordering` int(11) DEFAULT '0',
  `access` varchar(50) NOT NULL DEFAULT '0',
  `params` text NOT NULL,
  `level` tinyint(3) NOT NULL DEFAULT '0',
  `lft` int(11) unsigned NOT NULL DEFAULT '0',
  `rgt` int(11) unsigned NOT NULL DEFAULT '0',
  `home` tinyint(1) unsigned NOT NULL DEFAULT '0',
  PRIMARY KEY (`id`),
  KEY `componentid` (`menu_type`,`published`,`access`) USING BTREE,
  KEY `fk_swt_menu_swt_com_modules1_idx` (`com_modules_id`) USING BTREE,
  KEY `fk_swt_menu_swt_menu_types1_idx` (`menu_types_id`) USING BTREE,
  CONSTRAINT `fk_swt_menu_swt_menu_types1` FOREIGN KEY (`menu_types_id`) REFERENCES `swt_menu_types` (`id`) ON DELETE CASCADE ON UPDATE CASCADE
) ENGINE=InnoDB AUTO_INCREMENT=103 DEFAULT CHARSET=utf8 ROW_FORMAT=COMPACT;

/*Data for the table `swt_menu` */

insert  into `swt_menu`(`id`,`group_pages`,`published`,`menu_types_id`,`menu_type`,`name`,`srbac_items_task_name`,`in_use`,`module`,`controller`,`action`,`attr_url`,`url`,`alias_url`,`template`,`layout`,`com_modules_id`,`dest_type`,`dest_id`,`icon`,`parent`,`ordering`,`access`,`params`,`level`,`lft`,`rgt`,`home`) values (1,'public',1,3,'main_menu','Home','0',1,'-','site','index','-','site/index','home','','',0,'',0,'',0,1,'0','',0,0,0,1),(2,'back_office',1,1,'b_main_menu','Dashboard','0',1,'-','backoffic3','index','','backoffic3/index','dashboard','','',0,'controller_action',0,'dashboard',0,1,'0','',0,0,0,1),(3,'back_office',1,1,'b_main_menu','Kelola Proyek','0',1,'-','-','-','','javascript:void(0);','project','','',0,'no_link',0,'dashboard',0,2,'0','',0,0,0,0),(8,'back_office',1,1,'b_main_menu','Employer','Kelola User',1,'member','admin','adminadd','gid=6&type=action','member/admin/adminadd/6','employer','','',0,'module',0,'dashboard',0,2,'0','',0,0,0,0),(15,'back_office',1,1,'b_main_menu','Kelola Konten','0',1,'-','-','-','-','javascript:void(0);','konten','','',0,'no_link',0,'dashboard',0,5,'0','',0,0,0,0),(17,'back_office',1,1,'b_main_menu','Pesan','0',1,'account','messege','adminmanage','-','account/messege/adminmanage','pesan','','',0,'no_link',0,'dashboard',0,10,'0','',0,0,0,0),(18,'back_office',0,1,'b_main_menu','Support','0',1,'-','-','-','-','javascript:void(0);','support','','',0,'no_link',0,'dashboard',0,6,'0','',0,0,0,0),(19,'back_office',0,1,'b_main_menu','Web Setting','0',1,'-','-','-','-','javascript:void(0);','web-setting','','',0,'no_link',0,'dashboard',0,20,'0','',0,0,0,0),(20,'back_office',1,1,'b_main_menu','Statistik','0',1,'-','-','-','-','javascript:void(0);','statistik','','',0,'no_link',0,'dashboard',0,8,'0','',0,0,0,0),(21,'back_office',0,1,'b_main_menu','Lainnya','0',0,'-','-','-','-','javascript:void(0);','lainnya','','',0,'no_link',0,'dashboard',0,9,'0','',0,0,0,0),(49,'back_office',1,1,'b_main_menu','Kelola Keuangan','0',1,'-','-','-','-','javascript:void(0);','keuangan','','',0,'no_link',0,'dashboard',0,3,'0','',0,0,0,0),(65,'back_office',0,1,'b_main_menu','Logout','0',1,'-','site','logout','','site/logout','logout','','',0,'controller_action',0,'dashboard',0,99,'0','',0,0,0,0),(66,'public',1,3,'main_menu','Artikel','0',1,'-','content','index','sid=2','content/index/sid/2','artikel','','',0,'content_section',0,'dashboard',0,2,'0','',0,0,0,0),(67,'public',1,3,'main_menu','Lowongan','0',1,'vacancy','site','index','-','vacancy','daftar-lowongan-terbaru-politeknik-riau','','',0,'module',0,'dashboard',0,3,'0','',0,0,0,0),(68,'public',1,3,'main_menu','Kontak Kami','0',1,'-','site','contact','','site/contact','pcr-carrer-center-politeknik-riau','','',0,'contact_detail',0,'dashboard',0,5,'0','',0,0,0,0),(72,'public',1,3,'main_menu','Panggilan Tes','0',1,'test','site','index','-','test','panggilan-test','','',0,'module',0,'dashboard',0,4,'0','',0,0,0,0),(73,'public',1,5,'footer_menu','Home','0',1,'-','site','index','','','','','',0,'controller_action',0,'dashboard',0,5,'0','',0,0,0,0),(74,'public',1,5,'footer_menu','Lowongan','0',1,'vacancy','site','index','-','vacancy','vacancy/daftar-lowongan-terbaru-politeknik-riau','','',0,'module',0,'dashboard',0,6,'0','',0,0,0,0),(75,'public',1,5,'footer_menu','Panggilan Tes','0',1,'test','site','index','-','test','panggilan-test','','',0,'module',0,'dashboard',0,7,'0','',0,0,0,0),(76,'public',1,5,'footer_menu','FAQ','0',1,'-','content','view','id=14','content/view/id/14','faq','','',0,'controller_action',0,'',0,8,'0','',0,0,0,0),(77,'public',1,5,'footer_menu','Cara Mendaftar','0',1,'-','site','index','','','cara-mendaftar','','',0,'controller_action',0,'',0,9,'0','',0,0,0,0),(78,'public',1,5,'footer_menu','Konfirmasi Pembayaran','0',1,'finance','confirm','index','-','finance','finance/confirm','','',0,'module',0,'',0,10,'0','',0,0,0,0),(79,'public',1,5,'footer_menu','Kebijakan Privasi','0',1,'-','site','index','','','kebijakan-privasi','','',0,'controller_action',0,'',0,11,'0','',0,0,0,0),(84,'public',1,3,'main_menu','Tentang kami','0',1,'-','content','view','id=1&t=about-us','content/view','tentang-kami','','',0,'content_detil',0,'dashboard',0,14,'0','',0,0,0,0),(85,'back_office',1,1,'b_main_menu','Berita','0',1,'news','admin','adminmanage','-','news/admin/adminmanage','kelolaberita','','',0,'controller_action',0,'dashboard',15,2,'0','',0,0,0,0),(86,'back_office',1,1,'b_main_menu','Kelola Pendanaan Sponsor','0',1,'funding','admin','adminmanage','-','funding/admin/adminmanage','pendanaan-sponsor',' ',' ',0,'no_link',0,'dashboard',49,1,'0',' ',0,0,0,0),(87,'back_office',1,1,'b_main_menu','Kelola Nomor Rekening','0',1,'funding','fundingaccount','adminmanage','-','funding/fundingaccount/adminmanage','nomor-rekening',' ',' ',0,'no_link',0,'dashboard',49,2,'0',' ',0,0,0,0),(88,'back_office',1,1,'b_main_menu','Kelola Daftar Bank','0',1,'funding','bank','adminmanage','-','funding/bank/adminmanage','bank',' ',' ',0,'no_link',0,'dashboard',49,3,'0',' ',0,0,0,0),(89,'back_office',1,1,'b_main_menu','Kelola Proyek Anggota','0',1,'project','admin','adminmanage','-','project/admin/adminmanage','project',' ',' ',0,'no_link',0,'dashboard',3,1,'0',' ',0,0,0,0),(90,'back_office',1,1,'b_main_menu','Kelola Kategori Proyek','0',1,'project','projectcategory','adminmanage','-','project/projectcategory/adminmanage','category-project',' ',' ',0,'no_link',0,'dashboard',3,2,'0',' ',0,0,0,0),(91,'back_office',1,1,'b_main_menu','Kelola Anggota','0',1,'-','-','-','-','javascript:void(0);','member',' ',' ',0,'no_link',0,'dashboard',0,5,'0',' ',0,0,0,0),(92,'back_office',1,1,'b_main_menu','Kelola Anggota','0',1,'account','member','adminmanage','-','account/member/adminmanage','member',' ',' ',0,'no_link',0,'dashboard',91,1,'0',' ',0,0,0,0),(93,'back_office',1,1,'b_main_menu','Kelola Rekomendasi Anggota','0',1,'account','badgesome','adminmanage','-','account/badgesome/adminmanage','badge-member',' ',' ',0,'no_link',0,'dashboard',91,2,'0',' ',0,0,0,0),(94,'back_office',1,1,'b_main_menu','Kelola Rekomendasi','0',1,'account','badge','adminmanage','-','account/badge/adminmanage','badge',' ',' ',0,'no_link',0,'dashboard',91,3,'0',' ',0,0,0,0),(95,'back_office',1,1,'b_main_menu','Kelola Batas Waktu','0',1,'project','timelimit','adminmanage','-','project/timelimit/adminmanage','batas-waktu',' ',' ',0,'no_link',0,'dashboard',3,3,'0',' ',0,0,0,0),(96,'back_office',1,1,'b_main_menu','Kelola Biaya Proyek','0',1,'project','projectcharge','adminmanage','-','project/projectcharge/adminmanage','biaya-proyek',' ',' ',0,'no_link',0,'dashboard',3,4,'0',' ',0,0,0,0),(97,'back_office',1,1,'b_main_menu','Kelola Grup Pengguna','0',1,'account','usersgroup','adminmanage','-','account/usersgroup/adminmanage','grup-pengguna',' ',' ',0,'no_link',0,'dashboard',91,4,'0',' ',0,0,0,0),(98,'back_office',1,1,'b_main_menu','Kelola Lokasi','0',1,'-','-','-','-','javascript:void(0);','lokasi',' ',' ',0,'no_link',0,'dashboard',0,5,'0',' ',0,0,0,0),(99,'back_office',1,1,'b_main_menu','Kelola Kabupaten','0',1,'location','zoneregency','adminmanage','-','location/zoneregency/adminmanage','kabupaten',' ',' ',0,'no_link',0,'dashboard',98,1,'0',' ',0,0,0,0),(100,'back_office',1,1,'b_main_menu','Kelola Propinsi','0',1,'location','zoneprovince','adminmanage','-','location/zoneprovince/adminmanage','propinsi',' ',' ',0,'no_link',0,'dashboard',98,2,'0',' ',0,0,0,0),(101,'back_office',1,1,'b_main_menu','Kelola Negara','0',1,'location','zonecountry','adminmanage','-','location/zonecountry/adminmanage','negara',' ',' ',0,'no_link',0,'dashboard',98,3,'0',' ',0,0,0,0),(102,'back_office',1,1,'b_main_menu','Kelola Institusi','0',1,'location','institutionsome','adminmanage','-','location/institutionsome/adminmanage','institusi',' ',' ',0,'no_link',0,'dashboard',91,5,'0',' ',0,0,0,0);

/*Table structure for table `swt_menu_auth` */

DROP TABLE IF EXISTS `swt_menu_auth`;

CREATE TABLE `swt_menu_auth` (
  `id` smallint(5) unsigned NOT NULL AUTO_INCREMENT,
  `swt_menu_id` smallint(5) unsigned NOT NULL,
  `swt_users_group_id` tinyint(3) unsigned NOT NULL,
  `has_task` tinyint(1) unsigned NOT NULL DEFAULT '0',
  PRIMARY KEY (`id`),
  KEY `FK_swt_menu_auth` (`swt_menu_id`) USING BTREE,
  KEY `FK_swt_menu_auth_vs_user_group` (`swt_users_group_id`) USING BTREE,
  CONSTRAINT `FK_swt_menu_auth` FOREIGN KEY (`swt_menu_id`) REFERENCES `swt_menu` (`id`) ON DELETE CASCADE ON UPDATE CASCADE,
  CONSTRAINT `FK_swt_menu_auth_vs_user_group` FOREIGN KEY (`swt_users_group_id`) REFERENCES `swt_users_group` (`id`) ON DELETE CASCADE ON UPDATE CASCADE
) ENGINE=InnoDB AUTO_INCREMENT=332 DEFAULT CHARSET=utf8 ROW_FORMAT=COMPACT;

/*Data for the table `swt_menu_auth` */

insert  into `swt_menu_auth`(`id`,`swt_menu_id`,`swt_users_group_id`,`has_task`) values (1,2,1,0),(2,2,2,0),(15,2,3,0),(17,2,5,0),(18,2,6,0),(19,2,7,0),(20,2,8,0),(24,3,1,0),(27,15,1,0),(32,17,1,0),(34,18,1,0),(36,19,1,0),(38,20,1,0),(40,21,1,0),(42,49,1,0),(44,65,1,0),(193,2,12,0),(199,17,12,0),(203,20,12,0),(205,15,12,0),(217,3,2,0),(227,15,2,0),(248,17,2,0),(257,18,2,0),(260,19,2,0),(264,20,2,0),(268,49,2,0),(313,76,1,0),(314,85,2,0),(315,86,2,0),(316,87,2,0),(317,88,2,0),(318,89,2,0),(319,90,2,0),(320,91,2,0),(321,93,2,0),(322,94,2,0),(323,92,2,0),(324,95,2,0),(325,96,2,0),(326,97,2,0),(327,98,2,0),(328,99,2,0),(329,100,2,0),(330,101,2,0),(331,102,2,0);

/*Table structure for table `swt_menu_lang` */

DROP TABLE IF EXISTS `swt_menu_lang`;

CREATE TABLE `swt_menu_lang` (
  `l_id` int(11) unsigned NOT NULL AUTO_INCREMENT,
  `menu_id` smallint(5) unsigned NOT NULL,
  `lang_id` varchar(6) NOT NULL,
  `l_name` varchar(100) NOT NULL,
  `l_alias_url` varchar(200) NOT NULL,
  PRIMARY KEY (`l_id`),
  KEY `fk_swt_menu_lang_swt_menu1_idx` (`menu_id`) USING BTREE,
  KEY `fk_swt_menu_lang_swt_languages1_idx` (`lang_id`) USING BTREE,
  CONSTRAINT `fk_swt_menu_lang_swt_languages1` FOREIGN KEY (`lang_id`) REFERENCES `swt_languages` (`lang_id`) ON DELETE CASCADE ON UPDATE NO ACTION,
  CONSTRAINT `fk_swt_menu_lang_swt_menu1` FOREIGN KEY (`menu_id`) REFERENCES `swt_menu` (`id`) ON DELETE CASCADE ON UPDATE CASCADE
) ENGINE=InnoDB DEFAULT CHARSET=utf8 ROW_FORMAT=COMPACT;

/*Data for the table `swt_menu_lang` */

/*Table structure for table `swt_menu_types` */

DROP TABLE IF EXISTS `swt_menu_types`;

CREATE TABLE `swt_menu_types` (
  `id` tinyint(3) unsigned NOT NULL AUTO_INCREMENT,
  `group_type` enum('back_office','public') NOT NULL DEFAULT 'back_office',
  `menu_type` varchar(75) NOT NULL DEFAULT '',
  `title` varchar(255) NOT NULL DEFAULT '',
  `description` varchar(255) NOT NULL DEFAULT '',
  PRIMARY KEY (`id`)
) ENGINE=InnoDB AUTO_INCREMENT=8 DEFAULT CHARSET=utf8 ROW_FORMAT=COMPACT;

/*Data for the table `swt_menu_types` */

insert  into `swt_menu_types`(`id`,`group_type`,`menu_type`,`title`,`description`) values (1,'back_office','b_main_menu','Main Menu',''),(3,'public','main_menu','Main Menu',''),(4,'public','user_menu','User Menu',''),(5,'public','footer_menu','Footer Menu',''),(6,'back_office','b_footer_menu','Footer Menu','Back Office Footer Menu'),(7,'public','sub_main_menu','Sub Main Menu','');

/*Table structure for table `swt_msg_source` */

DROP TABLE IF EXISTS `swt_msg_source`;

CREATE TABLE `swt_msg_source` (
  `id` int(10) unsigned NOT NULL AUTO_INCREMENT,
  `category` varchar(32) NOT NULL,
  `message` text NOT NULL,
  PRIMARY KEY (`id`)
) ENGINE=InnoDB DEFAULT CHARSET=utf8 ROW_FORMAT=COMPACT;

/*Data for the table `swt_msg_source` */

/*Table structure for table `swt_msg_translation` */

DROP TABLE IF EXISTS `swt_msg_translation`;

CREATE TABLE `swt_msg_translation` (
  `id_message` int(10) unsigned NOT NULL AUTO_INCREMENT,
  `id` int(10) unsigned NOT NULL,
  `language` char(2) NOT NULL,
  `translation` text NOT NULL,
  PRIMARY KEY (`id_message`),
  UNIQUE KEY `id` (`id`) USING BTREE,
  KEY `kode_translasi` (`language`,`translation`(50)) USING BTREE,
  KEY `fk_id_smbr_bhs_translasi` (`id`) USING BTREE,
  CONSTRAINT `fk_id_smbr_bhs_translasi` FOREIGN KEY (`id`) REFERENCES `swt_msg_source` (`id`) ON DELETE NO ACTION ON UPDATE NO ACTION
) ENGINE=InnoDB DEFAULT CHARSET=utf8 ROW_FORMAT=COMPACT;

/*Data for the table `swt_msg_translation` */

/*Table structure for table `swt_srbac_assignments` */

DROP TABLE IF EXISTS `swt_srbac_assignments`;

CREATE TABLE `swt_srbac_assignments` (
  `itemname` varchar(64) NOT NULL,
  `userid` varchar(64) NOT NULL,
  `bizrule` text,
  `data` text,
  PRIMARY KEY (`itemname`,`userid`)
) ENGINE=InnoDB DEFAULT CHARSET=utf8 ROW_FORMAT=COMPACT;

/*Data for the table `swt_srbac_assignments` */

/*Table structure for table `swt_srbac_itemchild` */

DROP TABLE IF EXISTS `swt_srbac_itemchild`;

CREATE TABLE `swt_srbac_itemchild` (
  `parent` varchar(64) NOT NULL,
  `child` varchar(64) NOT NULL,
  PRIMARY KEY (`parent`,`child`),
  KEY `child` (`child`) USING BTREE
) ENGINE=InnoDB DEFAULT CHARSET=utf8 ROW_FORMAT=COMPACT;

/*Data for the table `swt_srbac_itemchild` */

/*Table structure for table `swt_srbac_itemchildren` */

DROP TABLE IF EXISTS `swt_srbac_itemchildren`;

CREATE TABLE `swt_srbac_itemchildren` (
  `parent` varchar(64) NOT NULL,
  `child` varchar(64) NOT NULL,
  PRIMARY KEY (`parent`,`child`),
  KEY `child` (`child`) USING BTREE
) ENGINE=InnoDB DEFAULT CHARSET=utf8 ROW_FORMAT=COMPACT;

/*Data for the table `swt_srbac_itemchildren` */

/*Table structure for table `swt_srbac_items` */

DROP TABLE IF EXISTS `swt_srbac_items`;

CREATE TABLE `swt_srbac_items` (
  `name` varchar(64) NOT NULL,
  `type` int(11) NOT NULL,
  `description` text,
  `bizrule` text,
  `data` text,
  PRIMARY KEY (`name`)
) ENGINE=InnoDB DEFAULT CHARSET=utf8 ROW_FORMAT=COMPACT;

/*Data for the table `swt_srbac_items` */

/*Table structure for table `swt_sub_menu_admin` */

DROP TABLE IF EXISTS `swt_sub_menu_admin`;

CREATE TABLE `swt_sub_menu_admin` (
  `id` smallint(5) unsigned NOT NULL AUTO_INCREMENT,
  `group_type` enum('admin_sweeto','back_office') NOT NULL DEFAULT 'back_office',
  `module` varchar(80) NOT NULL DEFAULT '-',
  `controller` varchar(100) NOT NULL,
  `action` varchar(100) NOT NULL,
  `enabled` tinyint(1) NOT NULL DEFAULT '1',
  `menu` varchar(50) NOT NULL,
  `position` varchar(15) NOT NULL DEFAULT 'left',
  `ordering` tinyint(2) unsigned NOT NULL DEFAULT '1',
  `icon` varchar(16) NOT NULL,
  `class` varchar(30) NOT NULL DEFAULT '-',
  `url` varchar(100) NOT NULL DEFAULT 'javascript:void(0);',
  `dialog` enum('0','1') NOT NULL DEFAULT '0',
  `attr` varchar(200) NOT NULL DEFAULT '-',
  PRIMARY KEY (`id`)
) ENGINE=InnoDB AUTO_INCREMENT=108 DEFAULT CHARSET=utf8 ROW_FORMAT=COMPACT;

/*Data for the table `swt_sub_menu_admin` */

insert  into `swt_sub_menu_admin`(`id`,`group_type`,`module`,`controller`,`action`,`enabled`,`menu`,`position`,`ordering`,`icon`,`class`,`url`,`dialog`,`attr`) values (1,'admin_sweeto','-','submenuadmin','adminmanage',1,'Search','right',1,'','search-button','javascript:void(0);','0','-'),(2,'admin_sweeto','-','submenuadmin','adminedit,adminadd,adminview',1,'Back to Manage','right',2,'','-','submenuadmin/adminmanage','0','-'),(3,'admin_sweeto','-','submenuadmin','adminmanage',1,'Add','left',1,'','-','submenuadmin/adminadd','0','-'),(4,'admin_sweeto','-','menu','adminmanage',1,'Search','right',1,'','search-button','javascript:void(0);','0','-'),(5,'admin_sweeto','-','menu','adminmanage',1,'Add Menu','left',1,'','-','menu/adminadd','0','Menu[menu_type]=$_GET*Menu*menu_type,tid=$_GET*tid'),(6,'admin_sweeto','-','menu','adminedit,adminadd,adminview',1,'Back to Manage','right',1,'','-','menu/adminmanage','0','Menu[menu_type]=$_GET*Menu*menu_type,tid=$_GET*tid'),(7,'admin_sweeto','-','users','adminmanage',1,'Search','right',1,'','search-button','javascript:void(0);','0','-'),(8,'admin_sweeto','-','users','adminedit,adminadd,adminview',1,'Back to Manage','right',1,'','-','users/adminmanage','0','-'),(9,'admin_sweeto','-','users','adminmanage',1,'Add User','left',1,'','-','users/adminadd','0','-'),(10,'admin_sweeto','-','usersgroup','adminmanage',1,'Search','right',1,'','search-button','javascript:void(0);','0','-'),(11,'admin_sweeto','-','usersgroup','adminedit,adminadd,adminview',1,'Back to Manage','right',1,'','-','usersgroup/adminmanage','0','-'),(12,'admin_sweeto','-','usersgroup','adminmanage',1,'Add User Group','left',1,'','600','usersgroup/adminadd','1','-'),(13,'admin_sweeto','-','menutypes','adminmanage',1,'Search','right',1,'','search-button','javascript:void(0);','0','-'),(14,'admin_sweeto','-','menutypes','adminedit,adminadd,adminview',1,'Back to Manage','right',1,'','-','menutypes/adminmanage','0','-'),(15,'admin_sweeto','-','menutypes','adminmanage',1,'Add Menu Type','left',1,'','600','menutypes/adminadd','1','-'),(16,'admin_sweeto','-','content','adminmanage',1,'Search','right',1,'','search-button','javascript:void(0);','0','-'),(17,'admin_sweeto','-','content','adminedit,adminadd,adminview',1,'Back to Manage','right',1,'','-','content/adminmanage','0','-'),(18,'admin_sweeto','-','content','adminmanage',1,'Add Content','left',1,'','-','content/adminadd','0','-'),(19,'admin_sweeto','-','contentcategories','adminmanage',1,'Search','right',1,'','search-button','javascript:void(0);','0','-'),(20,'admin_sweeto','-','contentcategories','adminedit,adminadd,adminview',1,'Kembali ke kelola','right',1,'','-','contentcategories/adminmanage','0','-'),(21,'admin_sweeto','-','contentcategories','adminmanage',1,'Tambah konten kategori','left',1,'','-','contentcategories/adminadd','0','-'),(22,'admin_sweeto','-','contentsection','adminmanage',1,'Search','right',1,'','search-button','javascript:void(0);','0','-'),(23,'admin_sweeto','-','contentsection','adminedit,adminadd,adminview',1,'Back to Manage','right',1,'','-','contentsection/adminmanage','0','-'),(24,'admin_sweeto','-','contentsection','adminmanage',1,'Add Section','left',1,'','-','contentsection/adminadd','0','-'),(25,'admin_sweeto','-','hooks','adminmanage',1,'Search','right',1,'','search-button','javascript:void(0);','0','-'),(26,'admin_sweeto','-','hooks','adminedit,adminadd,adminview',1,'Back to Manage','right',1,'','-','hooks/adminmanage','0','-'),(27,'admin_sweeto','-','hooks','adminmanage',1,'Add Hook','left',1,'','-','hooks/adminadd','0','-'),(28,'admin_sweeto','-','modules','adminmanage',1,'Search','right',1,'','search-button','javascript:void(0);','0','-'),(29,'admin_sweeto','-','modules','adminedit,adminadd,adminview',1,'Back to Manage','right',1,'','-','modules/adminmanage','0','-'),(30,'admin_sweeto','-','modules','adminmanage',1,'Add Module','left',1,'','-','modules/adminadd','0','-'),(31,'admin_sweeto','-','widgets','adminmanage',1,'Search','right',1,'','search-button','javascript:void(0);','0','-'),(32,'admin_sweeto','-','widgets','adminedit,adminadd,adminview',1,'Back to Manage','right',1,'','-','widgets/adminmanage','0','-'),(33,'admin_sweeto','-','widgets','adminmanage',1,'Add Widget','left',1,'','-','widgets/adminadd','0','-'),(34,'admin_sweeto','-','extensions','adminmanage',1,'Search','right',1,'','search-button','javascript:void(0);','0','-'),(35,'admin_sweeto','-','extensions','adminedit,adminadd,adminview',1,'Back to Manage','right',1,'','-','extensions/adminmanage','0','-'),(36,'admin_sweeto','-','extensions','adminmanage',1,'Add extension','left',1,'','-','extensions/adminadd','0','-'),(37,'admin_sweeto','-','languages','adminmanage',1,'Search','right',1,'','search-button','javascript:void(0);','0','-'),(38,'admin_sweeto','-','languages','adminedit,adminadd,adminview',1,'Back to Manage','right',1,'','-','languages/adminmanage','0','-'),(39,'admin_sweeto','-','languages','adminmanage',1,'Add Language','left',1,'','-','languages/adminadd','0','-'),(40,'admin_sweeto','-','msgtranslation','adminmanage',1,'Search','right',1,'','search-button','javascript:void(0);','0','-'),(41,'admin_sweeto','-','msgtranslation','adminedit,adminadd,adminview',1,'Back to Manage','right',1,'','-','msgtranslation/adminmanage','0','-'),(42,'admin_sweeto','-','msgtranslation','adminmanage',1,'Add Message Transaltion','left',1,'','-','msgtranslation/adminadd','0','-'),(43,'admin_sweeto','-','templates','adminmanage',1,'Search','right',1,'','search-button','javascript:void(0);','0','-'),(44,'admin_sweeto','-','templates','adminedit,adminadd,adminview',1,'Back to Manage','right',1,'','-','templates/adminmanage','0','-'),(45,'admin_sweeto','-','templates','adminmanage',1,'Add Template','left',1,'','-','templates/adminadd','0','-'),(46,'admin_sweeto','-','globaloptions','adminmanage',1,'Search','right',1,'','search-button','javascript:void(0);','0','-'),(47,'admin_sweeto','-','globaloptions','adminedit,adminadd,adminview',1,'Back to Manage','right',1,'','-','globaloptions/adminmanage','0','-'),(48,'admin_sweeto','-','globaloptions','adminmanage',1,'Add Global Options','left',1,'','-','globaloptions/adminadd','0','-'),(49,'admin_sweeto','-','contentsection','adminview',1,'Update','left',1,'','-','contentsection/adminedit','0','id=$_GET*id'),(50,'back_office','-','content','adminmanage',1,'Tambah Artikel','left',1,'','-','content/adminadd','0','sid=$_GET*sid'),(51,'back_office','-','content','adminmanage',0,'Cari','right',1,'','search-button','javascript:void(0);','0','-'),(52,'back_office','-','content','adminedit,adminadd,adminview',1,'Kembali ke kelola','right',1,'','-','content/adminmanage','0','sid=$_GET*sid'),(53,'back_office','-','content','adminview',1,'Ubah','left',1,'','-','content/adminedit','0','id=$_GET*id,sid=$_GET*sid'),(62,'admin_sweeto','-','users','adminedit',1,'View','left',1,'','-','users/adminview','0','id=$_GET*id'),(63,'admin_sweeto','-','users','adminview',1,'Update','left',1,'','-','users/adminedit','0','id=$_GET*id'),(64,'admin_sweeto','-','submenuadmin','adminedit',1,'View','left',1,'','-','submenuadmin/adminview','0','id=$_GET*id'),(65,'admin_sweeto','-','submenuadmin','adminview',1,'Update','left',1,'','-','submenuadmin/adminedit','0','id=$_GET*id'),(66,'admin_sweeto','-','menu','adminview',1,'Update','left',1,'','-','menu/adminedit','0','id=$_GET*id,Menu[menu_type]=$_GET*Menu*menu_type,tid=$_GET*tid'),(67,'admin_sweeto','-','menu','adminedit',1,'View','left',1,'','-','menu/adminview','0','id=$_GET*id,Menu[menu_type]=$_GET*Menu*menu_type,tid=$_GET*tid'),(68,'admin_sweeto','-','content','adminview',1,'Update','left',1,'','-','content/adminedit','0','id=$_GET*id,sid=$_GET*sid'),(69,'admin_sweeto','-','content','adminedit',1,'View','left',1,'','-','content/adminview','0','id=$_GET*id,sid=$_GET*sid'),(70,'admin_sweeto','-','contentcategories','adminview',1,'Ubah konten kategori','left',1,'','-','contentcategories/adminedit','0','id=$_GET*id'),(71,'admin_sweeto','-','contentcategories','adminedit',1,'Lihat konten kategori','left',1,'','-','contentcategories/adminview','0','id=$_GET*id'),(73,'admin_sweeto','-','contentsection','adminedit',1,'View','left',1,'','-','contentsection/adminview','0','id=$_GET*id'),(74,'admin_sweeto','-','globaloptions','adminview',1,'Update','left',1,'','-','globaloptions/adminedit','0','id=$_GET*id'),(75,'admin_sweeto','-','globaloptions','adminedit',1,'View','left',1,'','-','globaloptions/adminview','0','id=$_GET*id'),(76,'admin_sweeto','-','templates','adminview',1,'Update','left',1,'','-','templates/adminedit','0','id=$_GET*id'),(77,'admin_sweeto','-','templates','adminedit',1,'View','left',1,'','-','templates/adminview','0','id=$_GET*id'),(78,'admin_sweeto','-','contentfrontpage','adminmanage',1,'Add Frontpage','left',1,'','-','contentfrontpage/adminadd','0','-'),(79,'admin_sweeto','-','contentfrontpage','adminedit,adminadd,adminview',1,'Back to Manage','right',1,'','-','contentfrontpage/adminmanage','0','-'),(80,'admin_sweeto','-','contentfrontpage','adminview',1,'Update','left',1,'','-','contentfrontpage/adminedit','0','id=$_GET*id'),(81,'admin_sweeto','-','contentfrontpage','adminedit',1,'View','left',1,'','-','contentfrontpage/adminview','0','id=$_GET*id'),(82,'admin_sweeto','-','modules','adminview',1,'Update','left',1,'','-','modules/adminedit','0','id=$_GET*id'),(83,'admin_sweeto','-','modules','adminedit',1,'View','left',1,'','-','modules/adminview','0','id=$_GET*id'),(84,'admin_sweeto','-','hooks','adminview',1,'Update','left',1,'','-','hooks/adminedit','0','id=$_GET*id'),(85,'admin_sweeto','-','hooks','adminedit',1,'View','left',1,'','-','hooks/adminview','0','id=$_GET*id'),(86,'admin_sweeto','-','widgets','adminview',1,'Update','left',1,'','-','widgets/adminedit','0','id=$_GET*id'),(87,'admin_sweeto','-','widgets','adminedit',1,'View','left',1,'','-','widgets/adminview','0','id=$_GET*id'),(88,'admin_sweeto','-','extensions','adminview',1,'Update','left',1,'','-','extensions/adminedit','0','id=$_GET*id'),(89,'admin_sweeto','-','extensions','adminedit',1,'View','left',1,'','-','extensions/adminview','0','id=$_GET*id'),(92,'back_office','-','content','adminedit',1,'Lihat','left',1,'','-','content/adminview','0','id=$_GET*id,sid=$_GET*sid'),(93,'back_office','-','contentcategories','adminedit,adminadd,adminview',1,'Kembali ke kelola','right',1,'','-','contentcategories/adminmanage','0','-'),(94,'back_office','-','contentcategories','adminmanage',1,'Tambah konten kategori','left',1,'','-','contentcategories/adminadd','0',''),(95,'back_office','-','contentcategories','adminmanage',1,'Cari','right',1,'','search-button','javascript:void(0);','0','-'),(96,'back_office','-','contentcategories','adminview',1,'Ubah konten kategori','left',1,'','-','contentcategories/adminedit','0','id=$_GET*id'),(97,'back_office','-','contentcategories','adminedit',1,'Lihat konten kategori','left',1,'','-','contentcategories/adminview','0','id=$_GET*id'),(98,'back_office','-','templates','adminview',1,'Ubah','left',1,'','-','templates/adminedit','0','id=$_GET*id'),(99,'back_office','-','templates','adminedit',1,'Lihat','left',1,'','-','templates/adminview','0','id=$_GET*id'),(100,'back_office','-','templates','adminedit,adminview',1,'Kembali ke kelola','right',1,'','-','templates/adminmanage','0','-'),(101,'back_office','-','modules','adminedit,adminview',1,'Kembali ke kelola','right',1,'','-','modules/adminmanage','0','-'),(102,'back_office','-','modules','adminview',1,'Ubah','left',1,'','-','modules/adminedit','0','id=$_GET*id'),(103,'back_office','-','modules','adminedit',1,'Lihat','left',1,'','-','modules/adminview','0','id=$_GET*id'),(104,'back_office','-','languages','adminedit,adminadd,adminview',1,'Kembali ke kelola','right',1,'','-','languages/adminmanage','0','-'),(105,'back_office','-','languages','adminview',1,'Ubah','left',1,'','-','languages/adminedit','0','id=$_GET*id'),(106,'back_office','-','languages','adminedit',1,'Lihat','left',1,'','-','languages/adminview','0','id=$_GET*id'),(107,'back_office','-','languages','adminmanage',1,'Tambah Bahasa','right',1,'','-','languages/adminadd','0','id=$_GET*id');

/*Table structure for table `swt_templates` */

DROP TABLE IF EXISTS `swt_templates`;

CREATE TABLE `swt_templates` (
  `id` smallint(5) unsigned NOT NULL AUTO_INCREMENT,
  `group_page` enum('admin_sweeto','back_office','public') NOT NULL DEFAULT 'public',
  `default_theme` enum('0','1') NOT NULL DEFAULT '0',
  `template` varchar(100) NOT NULL,
  `layout` varchar(60) NOT NULL DEFAULT 'defaults',
  `path_folder` varchar(100) NOT NULL,
  `thumbnail` varchar(200) NOT NULL,
  PRIMARY KEY (`id`)
) ENGINE=InnoDB AUTO_INCREMENT=4 DEFAULT CHARSET=utf8 ROW_FORMAT=COMPACT;

/*Data for the table `swt_templates` */

insert  into `swt_templates`(`id`,`group_page`,`default_theme`,`template`,`layout`,`path_folder`,`thumbnail`) values (1,'admin_sweeto','1','sweeto_classic','sweeto','sweeto_classic',''),(2,'back_office','1','office_classic','admin_default','office_classic',''),(3,'public','1','idea_connect','front_default','idea_connect','');

/*Table structure for table `swt_users` */

DROP TABLE IF EXISTS `swt_users`;

CREATE TABLE `swt_users` (
  `id` int(11) unsigned NOT NULL AUTO_INCREMENT,
  `users_group_id` tinyint(3) unsigned NOT NULL,
  `actived` tinyint(1) unsigned NOT NULL DEFAULT '1',
  `name` varchar(255) DEFAULT NULL,
  `username` varchar(150) NOT NULL,
  `password` varchar(100) NOT NULL,
  `email` varchar(100) NOT NULL DEFAULT '',
  `block` tinyint(4) NOT NULL DEFAULT '0',
  `register_date` datetime NOT NULL,
  `last_visit_date` datetime NOT NULL DEFAULT '0000-00-00 00:00:00',
  `activation` varchar(100) DEFAULT '',
  `activation_date` datetime DEFAULT NULL,
  `is_online` tinyint(1) unsigned NOT NULL DEFAULT '0',
  `photo` varchar(80) DEFAULT '',
  `params` text NOT NULL,
  `initiator_rating` decimal(5,2) unsigned NOT NULL DEFAULT '50.00',
  `address` text,
  `rating` decimal(6,2) unsigned DEFAULT NULL,
  `regency_id` smallint(5) unsigned DEFAULT NULL,
  `province_id` smallint(5) unsigned DEFAULT NULL,
  `country_id` char(2) DEFAULT NULL,
  `postcode` smallint(5) unsigned DEFAULT NULL,
  `house_phone` varchar(15) DEFAULT NULL,
  `mobile_no` varchar(15) DEFAULT '',
  `birth_place_id` smallint(5) unsigned DEFAULT NULL,
  `birth_place_none` varchar(50) DEFAULT NULL COMMENT 'kalo nggak ada  pilihan kotanya (auto complete)',
  `birth_date` date DEFAULT NULL,
  `is_male` tinyint(3) unsigned DEFAULT NULL COMMENT '1=co, 0=ce',
  `religion_id` tinyint(3) unsigned DEFAULT NULL,
  `last_education_name` varchar(255) DEFAULT NULL COMMENT 'SMAN 3 Yogyakarta (diisi khusus jika bukan universitas)',
  `university_id` int(10) unsigned DEFAULT NULL,
  `university_name` varchar(80) DEFAULT NULL,
  `faculty_id` smallint(5) unsigned DEFAULT NULL COMMENT 'kalo nggak terdaftar jurusannnya',
  `faculty_name` varchar(50) DEFAULT NULL,
  `major_id` smallint(5) unsigned DEFAULT NULL,
  `major_name` varchar(80) DEFAULT NULL COMMENT 'jika tidak ada jurusan',
  `last_education_degree_id` tinyint(3) unsigned DEFAULT NULL,
  `last_education_city_id` smallint(5) unsigned DEFAULT NULL,
  `last_education_province_id` smallint(5) unsigned DEFAULT NULL,
  `project_sponsored_progress` smallint(5) unsigned NOT NULL DEFAULT '0',
  `project_sponsored_success` smallint(5) unsigned NOT NULL DEFAULT '0',
  `project_sponsored_failed` smallint(5) unsigned NOT NULL DEFAULT '0',
  `project_initiated_progress` smallint(5) unsigned NOT NULL DEFAULT '0',
  `project_initiated_success` smallint(5) unsigned NOT NULL DEFAULT '0',
  `project_initiated_failed` smallint(5) unsigned NOT NULL DEFAULT '0',
  `ugm_engineering_status_id` tinyint(3) unsigned DEFAULT NULL,
  PRIMARY KEY (`id`),
  KEY `idx_name` (`name`) USING BTREE,
  KEY `gid_block` (`block`) USING BTREE,
  KEY `username` (`username`) USING BTREE,
  KEY `email` (`email`) USING BTREE,
  KEY `fk_swt_users_swt_users_group1_idx` (`users_group_id`) USING BTREE,
  KEY `fk_regency_id_user` (`regency_id`) USING BTREE,
  KEY `fk_province_id_user` (`province_id`) USING BTREE,
  KEY `fk_birth_place_id` (`birth_place_id`) USING BTREE,
  KEY `fk_last_education_city_id_user` (`last_education_city_id`) USING BTREE,
  KEY `fk_last_education_province_id_user` (`last_education_province_id`) USING BTREE,
  KEY `fk_university_id_user` (`university_id`) USING BTREE,
  KEY `fk_major_id_user` (`major_id`) USING BTREE,
  KEY `fk_faculty_id` (`faculty_id`) USING BTREE,
  KEY `fk_religion_id_user` (`religion_id`) USING BTREE,
  KEY `fk_last_education_degree_id_user` (`last_education_degree_id`) USING BTREE,
  KEY `fk_country_id_user` (`country_id`) USING BTREE,
  KEY `fk_ugm_engineering_status_id` (`ugm_engineering_status_id`) USING BTREE,
  CONSTRAINT `fk_birth_place_id` FOREIGN KEY (`birth_place_id`) REFERENCES `ic_zone_regency` (`id`) ON DELETE SET NULL ON UPDATE CASCADE,
  CONSTRAINT `fk_country_id_user` FOREIGN KEY (`country_id`) REFERENCES `ic_zone_country` (`code`) ON DELETE SET NULL ON UPDATE CASCADE,
  CONSTRAINT `fk_last_education_city_id_user` FOREIGN KEY (`last_education_city_id`) REFERENCES `ic_zone_regency` (`id`) ON DELETE SET NULL ON UPDATE CASCADE,
  CONSTRAINT `fk_last_education_degree_id_user` FOREIGN KEY (`last_education_degree_id`) REFERENCES `ic_edu_degree` (`id`) ON DELETE SET NULL ON UPDATE CASCADE,
  CONSTRAINT `fk_last_education_province_id_user` FOREIGN KEY (`last_education_province_id`) REFERENCES `ic_zone_province` (`id`) ON DELETE SET NULL ON UPDATE CASCADE,
  CONSTRAINT `fk_major_id_user` FOREIGN KEY (`major_id`) REFERENCES `ic_edu_major` (`id`) ON DELETE SET NULL ON UPDATE CASCADE,
  CONSTRAINT `fk_province_id_user` FOREIGN KEY (`province_id`) REFERENCES `ic_zone_province` (`id`) ON DELETE SET NULL ON UPDATE CASCADE,
  CONSTRAINT `fk_regency_id_user` FOREIGN KEY (`regency_id`) REFERENCES `ic_zone_regency` (`id`) ON DELETE SET NULL ON UPDATE CASCADE,
  CONSTRAINT `fk_religion_id_user` FOREIGN KEY (`religion_id`) REFERENCES `ic_religion` (`id`) ON DELETE SET NULL ON UPDATE CASCADE,
  CONSTRAINT `fk_swt_users_swt_users_group1` FOREIGN KEY (`users_group_id`) REFERENCES `swt_users_group` (`id`) ON DELETE CASCADE ON UPDATE CASCADE,
  CONSTRAINT `fk_ugm_engineering_status_id` FOREIGN KEY (`ugm_engineering_status_id`) REFERENCES `ic_ugm_engineering_status` (`id`) ON DELETE SET NULL ON UPDATE CASCADE,
  CONSTRAINT `fk_university_id_user` FOREIGN KEY (`university_id`) REFERENCES `ic_edu_university` (`id`) ON DELETE SET NULL ON UPDATE CASCADE
) ENGINE=InnoDB AUTO_INCREMENT=11 DEFAULT CHARSET=utf8 ROW_FORMAT=COMPACT;

/*Data for the table `swt_users` */

insert  into `swt_users`(`id`,`users_group_id`,`actived`,`name`,`username`,`password`,`email`,`block`,`register_date`,`last_visit_date`,`activation`,`activation_date`,`is_online`,`photo`,`params`,`initiator_rating`,`address`,`rating`,`regency_id`,`province_id`,`country_id`,`postcode`,`house_phone`,`mobile_no`,`birth_place_id`,`birth_place_none`,`birth_date`,`is_male`,`religion_id`,`last_education_name`,`university_id`,`university_name`,`faculty_id`,`faculty_name`,`major_id`,`major_name`,`last_education_degree_id`,`last_education_city_id`,`last_education_province_id`,`project_sponsored_progress`,`project_sponsored_success`,`project_sponsored_failed`,`project_initiated_progress`,`project_initiated_success`,`project_initiated_failed`,`ugm_engineering_status_id`) values (7,1,1,'Super Admin Sweeto','s_adminsweeto','9062ada4faec238cdafb02911e0b8f9f','dmitri.mahayana@gmail.com',0,'2012-08-08 00:00:00','2012-08-08 00:00:00','1','0000-00-00 00:00:00',0,'user-7.jpg','\'\'','50.00','Jalan Hambalang',NULL,7,30,'id',55443,'0336623827','08567812345',1,NULL,'2013-07-01',1,1,NULL,1086,NULL,4,NULL,10,NULL,4,25,3,0,0,0,9989,20,1,NULL),(8,2,1,'Admin Back Office','admin_bo','9062ada4faec238cdafb02911e0b8f9f','sugimisbah@gmail.com',0,'2012-07-31 05:57:05','2012-07-31 05:57:05','1','0000-00-00 00:00:00',0,'user-8.png','\'\'','50.00','Jalan Wisma Atlet',NULL,1,1,'id',56323,'','08182345699',1,NULL,'2013-07-01',1,1,NULL,1,NULL,4,NULL,10,NULL,4,25,3,0,0,0,1,0,0,NULL),(10,3,1,'Emella','emella_lorena','e9e165c8fa6311677ef8ce2b0489fec3','de2.mit.goekiel.tc@gmail.com',0,'2013-07-22 10:20:19','0000-00-00 00:00:00','1','2013-07-22 10:20:26',0,'','\'\'','50.00','Jalan Bahari',NULL,95,27,'id',54332,'','08234445565',9,NULL,'2013-07-23',0,4,NULL,1,NULL,4,NULL,10,NULL,4,25,3,432,16,0,0,0,0,NULL);

/*Table structure for table `swt_users_group` */

DROP TABLE IF EXISTS `swt_users_group`;

CREATE TABLE `swt_users_group` (
  `id` tinyint(3) unsigned NOT NULL AUTO_INCREMENT,
  `name` varchar(50) NOT NULL DEFAULT '',
  `params` mediumtext,
  `group_name` varchar(30) DEFAULT NULL,
  `group_login` enum('admin_sweeto','back_office') DEFAULT 'back_office',
  PRIMARY KEY (`id`)
) ENGINE=InnoDB AUTO_INCREMENT=4 DEFAULT CHARSET=utf8 ROW_FORMAT=COMPACT;

/*Data for the table `swt_users_group` */

insert  into `swt_users_group`(`id`,`name`,`params`,`group_name`,`group_login`) values (1,'Admin Sweeto','',NULL,NULL),(2,'Admin',NULL,NULL,NULL),(3,'Member',NULL,NULL,NULL);

/*Table structure for table `swt_web_option` */

DROP TABLE IF EXISTS `swt_web_option`;

CREATE TABLE `swt_web_option` (
  `id_option` tinyint(1) unsigned zerofill NOT NULL,
  `web_title` varchar(128) NOT NULL,
  `meta_keyword` varchar(155) NOT NULL,
  `meta_description` varchar(155) NOT NULL,
  `email_admin` varchar(256) NOT NULL,
  `format_date` varchar(50) NOT NULL COMMENT 'Opsi :\\nJuly 11, 2010; \\n2010/07/11; \\n07/11/2010; \\n11/07/2010  ',
  `max_news_per_page` tinyint(3) unsigned NOT NULL,
  `max_menu_per_page` tinyint(3) unsigned NOT NULL,
  `status_web` enum('0','1') NOT NULL DEFAULT '0' COMMENT '0 = underctruction , 1= aktif',
  `teks_under_construction` varchar(255) NOT NULL,
  PRIMARY KEY (`id_option`),
  KEY `title_meta` (`web_title`,`meta_keyword`(50),`meta_description`(50)) USING BTREE,
  KEY `max_page` (`max_news_per_page`) USING BTREE
) ENGINE=InnoDB DEFAULT CHARSET=utf8 ROW_FORMAT=COMPACT;

/*Data for the table `swt_web_option` */

/*Table structure for table `try` */

DROP TABLE IF EXISTS `try`;

CREATE TABLE `try` (
  `id` int(10) unsigned NOT NULL AUTO_INCREMENT,
  `try` varchar(255) DEFAULT NULL,
  PRIMARY KEY (`id`)
) ENGINE=InnoDB DEFAULT CHARSET=utf8;

/*Data for the table `try` */

/* Trigger structure for table `checkval` */

DELIMITER $$

/*!50003 DROP TRIGGER*//*!50032 IF EXISTS */ /*!50003 `sd` */$$

/*!50003 CREATE */ /*!50017 DEFINER = 'ecc2'@'%' */ /*!50003 TRIGGER `sd` BEFORE INSERT ON `checkval` FOR EACH ROW BEGIN
DELETE FROM`1307_db_ideaconnect`.`try` WHERE (id = 1);
END */$$


DELIMITER ;

/* Trigger structure for table `ic_funding` */

DELIMITER $$

/*!50003 DROP TRIGGER*//*!50032 IF EXISTS */ /*!50003 `insertAutoFunding` */$$

/*!50003 CREATE */ /*!50017 DEFINER = 'root'@'localhost' */ /*!50003 TRIGGER `insertAutoFunding` AFTER INSERT ON `ic_funding` FOR EACH ROW BEGIN
SET @oldValue = 0;
SET @isDelete = 0;
CALL calFundingTotal(NEW.requisite_id, NEW.value, @oldValue, @isDelete);
END */$$


DELIMITER ;

/* Trigger structure for table `ic_funding` */

DELIMITER $$

/*!50003 DROP TRIGGER*//*!50032 IF EXISTS */ /*!50003 `updateAutoFunding` */$$

/*!50003 CREATE */ /*!50017 DEFINER = 'root'@'localhost' */ /*!50003 TRIGGER `updateAutoFunding` AFTER UPDATE ON `ic_funding` FOR EACH ROW BEGIN
SET @isDelete = 0;
CALL calFundingTotal(NEW.requisite_id, NEW.value, OLD.value, @isDelete);
END */$$


DELIMITER ;

/* Trigger structure for table `ic_funding` */

DELIMITER $$

/*!50003 DROP TRIGGER*//*!50032 IF EXISTS */ /*!50003 `deleteAutoFunding` */$$

/*!50003 CREATE */ /*!50017 DEFINER = 'root'@'localhost' */ /*!50003 TRIGGER `deleteAutoFunding` AFTER DELETE ON `ic_funding` FOR EACH ROW BEGIN
SET @newValue = 0;
SET @isDelete = 1;
CALL calFundingTotal(OLD.requisite_id, @newValue, OLD.value, @isDelete);
END */$$


DELIMITER ;

/* Trigger structure for table `ic_funding_user` */

DELIMITER $$

/*!50003 DROP TRIGGER*//*!50032 IF EXISTS */ /*!50003 `insertAutoFundingUser` */$$

/*!50003 CREATE */ /*!50017 DEFINER = 'root'@'localhost' */ /*!50003 TRIGGER `insertAutoFundingUser` BEFORE INSERT ON `ic_funding_user` FOR EACH ROW BEGIN

CALL checkRequisiteStatus(NEW.requisite_id, @requisiteStatus);
INSERT INTO `1307_db_ideaconnect`.`checkval` (`check`) VALUES (@requisiteStatus);
IF (@requisiteStatus IS NOT NULL) THEN
SIGNAL SQLSTATE '02000' SET MESSAGE_TEXT = 'Kebutuhan Proyek Yang Sudah Sukses/Gagal Tak Dapat Didanai Lagi';
END IF;

CALL getUserName(NEW.sponsor_id, @sponsor_name);
CALL getInstitutionName(NEW.as_institution_id, @as_institution_name);
CALL getBankName(NEW.bank_from_id, @bank_from_name);
CALL getAccountNumber(NEW.account_to_id, @account_to_number);
SET NEW.sponsor_name = @sponsor_name;
SET NEW.as_institution_name = @as_institution_name;
SET NEW.bank_from_name = @bank_from_name;
SET NEW.account_to_number = @account_to_number;
END */$$


DELIMITER ;

/* Trigger structure for table `ic_funding_user` */

DELIMITER $$

/*!50003 DROP TRIGGER*//*!50032 IF EXISTS */ /*!50003 `updateAutoFundingUser` */$$

/*!50003 CREATE */ /*!50017 DEFINER = 'root'@'localhost' */ /*!50003 TRIGGER `updateAutoFundingUser` BEFORE UPDATE ON `ic_funding_user` FOR EACH ROW BEGIN
CALL getUserName(NEW.sponsor_id, @sponsor_name);
CALL getInstitutionName(NEW.as_institution_id, @as_institution_name);
CALL getBankName(NEW.bank_from_id, @bank_from_name);
CALL getAccountNumber(NEW.account_to_id, @account_to_number);
SET NEW.sponsor_name = @sponsor_name;
SET NEW.as_institution_name = @as_institution_name;
SET NEW.bank_from_name = @bank_from_name;
SET NEW.account_to_number = @account_to_number;

#saat transfer di-verifikasi/unverifikasi kembali
IF (NEW.is_verified = 1 AND OLD.is_verified = 0) THEN
SET @isVerified = 1;
SET NEW.verification_time = NOW();
CALL calFunded(NEW.requisite_id, NEW.value, @isVerified);
CALL setSponsoredProgress(NEW.sponsor_id);
ELSEIF (NEW.is_verified = 0 AND OLD.is_verified = 1) THEN
SET @isVerified = 0;
SET NEW.verification_time = NULL;
CALL calFunded(NEW.requisite_id, NEW.value, @isVerified);
END IF;

IF (NEW.value <> OLD.value AND OLD.is_verified = 1) THEN
SIGNAL SQLSTATE '02000' SET MESSAGE_TEXT = 'Dana Yang Telah Diverifikasi Tak Boleh Diubah';
END IF;
END */$$


DELIMITER ;

/* Trigger structure for table `ic_funding_user` */

DELIMITER $$

/*!50003 DROP TRIGGER*//*!50032 IF EXISTS */ /*!50003 `checkIsVerified` */$$

/*!50003 CREATE */ /*!50017 DEFINER = 'ecc2'@'%' */ /*!50003 TRIGGER `checkIsVerified` BEFORE DELETE ON `ic_funding_user` FOR EACH ROW BEGIN
  IF OLD.is_verified = 1 THEN
  SIGNAL SQLSTATE '02000' SET MESSAGE_TEXT = 'Pendanaan Yang Sudah Diferifikasi Tak Boleh Dihapus';
  END IF;
END */$$


DELIMITER ;

/* Trigger structure for table `ic_material` */

DELIMITER $$

/*!50003 DROP TRIGGER*//*!50032 IF EXISTS */ /*!50003 `insertAvailableWorth` */$$

/*!50003 CREATE */ /*!50017 DEFINER = 'ecc2'@'%' */ /*!50003 TRIGGER `insertAvailableWorth` AFTER INSERT ON `ic_material` FOR EACH ROW BEGIN
SET @oldValue = 0;
SET @isDelete = 0;
CALL calFundingTotal(NEW.requisite_id, NEW.worth, @oldValue, @isDelete);
END */$$


DELIMITER ;

/* Trigger structure for table `ic_material` */

DELIMITER $$

/*!50003 DROP TRIGGER*//*!50032 IF EXISTS */ /*!50003 `updateAvailableWorth` */$$

/*!50003 CREATE */ /*!50017 DEFINER = 'root'@'localhost' */ /*!50003 TRIGGER `updateAvailableWorth` BEFORE UPDATE ON `ic_material` FOR EACH ROW BEGIN
CALL calAvailableWorth(NEW.quantity,NEW.worth, NEW.available, @available_worth);
IF (@available_worth > NEW.worth) THEN
SET NEW.available_worth = NEW.worth;
ELSEIF (@available_worth <= NEW.worth) THEN
SET NEW.available_worth = @available_worth;
ELSE
SET NEW.available_worth = NULL;
END IF;
CALL calFundedMaterial(NEW.requisite_id, NEW.available_worth, OLD.available_worth);
END */$$


DELIMITER ;

/* Trigger structure for table `ic_material` */

DELIMITER $$

/*!50003 DROP TRIGGER*//*!50032 IF EXISTS */ /*!50003 `deleteAvailableWorth` */$$

/*!50003 CREATE */ /*!50017 DEFINER = 'ecc2'@'%' */ /*!50003 TRIGGER `deleteAvailableWorth` AFTER DELETE ON `ic_material` FOR EACH ROW BEGIN
SET @newValue = 0;
SET @isDelete = 1;
CALL calFundingTotal(OLD.requisite_id, @newValue, OLD.worth, @isDelete);
END */$$


DELIMITER ;

/* Trigger structure for table `ic_messege` */

DELIMITER $$

/*!50003 DROP TRIGGER*//*!50032 IF EXISTS */ /*!50003 `insertAutoValueMessege` */$$

/*!50003 CREATE */ /*!50017 DEFINER = 'root'@'localhost' */ /*!50003 TRIGGER `insertAutoValueMessege` BEFORE INSERT ON `ic_messege` FOR EACH ROW BEGIN
CALL getUserName(NEW.from_user_id, @from_user_name);
CALL getUserName(NEW.to_user_id, @to_user_name);
SET NEW.from_user_name = @from_user_name;
SET NEW.to_user_name = @to_user_name;
SET NEW.sent_time = now();
END */$$


DELIMITER ;

/* Trigger structure for table `ic_messege` */

DELIMITER $$

/*!50003 DROP TRIGGER*//*!50032 IF EXISTS */ /*!50003 `updateAutoValueMessege` */$$

/*!50003 CREATE */ /*!50017 DEFINER = 'root'@'localhost' */ /*!50003 TRIGGER `updateAutoValueMessege` BEFORE UPDATE ON `ic_messege` FOR EACH ROW BEGIN
CALL getUserName(NEW.from_user_id, @from_user_name);
CALL getUserName(NEW.to_user_id, @to_user_name);
SET NEW.from_user_name = @from_user_name;
SET NEW.to_user_name = @to_user_name;
END */$$


DELIMITER ;

/* Trigger structure for table `ic_project` */

DELIMITER $$

/*!50003 DROP TRIGGER*//*!50032 IF EXISTS */ /*!50003 `insertAutoValueProject` */$$

/*!50003 CREATE */ /*!50017 DEFINER = 'root'@'localhost' */ /*!50003 TRIGGER `insertAutoValueProject` BEFORE INSERT ON `ic_project` FOR EACH ROW BEGIN
CALL getProjectCategoryName(NEW.project_category_id, @projectCategoryName);
CALL getProjectCategoryName(NEW.project_category_inherit_id, @projectCategoryNameInherit);
CALL getActiveCharge(@isPercentage, @value);
CALL getActiveProjectTime(@projectTime);
CALL getUsername(NEW.inisiator_id, @inisiatorName);
CALL getInstitutionName(NEW.as_institution_id, @asInstitutionName);
SET NEW.project_category_name = @projectCategoryName;
SET NEW.project_category_name_inherit = @projectCategoryNameInherit;
SET NEW.charge_is_percentage = @isPercentage;
SET NEW.charge = @value;
SET NEW.project_time = @projectTime;
SET NEW.inisiator_name = @inisiatorName;
SET NEW.as_institution_name = @asInstitutionName;
SET NEW.created_time = NOW();
SET NEW.edited_time = NOW();
END */$$


DELIMITER ;

/* Trigger structure for table `ic_project` */

DELIMITER $$

/*!50003 DROP TRIGGER*//*!50032 IF EXISTS */ /*!50003 `updateAutoValueProject` */$$

/*!50003 CREATE */ /*!50017 DEFINER = 'root'@'localhost' */ /*!50003 TRIGGER `updateAutoValueProject` BEFORE UPDATE ON `ic_project` FOR EACH ROW BEGIN

-- IF (OLD.is_verified = 1) THEN
-- SIGNAL SQLSTATE '02000' SET MESSAGE_TEXT = 'Proyek Yang Sudah Diverifikasi Tak Boleh Diubah';
-- END IF;

CALL getProjectCategoryName(NEW.project_category_id, @projectCategoryName);
CALL getProjectCategoryName(NEW.project_category_inherit_id, @projectCategoryNameInherit);
CALL getUsername(NEW.inisiator_id, @inisiatorName);
CALL getInstitutionName(NEW.as_institution_id, @asInstitutionName);

SET NEW.project_category_name = @projectCategoryName;
SET NEW.project_category_name_inherit = @projectCategoryNameInherit;
SET NEW.inisiator_name = @inisiatorName;
SET NEW.as_institution_name = @asInstitutionName;

#saat verifikasi
IF ((OLD.is_verified = 0) AND (NEW.is_verified = 1)) THEN
SET NEW.verification_time = NOW();
SET NEW.is_actived = 1;
SET NEW.is_funded = NULL;
CALL startFirstRequisite(NEW.id, 1);
CALL calInitProgress(NEW.inisiator_id, 1);
END IF;

#saat verifikasi dibatalkan
#harus diperbaiki lagi dg cara dibuat constraint yang memanggil function check sudah ada pendanaan masuk ataukah belum
IF ((OLD.is_verified = 1) AND (NEW.is_verified = 0)) THEN
CALL setProjectTime(NEW.project_time, @startedTime, @endingTime);
CALL startFirstRequisite(NEW.id, 0);
SET NEW.project_started_time = NULL;
SET NEW.verification_time = NULL;
SET NEW.project_ending_time = NULL;
SET NEW.is_actived = 0;
SET NEW.is_funded = NULL;
CALL calInitProgress(NEW.inisiator_id, 0);
END IF;

END */$$


DELIMITER ;

/* Trigger structure for table `ic_project` */

DELIMITER $$

/*!50003 DROP TRIGGER*//*!50032 IF EXISTS */ /*!50003 `check_is_funded` */$$

/*!50003 CREATE */ /*!50017 DEFINER = 'ecc2'@'%' */ /*!50003 TRIGGER `check_is_funded` BEFORE DELETE ON `ic_project` FOR EACH ROW BEGIN
  IF OLD.is_funded = 1 THEN
  SIGNAL SQLSTATE '02000' SET MESSAGE_TEXT = 'Proyek Yang Sudah Berhasil Didanai Tak Boleh Dihapus';
  END IF;
END */$$


DELIMITER ;

/* Trigger structure for table `ic_project_requisite` */

DELIMITER $$

/*!50003 DROP TRIGGER*//*!50032 IF EXISTS */ /*!50003 `insertAutoProjectRequisite` */$$

/*!50003 CREATE */ /*!50017 DEFINER = 'root'@'localhost' */ /*!50003 TRIGGER `insertAutoProjectRequisite` BEFORE INSERT ON `ic_project_requisite` FOR EACH ROW BEGIN
CALL getRequisiteCounter(New.project_id, @counter_time);
CALL getActiveFundingTime(@funding_time);
SET NEW.funding_time = @funding_time;
IF (@counter_time IS NOT NULL) THEN
SET NEW.counter_time = @counter_time+1;
END IF;
END */$$


DELIMITER ;

/* Trigger structure for table `ic_project_requisite` */

DELIMITER $$

/*!50003 DROP TRIGGER*//*!50032 IF EXISTS */ /*!50003 `updateAutoProjectRequisite` */$$

/*!50003 CREATE */ /*!50017 DEFINER = 'root'@'localhost' */ /*!50003 TRIGGER `updateAutoProjectRequisite` BEFORE UPDATE ON `ic_project_requisite` FOR EACH ROW BEGIN
IF (NEW.is_approved = 1 AND OLD.is_approved = 0) THEN
SET NEW.approved_time = NOW();
SET NEW.funding_started_time = NOW();
SET @funding_time = NEW.funding_time;
SET NEW.funding_closed_time = INTERVAL NEW.funding_time MONTH + NOW();
#IF (NEW.funded >= NEW.total.value) THEN
SET NEW.is_funded = 1;
#END IF;
ELSEIF (NEW.is_approved = 0 AND OLD.is_approved = 1) THEN
SET NEW.approved_time = NULL;
SET NEW.funding_started_time = NULL;
SET NEW.funding_closed_time = NULL;
END IF;
END */$$


DELIMITER ;

/* Trigger structure for table `ic_project_requisite` */

DELIMITER $$

/*!50003 DROP TRIGGER*//*!50032 IF EXISTS */ /*!50003 `checkAnyFundingUser` */$$

/*!50003 CREATE */ /*!50017 DEFINER = 'ecc2'@'%' */ /*!50003 TRIGGER `checkAnyFundingUser` BEFORE DELETE ON `ic_project_requisite` FOR EACH ROW BEGIN
SELECT COUNT(id) INTO @total FROM ic_funding_user WHERE requisite_id = OLD.id;
IF (@total > 0) THEN
SIGNAL SQLSTATE '02000' SET MESSAGE_TEXT = 'Kebutuhan Poyek Yang Telah Memiliki Penyandang Dana Tak Boleh Dihapus';
END IF;
END */$$


DELIMITER ;

/* Trigger structure for table `ic_volunteer_user` */

DELIMITER $$

/*!50003 DROP TRIGGER*//*!50032 IF EXISTS */ /*!50003 `insertAutoVolunteerUser` */$$

/*!50003 CREATE */ /*!50017 DEFINER = 'root'@'localhost' */ /*!50003 TRIGGER `insertAutoVolunteerUser` BEFORE INSERT ON `ic_volunteer_user` FOR EACH ROW BEGIN
CALL getUserDetail(NEW.volunteer_id, @name, @contact, @email, @address, @regency, @province, @is_male);
SET NEW.volunteer_name = @name;
SET NEW.contact_number = @contact;
SET NEW.email = @email;
SET NEW.address = @address;
CALL getZoneName(@regency, @province, @regencyName, @provinceName); 
SET NEW.regency = @regencyName;
SET NEW.province = @provinceName;
SET NEW.is_male = @is_male;
SET @is_delete = 0;
CALL calVolunteer(NEW.volunteer_requirement_id, @is_delete);
END */$$


DELIMITER ;

/* Trigger structure for table `ic_volunteer_user` */

DELIMITER $$

/*!50003 DROP TRIGGER*//*!50032 IF EXISTS */ /*!50003 `updateAutoVolunteerUser` */$$

/*!50003 CREATE */ /*!50017 DEFINER = 'root'@'localhost' */ /*!50003 TRIGGER `updateAutoVolunteerUser` BEFORE UPDATE ON `ic_volunteer_user` FOR EACH ROW BEGIN
CALL getUserDetail(NEW.volunteer_id, @name, @contact, @email, @address, @regency, @province, @is_male);
SET NEW.volunteer_name = @name;
SET NEW.contact_number = @contact;
SET NEW.email = @email;
SET NEW.address = @address;
SET NEW.regency = @regency;
SET NEW.province = @province;
SET NEW.is_male = @is_male;
END */$$


DELIMITER ;

/* Trigger structure for table `ic_volunteer_user` */

DELIMITER $$

/*!50003 DROP TRIGGER*//*!50032 IF EXISTS */ /*!50003 `deleteAutoVolunteerUser` */$$

/*!50003 CREATE */ /*!50017 DEFINER = 'root'@'localhost' */ /*!50003 TRIGGER `deleteAutoVolunteerUser` BEFORE DELETE ON `ic_volunteer_user` FOR EACH ROW BEGIN
SET @is_delete = 1;
CALL calVolunteer(OLD.volunteer_requirement_id, @is_delete);
END */$$


DELIMITER ;

/* Trigger structure for table `swt_users` */

DELIMITER $$

/*!50003 DROP TRIGGER*//*!50032 IF EXISTS */ /*!50003 `delOldEngineeringStatus` */$$

/*!50003 CREATE */ /*!50017 DEFINER = 'ecc2'@'%' */ /*!50003 TRIGGER `delOldEngineeringStatus` AFTER UPDATE ON `swt_users` FOR EACH ROW BEGIN
CALL delOldEngineeringStatus(NEW.id, OLD.ugm_engineering_status_id);
END */$$


DELIMITER ;

/* Trigger structure for table `swt_users` */

DELIMITER $$

/*!50003 DROP TRIGGER*//*!50032 IF EXISTS */ /*!50003 `checkAnyInitiatedSuccessProgress` */$$

/*!50003 CREATE */ /*!50017 DEFINER = 'ecc2'@'%' */ /*!50003 TRIGGER `checkAnyInitiatedSuccessProgress` BEFORE DELETE ON `swt_users` FOR EACH ROW BEGIN
IF (OLD.project_initiated_progress > 0 OR OLD.project_initiated_success > 0) THEN
SIGNAL SQLSTATE '02000' SET MESSAGE_TEXT = 'Inisiator Yang Telah Memiliki Proyek Sukses/Sedang Berjalan Tidak Bisa Dihapus';
END IF;
END */$$


DELIMITER ;

/* Procedure structure for procedure `calAvailableWorth` */

/*!50003 DROP PROCEDURE IF EXISTS  `calAvailableWorth` */;

DELIMITER $$

/*!50003 CREATE DEFINER=`ecc2`@`%` PROCEDURE `calAvailableWorth`(IN `quantity` decimal(14,2), IN `worth` decimal(14,2),IN `available` decimal(14,2),OUT `available_worth` decimal(14,2))
BEGIN
SELECT (worth/quantity*available) INTO available_worth;
END */$$
DELIMITER ;

/* Procedure structure for procedure `calFunded` */

/*!50003 DROP PROCEDURE IF EXISTS  `calFunded` */;

DELIMITER $$

/*!50003 CREATE DEFINER=`ecc2`@`%` PROCEDURE `calFunded`(IN `requisiteId` int,IN `value` decimal(14,2),IN `isVerified` tinyint)
BEGIN
SELECT funded, total_value INTO @funded, @totalValue FROM ic_project_requisite WHERE id = requisiteId;

IF (@isVerified = 1) THEN
SELECT @funded + `Value` into @newFunded;

IF (@totalValue <= @newFunded) THEN
UPDATE ic_project_requisite SET is_funded = 1, funded = @newFunded WHERE id = requisiteId;
ELSE
UPDATE ic_project_requisite SET is_funded = 0, funded = @newFunded WHERE id = requisiteId;
END IF;

ELSEIF (isVerified = 0) THEN
SELECT @funded - `Value` into @newFunded;

IF (@totalValue <= @newFunded) THEN
UPDATE ic_project_requisite SET is_funded = 1, funded = @newFunded WHERE id = requisiteId;
ELSE
UPDATE ic_project_requisite SET is_funded = 0, funded = @newFunded WHERE id = requisiteId;
END IF;

END IF;

END */$$
DELIMITER ;

/* Procedure structure for procedure `calFundedMaterial` */

/*!50003 DROP PROCEDURE IF EXISTS  `calFundedMaterial` */;

DELIMITER $$

/*!50003 CREATE DEFINER=`ecc2`@`%` PROCEDURE `calFundedMaterial`(IN `requisiteId` int,IN `newAvailableWorth` decimal,IN `oldAvailableWorth` decimal)
BEGIN
SELECT funded, total_value INTO @funded, @totalValue FROM ic_project_requisite WHERE id = requisiteId;
SELECT @funded + `newAvailableWorth` - `oldAvailableWorth` into @newFunded;

IF (@totalValue <= @newFunded) THEN
UPDATE ic_project_requisite SET is_funded = 1, funded = @newFunded WHERE id = requisiteId;
ELSE
UPDATE ic_project_requisite SET is_funded = 0, funded = @newFunded WHERE id = requisiteId;
END IF;

END */$$
DELIMITER ;

/* Procedure structure for procedure `calFundingTotal` */

/*!50003 DROP PROCEDURE IF EXISTS  `calFundingTotal` */;

DELIMITER $$

/*!50003 CREATE DEFINER=`ecc2`@`%` PROCEDURE `calFundingTotal`(IN `requisiteId` int, IN `newValue` dec(14,2), IN `oldValue` dec(14,2), IN `isDelete` tinyint)
BEGIN
IF (@isDelete = 0) THEN
SELECT total_value INTO @totalValue FROM ic_project_requisite WHERE id = requisiteId;
UPDATE ic_project_requisite SET total_value = @totalValue + `NewValue` -  `OldValue` WHERE id = requisiteId;
ELSEIF (@isDelete = 1) THEN
SELECT total_value INTO @totalValue FROM ic_project_requisite WHERE id = requisiteId;
UPDATE ic_project_requisite SET total_value = @totalValue - `OldValue` WHERE id = requisiteId;
END IF;
END */$$
DELIMITER ;

/* Procedure structure for procedure `calInitProgress` */

/*!50003 DROP PROCEDURE IF EXISTS  `calInitProgress` */;

DELIMITER $$

/*!50003 CREATE DEFINER=`ecc2`@`%` PROCEDURE `calInitProgress`(IN `initiatorId` int, IN `isVerified` tinyint)
BEGIN
IF (isVerified = 1) THEN
	SELECT project_initiated_progress into @oldProgress FROM swt_users WHERE id = initiatorId;
	UPDATE swt_users SET project_initiated_progress = @oldProgress + 1 WHERE id = initiatorId;
ELSEIF (isVerified = 0) THEN
	SELECT project_initiated_progress into @oldProgress FROM swt_users WHERE id = initiatorId;
	UPDATE swt_users SET project_initiated_progress = @oldProgress - 1 WHERE id = initiatorId;
END IF;
END */$$
DELIMITER ;

/* Procedure structure for procedure `calVolunteer` */

/*!50003 DROP PROCEDURE IF EXISTS  `calVolunteer` */;

DELIMITER $$

/*!50003 CREATE DEFINER=`ecc2`@`%` PROCEDURE `calVolunteer`(IN `volunteerRequirementId` int, IN `isDelete` tinyint)
BEGIN
IF isDelete = 0 THEN
SELECT number_of_registered INTO @registeredNumber FROM ic_volunteer_requirement WHERE id = volunteerRequirementId;
UPDATE ic_volunteer_requirement SET number_of_registered = @registeredNumber + 1 WHERE id = volunteerRequirementId;
ELSEIF isDelete = 1 THEN
SELECT number_of_registered INTO @registeredNumber FROM ic_volunteer_requirement WHERE id = volunteerRequirementId;
UPDATE ic_volunteer_requirement SET number_of_registered = @registeredNumber - 1 WHERE id = volunteerRequirementId;
END IF;
END */$$
DELIMITER ;

/* Procedure structure for procedure `checkProjectStatus` */

/*!50003 DROP PROCEDURE IF EXISTS  `checkProjectStatus` */;

DELIMITER $$

/*!50003 CREATE DEFINER=`ecc2`@`%` PROCEDURE `checkProjectStatus`(IN `projectId` int, OUT `isSuccess` tinyint)
BEGIN
SELECT is_funded into isSuccess FROM ic_project WHERE id = projectId;
END */$$
DELIMITER ;

/* Procedure structure for procedure `checkRequisiteStatus` */

/*!50003 DROP PROCEDURE IF EXISTS  `checkRequisiteStatus` */;

DELIMITER $$

/*!50003 CREATE DEFINER=`ecc2`@`%` PROCEDURE `checkRequisiteStatus`(IN `requisiteId` int, OUT `isSuccess` tinyint)
BEGIN
SELECT is_success into isSuccess FROM ic_project_requisite WHERE id = requisiteId;
END */$$
DELIMITER ;

/* Procedure structure for procedure `cronFailedProject` */

/*!50003 DROP PROCEDURE IF EXISTS  `cronFailedProject` */;

DELIMITER $$

/*!50003 CREATE DEFINER=`ecc2`@`%` PROCEDURE `cronFailedProject`()
BEGIN
  DECLARE done BOOLEAN DEFAULT FALSE;
  DECLARE _projetId INT UNSIGNED;
  DECLARE _requisiteId INT UNSIGNED;
  DECLARE cur CURSOR FOR SELECT project_id, id FROM ic_project_requisite WHERE funding_closed_time = DATE(NOW()) - INTERVAL 1 DAY AND counter_time = 1 AND is_funded = 0 AND is_approved = 1;
  DECLARE CONTINUE HANDLER FOR NOT FOUND SET done := 1;

  OPEN cur;

  failedProjectLoop: LOOP
    FETCH cur INTO _projetId, _requisiteId;
    IF done THEN
      LEAVE failedProjectLoop;
    END IF;
		UPDATE ic_project SET is_funded = 0 WHERE id = _projetId;

    SELECT inisiator_id INTO @inisiatorId FROM ic_project WHERE id = _projetId;
    SELECT project_initiated_progress, project_initiated_failed INTO @oldProgress, @oldFailed FROM swt_users WHERE id = @inisiatorId;
		UPDATE swt_users SET project_initiated_progress = @oldProgress - 1, project_initiated_failed = @oldFailed + 1 WHERE id = @inisiatorId;

		CALL setCancelVolunteer(_requisiteId);
		CALL setSponsoredFailed(_requisiteId);
		
  END LOOP failedProjectLoop;

  CLOSE cur;
END */$$
DELIMITER ;

/* Procedure structure for procedure `cronFailedRequisite` */

/*!50003 DROP PROCEDURE IF EXISTS  `cronFailedRequisite` */;

DELIMITER $$

/*!50003 CREATE DEFINER=`ecc2`@`%` PROCEDURE `cronFailedRequisite`()
BEGIN
  DECLARE done BOOLEAN DEFAULT FALSE;
  DECLARE _projetId INT UNSIGNED;
  DECLARE _requisiteId INT UNSIGNED;
  DECLARE cur CURSOR FOR SELECT project_id, id FROM ic_project_requisite WHERE funding_closed_time = DATE(NOW()) - INTERVAL 1 DAY AND counter_time != 1 AND is_funded = 0 AND is_approved = 1;
  DECLARE CONTINUE HANDLER FOR NOT FOUND SET done := 1;

  OPEN cur;

  failedRequisiteLoop: LOOP
    FETCH cur INTO _projetId, _requisiteId;
    IF done THEN
      LEAVE failedRequisiteLoop;
    END IF;
		UPDATE ic_project_requisite SET is_success = 0 WHERE (id = _requisiteId);
		CALL setCancelVolunteer(_requisiteId);
		CALL setSponsoredFailed(_requisiteId);
		
  END LOOP failedRequisiteLoop;

  CLOSE cur;
END */$$
DELIMITER ;

/* Procedure structure for procedure `cronSuccessRequisite` */

/*!50003 DROP PROCEDURE IF EXISTS  `cronSuccessRequisite` */;

DELIMITER $$

/*!50003 CREATE DEFINER=`ecc2`@`%` PROCEDURE `cronSuccessRequisite`()
BEGIN
  DECLARE done BOOLEAN DEFAULT FALSE;
  DECLARE _projectId INT UNSIGNED;
  DECLARE _requisiteId INT UNSIGNED;
  DECLARE cur CURSOR FOR SELECT project_id, id FROM ic_project_requisite WHERE funding_closed_time = DATE(NOW()) - INTERVAL 1 DAY AND counter_time != 1 AND is_funded = 1 AND is_approved = 1;
  DECLARE CONTINUE HANDLER FOR NOT FOUND SET done := 1;

  OPEN cur;

  successProjectLoop: LOOP
    FETCH cur INTO _projectId, _requisiteId;
    IF done THEN
      LEAVE successProjectLoop;
    END IF;
		UPDATE ic_project_requisite SET is_success = 1 WHERE (id = _requisiteId);
		CALL setSponsoredSuccess(_requisiteId);

  END LOOP successProjectLoop;


  CLOSE cur;
END */$$
DELIMITER ;

/* Procedure structure for procedure `cronSucessProject` */

/*!50003 DROP PROCEDURE IF EXISTS  `cronSucessProject` */;

DELIMITER $$

/*!50003 CREATE DEFINER=`ecc2`@`%` PROCEDURE `cronSucessProject`()
BEGIN
  DECLARE done BOOLEAN DEFAULT FALSE;
  DECLARE _projectId INT UNSIGNED;
  DECLARE _requisiteId INT UNSIGNED;
  DECLARE cur CURSOR FOR SELECT project_id, id FROM ic_project_requisite WHERE funding_closed_time = DATE(NOW()) - INTERVAL 1 DAY AND counter_time = 1 AND is_funded = 1 AND is_approved = 1;
  DECLARE CONTINUE HANDLER FOR NOT FOUND SET done := 1;

  OPEN cur;

  successProjectLoop: LOOP
    FETCH cur INTO _projectId, _requisiteId;
    IF done THEN
      LEAVE successProjectLoop;
    END IF;
    SELECT project_time, inisiator_id INTO @projectTime, @inisiatorId FROM ic_project WHERE id = _projectId;
		UPDATE ic_project SET project_started_time = DATE(NOW()), project_ending_time = DATE(NOW()) + INTERVAL @projectTime MONTH, is_funded = 1 WHERE id = _projectId;
    SELECT project_initiated_progress, project_initiated_success INTO @oldProgress, @oldSuccess FROM swt_users WHERE id = @inisiatorId;
		UPDATE swt_users SET project_initiated_progress = @oldProgress - 1, project_initiated_success = @oldSuccess + 1 WHERE id = @inisiatorId;
		CALL setSponsoredSuccess(_requisiteId);

  END LOOP successProjectLoop;


  CLOSE cur;
END */$$
DELIMITER ;

/* Procedure structure for procedure `delMessegeAllHide` */

/*!50003 DROP PROCEDURE IF EXISTS  `delMessegeAllHide` */;

DELIMITER $$

/*!50003 CREATE DEFINER=`ecc2`@`%` PROCEDURE `delMessegeAllHide`()
BEGIN
DELETE FROM`1307_db_ideaconnect`.`ic_messege` WHERE (is_deleted_by_sender AND is_deleted_by_receiver = 1);
END */$$
DELIMITER ;

/* Procedure structure for procedure `delOldEngineeringStatus` */

/*!50003 DROP PROCEDURE IF EXISTS  `delOldEngineeringStatus` */;

DELIMITER $$

/*!50003 CREATE DEFINER=`ecc2`@`%` PROCEDURE `delOldEngineeringStatus`(IN `userId` int, IN `oldUgmEngineering` int)
BEGIN
	IF (oldUgmEngineering = 1) THEN
	DELETE FROM ic_ft_student WHERE member_id = userId;
	ELSEIF (oldUgmEngineering = 2) THEN
	DELETE FROM ic_ft_graduate WHERE member_id = userId;
	ELSEIF (oldUgmEngineering = 3) THEN
	DELETE FROM ic_ft_staff WHERE member_id = userId;
	END IF;
END */$$
DELIMITER ;

/* Procedure structure for procedure `getAccountNumber` */

/*!50003 DROP PROCEDURE IF EXISTS  `getAccountNumber` */;

DELIMITER $$

/*!50003 CREATE DEFINER=`ecc2`@`%` PROCEDURE `getAccountNumber`(IN `accountId` tinyint,OUT `accountNumber` varchar(255))
BEGIN
SELECT account_number into accountNumber FROM ic_funding_account WHERE id=accountId;
END */$$
DELIMITER ;

/* Procedure structure for procedure `getActiveCharge` */

/*!50003 DROP PROCEDURE IF EXISTS  `getActiveCharge` */;

DELIMITER $$

/*!50003 CREATE DEFINER=`ecc2`@`%` PROCEDURE `getActiveCharge`(OUT `isPercentage` decimal(14,2), OUT `value` decimal(14,2))
BEGIN
SELECT is_percentage, ic_project_charge.`value` INTO isPercentage, value FROM ic_project_charge WHERE is_actived  = 1;
END */$$
DELIMITER ;

/* Procedure structure for procedure `getActiveFundingTime` */

/*!50003 DROP PROCEDURE IF EXISTS  `getActiveFundingTime` */;

DELIMITER $$

/*!50003 CREATE DEFINER=`ecc2`@`%` PROCEDURE `getActiveFundingTime`(OUT `fundingTime` tinyint)
BEGIN
SELECT month_limit INTO fundingTime FROM ic_time_limit WHERE is_funding_time =  1 AND is_actived =  1 LIMIT 1;
END */$$
DELIMITER ;

/* Procedure structure for procedure `getActiveProjectTime` */

/*!50003 DROP PROCEDURE IF EXISTS  `getActiveProjectTime` */;

DELIMITER $$

/*!50003 CREATE DEFINER=`ecc2`@`%` PROCEDURE `getActiveProjectTime`(OUT `projectTime` tinyint)
BEGIN
SELECT month_limit INTO projectTime FROM ic_time_limit WHERE is_funding_time =  0 AND is_actived =  1  LIMIT 1;
END */$$
DELIMITER ;

/* Procedure structure for procedure `getBankName` */

/*!50003 DROP PROCEDURE IF EXISTS  `getBankName` */;

DELIMITER $$

/*!50003 CREATE DEFINER=`ecc2`@`%` PROCEDURE `getBankName`(IN `bankId` tinyint,OUT `bankName` varchar(255))
BEGIN
SELECT bank_name into  bankName FROM ic_bank WHERE id=bankId;
END */$$
DELIMITER ;

/* Procedure structure for procedure `getInstitutionName` */

/*!50003 DROP PROCEDURE IF EXISTS  `getInstitutionName` */;

DELIMITER $$

/*!50003 CREATE DEFINER=`ecc2`@`%` PROCEDURE `getInstitutionName`(IN `institutionId` int,OUT `institutionName` varchar(255))
BEGIN
SELECT name into  institutionName FROM ic_institution_some WHERE id=institutionId;
END */$$
DELIMITER ;

/* Procedure structure for procedure `getProjectCategoryName` */

/*!50003 DROP PROCEDURE IF EXISTS  `getProjectCategoryName` */;

DELIMITER $$

/*!50003 CREATE DEFINER=`ecc2`@`%` PROCEDURE `getProjectCategoryName`(IN `projectCategoryId` tinyint,OUT `projectCategoryName` varchar(80))
BEGIN
SELECT category_name INTO projectCategoryName FROM ic_project_category WHERE id=projectCategoryId;
END */$$
DELIMITER ;

/* Procedure structure for procedure `getRequisiteCounter` */

/*!50003 DROP PROCEDURE IF EXISTS  `getRequisiteCounter` */;

DELIMITER $$

/*!50003 CREATE DEFINER=`ecc2`@`%` PROCEDURE `getRequisiteCounter`(IN `projectId` int,OUT `counterTime` tinyint)
BEGIN
SELECT counter_time INTO counterTime FROM ic_project_requisite WHERE project_id = projectId ORDER BY counter_time DESC LIMIT 1;
END */$$
DELIMITER ;

/* Procedure structure for procedure `getUserDetail` */

/*!50003 DROP PROCEDURE IF EXISTS  `getUserDetail` */;

DELIMITER $$

/*!50003 CREATE DEFINER=`ecc2`@`%` PROCEDURE `getUserDetail`(IN `userId` int,OUT `name` varchar(80),OUT `contact` varchar(15),OUT `email` varchar(50), OUT `address` varchar(255), OUT `regency` varchar(100), OUT `province` varchar(100), OUT `isMale` tinyint)
BEGIN
	SELECT swt_users.`name`, mobile_no, swt_users.`email`, swt_users.`address`, regency_id, province_id, swt_users.`is_male` INTO name, contact, email, address, regency, province, isMale FROM swt_users WHERE id = userId;
END */$$
DELIMITER ;

/* Procedure structure for procedure `getUsername` */

/*!50003 DROP PROCEDURE IF EXISTS  `getUsername` */;

DELIMITER $$

/*!50003 CREATE DEFINER=`ecc2`@`%` PROCEDURE `getUsername`(IN `userId` int,OUT `userName` varchar(255))
BEGIN
SELECT name into userName FROM swt_users WHERE id = userId;
END */$$
DELIMITER ;

/* Procedure structure for procedure `getZoneName` */

/*!50003 DROP PROCEDURE IF EXISTS  `getZoneName` */;

DELIMITER $$

/*!50003 CREATE DEFINER=`ecc2`@`%` PROCEDURE `getZoneName`(IN `regencyId` smallint,IN `provinceId` tinyint,OUT `regencyName` varchar(100),OUT `provinceName` varchar(100))
BEGIN
SELECT a.`name` INTO regencyName FROM ic_zone_regency AS a WHERE a.`id` = regencyId;
SELECT b.`name` INTO provinceName FROM ic_zone_province AS b WHERE b.`id` = provinceId;
END */$$
DELIMITER ;

/* Procedure structure for procedure `setCancelVolunteer` */

/*!50003 DROP PROCEDURE IF EXISTS  `setCancelVolunteer` */;

DELIMITER $$

/*!50003 CREATE DEFINER=`ecc2`@`%` PROCEDURE `setCancelVolunteer`(IN `requisiteId` int)
BEGIN
  DECLARE done BOOLEAN DEFAULT FALSE;
  DECLARE _volunteerUserId INT UNSIGNED;
  DECLARE cur CURSOR FOR SELECT a.id FROM ic_volunteer_user AS a INNER JOIN ic_volunteer_requirement WHERE requisite_id = requisiteId;
  DECLARE CONTINUE HANDLER FOR NOT FOUND SET done := 1;

  OPEN cur;

  cancelVolunteerLoop: LOOP
    FETCH cur INTO _volunteerUserId;
    IF done THEN
      LEAVE cancelVolunteerLoop;
    END IF;
		UPDATE ic_volunteer_user SET had_been_canceled = 1 WHERE id = _volunteerUserId;
  END LOOP cancelVolunteerLoop;

  CLOSE cur;
END */$$
DELIMITER ;

/* Procedure structure for procedure `setProjectTime` */

/*!50003 DROP PROCEDURE IF EXISTS  `setProjectTime` */;

DELIMITER $$

/*!50003 CREATE DEFINER=`ecc2`@`%` PROCEDURE `setProjectTime`(IN `projectTime` int,OUT `startedTime` datetime,OUT `endingTime` datetime)
BEGIN
SELECT NOW(), INTERVAL projectTime MONTH + NOW() INTO startedTime, endingTime;
END */$$
DELIMITER ;

/* Procedure structure for procedure `setSponsoredFailed` */

/*!50003 DROP PROCEDURE IF EXISTS  `setSponsoredFailed` */;

DELIMITER $$

/*!50003 CREATE DEFINER=`ecc2`@`%` PROCEDURE `setSponsoredFailed`(IN `requisiteId` int)
BEGIN
  DECLARE done BOOLEAN DEFAULT FALSE;
  DECLARE _fundingUserId INT UNSIGNED;
  DECLARE cur CURSOR FOR SELECT sponsor_id FROM ic_funding_user WHERE requisite_id = requisiteId AND is_verified = 1;
  DECLARE CONTINUE HANDLER FOR NOT FOUND SET done := 1;

  OPEN cur;

  setSponsoredFailedLoop: LOOP
    FETCH cur INTO _fundingUserId;
    IF done THEN
      LEAVE setSponsoredFailedLoop;
    END IF;
		SELECT project_sponsored_progress, project_sponsored_failed INTO @sponsoredProgress, @sponsoredFailed FROM swt_users WHERE id = _fundingUserId;
		UPDATE swt_users SET project_sponsored_progress = @sponsoredProgress - 1, project_sponsored_failed = @sponsoredFailed + 1 WHERE id = _fundingUserId;
  END LOOP setSponsoredFailedLoop;

  CLOSE cur;
END */$$
DELIMITER ;

/* Procedure structure for procedure `setSponsoredProgress` */

/*!50003 DROP PROCEDURE IF EXISTS  `setSponsoredProgress` */;

DELIMITER $$

/*!50003 CREATE DEFINER=`ecc2`@`%` PROCEDURE `setSponsoredProgress`(IN `sponsorId` int)
BEGIN
SELECT project_sponsored_progress INTO @oldSponsoredProgress FROM swt_users WHERE id = sponsorId;
UPDATE swt_users SET project_sponsored_progress = @oldSponsoredProgress + 1 WHERE id = sponsorId;
END */$$
DELIMITER ;

/* Procedure structure for procedure `setSponsoredSuccess` */

/*!50003 DROP PROCEDURE IF EXISTS  `setSponsoredSuccess` */;

DELIMITER $$

/*!50003 CREATE DEFINER=`ecc2`@`%` PROCEDURE `setSponsoredSuccess`(IN `requisiteId` int)
BEGIN
  DECLARE done BOOLEAN DEFAULT FALSE;
  DECLARE _fundingUserId INT UNSIGNED;
  DECLARE cur CURSOR FOR SELECT sponsor_id FROM ic_funding_user WHERE requisite_id = requisiteId AND is_verified = 1;
  DECLARE CONTINUE HANDLER FOR NOT FOUND SET done := 1;

  OPEN cur;

  setSponsoredSuccessLoop: LOOP
    FETCH cur INTO _fundingUserId;
    IF done THEN
      LEAVE setSponsoredSuccessLoop;
    END IF;
		SELECT project_sponsored_progress, project_sponsored_success INTO @sponsoredProgress, @sponsoredSuccess FROM swt_users WHERE id = _fundingUserId;
		UPDATE swt_users SET project_sponsored_progress = @sponsoredProgress - 1, project_sponsored_success = @sponsoredSuccess + 1 WHERE id = _fundingUserId;
  END LOOP setSponsoredSuccessLoop;

  CLOSE cur;
END */$$
DELIMITER ;

/* Procedure structure for procedure `startFirstRequisite` */

/*!50003 DROP PROCEDURE IF EXISTS  `startFirstRequisite` */;

DELIMITER $$

/*!50003 CREATE DEFINER=`ecc2`@`%` PROCEDURE `startFirstRequisite`(IN `projectId` int, IN `verified` tinyint)
BEGIN
IF (verified = 1) THEN
SELECT id, funding_time INTO @fundingId, @fundingTime FROM ic_project_requisite WHERE (project_id = projectId AND counter_time = 1);
UPDATE ic_project_requisite SET is_approved = 1, funding_started_time = NOW(), funding_closed_time = INTERVAL @fundingTime MONTH + NOW() WHERE id = @fundingId;
ELSEIF (verified = 0) THEN
SELECT id INTO @fundingId FROM ic_project_requisite WHERE (project_id = projectId AND counter_time = 1);
UPDATE ic_project_requisite SET is_approved = 0, funding_started_time = NULL, funding_closed_time = NULL WHERE id = @fundingId;
END IF;
END */$$
DELIMITER ;

/*!40101 SET SQL_MODE=@OLD_SQL_MODE */;
/*!40014 SET FOREIGN_KEY_CHECKS=@OLD_FOREIGN_KEY_CHECKS */;
/*!40014 SET UNIQUE_CHECKS=@OLD_UNIQUE_CHECKS */;
/*!40111 SET SQL_NOTES=@OLD_SQL_NOTES */;
